Actual_Loss,Predicted_Loss,Residual
3302.33,3565.330164181049,-263.00016418104906
1021.53,2061.508537041372,-1039.9785370413722
580.0,4287.414948184957,-3707.414948184957
1109.79,2042.218487024331,-932.4284870243309
4325.72,3473.0759577595777,852.6440422404226
5344.24,6660.046876349309,-1315.8068763493093
1173.77,1787.0569032180504,-613.2869032180504
13018.78,11682.980118661995,1335.7998813380054
709.01,1555.138733170783,-846.1287331707831
3759.36,4393.0369718107995,-633.6769718107994
6297.38,3823.493146831911,2473.886853168089
4001.05,3914.641045298437,86.40895470156329
854.47,2021.1692641377913,-1166.6992641377913
456.22,1626.3737897828503,-1170.1537897828503
1578.7,2315.8492667981395,-737.1492667981395
2440.51,8441.10900554164,-6000.5990055416405
1488.8,2656.3758467739553,-1167.5758467739554
3066.44,3792.493286086506,-726.053286086506
1322.68,1227.488357970777,95.19164202922298
1180.88,1731.10217873085,-550.2221787308499
869.96,1750.2423093686298,-880.2823093686297
1408.94,920.9948903450161,487.945109654984
611.73,780.996478573764,-169.26647857376395
1394.83,2448.1298231735586,-1053.2998231735587
1264.52,1194.4965502321163,70.02344976788368
2159.85,2208.615892824555,-48.76589282455507
4797.96,4026.6617057615067,771.2982942384933
2803.9,2737.1249654372,66.7750345628001
3685.72,3889.5875187585407,-203.86751875854088
3172.75,2577.112458792306,595.6375412076941
3475.15,1801.5421271609512,1673.607872839049
1918.9,4142.1200234204925,-2223.2200234204925
897.15,1691.2623591878714,-794.1123591878714
634.1,902.7903412985748,-268.6903412985748
4177.88,4917.3034405063345,-739.4234405063344
1712.92,1302.7073621179263,410.21263788207375
16070.92,11884.785813849116,4186.1341861508845
4818.94,3714.1863473388385,1104.7536526611611
12269.88,9015.069467050089,3254.8105329499103
1086.1,1847.4350030211199,-761.33500302112
4786.92,3561.435933347672,1225.4840666523282
1729.6,2901.483827086622,-1171.8838270866222
1042.04,1190.6559357006377,-148.6159357006377
3944.02,4266.531554352704,-322.511554352704
2900.65,3524.332750936158,-623.6827509361578
5182.96,4576.988209007716,605.9717909922838
1223.5,2755.3436948639596,-1531.8436948639596
2293.21,1569.0162536220441,724.1937463779559
2455.79,2097.8586970657225,357.9313029342775
1674.0,2417.518609408065,-743.518609408065
1937.77,1323.5762200026766,614.1937799973234
4797.14,5586.9453912517465,-789.8053912517462
654.23,2620.3323590723294,-1966.1023590723294
4540.82,2962.09534565263,1578.7246543473698
1432.38,1544.920150532192,-112.540150532192
10748.93,10730.350486090316,18.579513909684465
2668.17,3521.4649076825535,-853.2949076825535
6558.35,5370.211481949619,1188.1385180503812
5343.54,2029.4249865682723,3314.1150134317277
1431.27,1349.884741134999,81.38525886500088
670.38,1431.7316769461547,-761.3516769461547
593.53,817.8645188893431,-224.33451888934314
2113.1,1752.1772980221717,360.9227019778282
3197.57,3935.807519935585,-738.2375199355847
3497.37,2145.788565017881,1351.581434982119
1754.68,4351.694026697471,-2597.0140266974704
1419.07,1911.76858049984,-492.6985804998401
1866.04,1597.184393832647,268.855606167353
5604.92,8020.289643968581,-2415.369643968581
6805.22,3908.212141681921,2897.0078583180793
1066.99,2140.164852348472,-1073.1748523484719
1685.93,912.6737398783802,773.2562601216199
10986.28,6211.748146390347,4774.531853609654
2226.28,1468.9577697395484,757.3222302604518
5419.24,2428.35743200039,2990.88256799961
9462.9,6637.061441391669,2825.8385586083305
2890.17,5548.217886465488,-2658.047886465488
664.26,1334.5036794801001,-670.2436794801001
1689.94,1911.0057638992994,-221.06576389929933
1017.47,3540.8087799970763,-2523.338779997076
1377.34,1183.222521819725,194.11747818027493
1259.77,2098.505875928195,-838.7358759281951
2976.58,3758.897363450637,-782.317363450637
2962.07,3239.861907474575,-277.79190747457505
3457.33,3742.7576780505356,-285.42767805053563
5611.61,3997.524575501,1614.0854244989996
3809.26,1608.7802965268372,2200.4797034731628
8565.7,1672.3604208978372,6893.339579102163
2545.21,2064.686293230919,480.52370676908095
812.94,3081.6598761842824,-2268.7198761842824
799.18,2318.5223392408398,-1519.34233924084
9544.22,9077.525965755094,466.6940342449052
301.8,1534.7552968483958,-1232.9552968483958
2487.06,1824.5254174457757,662.5345825542242
1512.42,3361.839734687288,-1849.419734687288
714.28,1406.628181555021,-692.348181555021
3380.44,2726.0818758327305,654.3581241672696
2210.24,1792.3435749626412,417.89642503735854
1523.23,3685.6043128364668,-2162.3743128364667
2507.79,3507.706689174595,-999.9166891745949
1175.72,1120.752793579902,54.96720642009814
2289.83,4282.256600289189,-1992.426600289189
2570.9,1543.8422809098054,1027.0577190901947
3490.04,3044.7414417936043,445.2985582063957
4212.29,2762.1612985617803,1450.1287014382197
3855.35,3345.608922024479,509.74107797552097
2555.31,4493.739624848616,-1938.4296248486157
1592.66,1229.8567461873631,362.80325381263697
2624.42,3391.9025104295083,-767.4825104295082
983.16,2084.318296522224,-1101.1582965222242
2085.0,2056.975057203989,28.024942796011146
3057.65,2110.661792638606,946.988207361394
3723.78,3624.820442944327,98.95955705567303
3443.61,4408.422774314613,-964.8127743146129
7041.3,2636.6793859970253,4404.620614002975
7271.73,4099.481358714726,3172.248641285273
1034.86,1417.1793893871736,-382.3193893871737
4007.07,3232.6235507816073,774.4464492183929
2023.92,1281.976193108564,741.943806891436
6391.62,2325.4863043026344,4066.1336956973655
2834.5,2390.7375503457033,443.7624496542967
794.49,990.5049729607213,-196.01497296072125
3177.39,3030.859726799942,146.53027320005776
2500.86,1802.3718962018415,698.4881037981586
1594.29,4946.459783851446,-3352.1697838514465
1837.18,2960.2034629654986,-1123.0234629654985
1260.0,2894.4706367120166,-1634.4706367120166
6030.53,5291.861480994842,738.6685190051576
3393.34,3076.4860178523923,316.8539821476079
1005.34,3266.4521678654064,-2261.1121678654063
1355.07,2883.2592278245797,-1528.1892278245798
836.28,2164.55913445444,-1328.27913445444
1453.64,1947.5181872063076,-493.87818720630753
5837.45,4360.974001265717,1476.4759987342832
2771.51,7997.915654236208,-5226.405654236208
756.92,1410.61209412977,-653.69209412977
4034.32,2686.1091934166984,1348.2108065833017
2548.51,3210.70459198251,-662.1945919825098
20272.33,6053.222135377055,14219.107864622947
4680.01,2082.9260277889725,2597.0839722110277
3550.54,3393.940052810715,156.5999471892851
846.24,5918.320309477773,-5072.080309477773
832.69,1236.7879190802437,-404.0979190802436
702.86,2002.693204988299,-1299.8332049882988
1312.78,1847.3172796541248,-534.5372796541249
1808.7,1664.5971398363677,144.10286016363239
4492.19,2326.627014119475,2165.5629858805246
893.9,2214.922540434094,-1321.022540434094
749.96,1451.8174919860971,-701.8574919860971
3426.19,5468.19756686849,-2042.00756686849
4606.64,1945.2323229591973,2661.407677040803
4123.01,1747.9649518847,2375.0450481153002
837.28,1300.766891481596,-463.4868914815961
3863.61,1949.4354357649195,1914.1745642350807
6207.03,1747.0883868954434,4459.941613104556
10399.9,4629.463678550237,5770.4363214497625
1351.1,1259.4801239920382,91.6198760079617
2740.27,2884.582782622583,-144.3127826225832
1006.9,1479.8025284404987,-472.9025284404987
783.03,1692.1824407523236,-909.1524407523236
8238.01,6968.271089513478,1269.7389104865224
1402.86,1408.975533950036,-6.115533950036024
8046.71,6730.433586403379,1316.2764135966208
2196.43,2833.837376707618,-637.4073767076184
882.76,1939.613149337834,-1056.853149337834
1023.42,1026.3091793028398,-2.889179302839807
2734.7,2218.9704627983474,515.7295372016524
809.53,1063.1698009238876,-253.6398009238876
1718.79,1768.362184973124,-49.57218497312397
681.19,1410.967951985167,-729.777951985167
5410.34,4344.434848339416,1065.9051516605841
871.66,916.1959078826811,-44.53590788268116
1387.62,1555.8514584036384,-168.2314584036385
2367.75,3021.7590136563467,-654.0090136563467
3925.09,1180.6121884722181,2744.4778115277823
508.46,1342.5334047144283,-834.0734047144283
1504.41,2053.2067357808955,-548.7967357808955
2939.9,3945.9268897127918,-1006.0268897127917
1278.76,2511.6905724492185,-1232.9305724492185
1818.86,1697.3823616262841,121.47763837371576
1779.66,2141.00157823806,-361.34157823806004
1378.47,1342.8776647328523,35.592335267147746
991.16,1213.513118557659,-222.35311855765906
1444.4,2001.9906357376753,-557.5906357376753
720.35,865.8250119924203,-145.47501199242026
1579.63,2507.6664705341877,-928.0364705341876
8891.97,8630.180732817957,261.78926718204275
1385.41,2618.85889030316,-1233.44889030316
1799.13,2185.841708527267,-386.7117085272671
6556.18,2072.2605728806225,4483.919427119377
2107.63,2073.4263341030437,34.20366589695641
6997.28,3701.7834944583547,3295.496505541645
5145.75,4469.359682600774,676.3903173992258
968.63,1371.0571010454023,-402.4271010454023
5932.08,1965.148825446421,3966.931174553579
3870.38,4445.320326970684,-574.9403269706836
2227.4,2430.5767167747467,-203.17671677474664
6403.9,7546.198802071463,-1142.2988020714638
1792.18,5560.835054478432,-3768.6550544784313
4901.53,3067.8041214482805,1833.7258785517192
1774.79,2248.364290871482,-473.57429087148194
2006.73,3402.314279977231,-1395.5842799772308
3315.63,2678.6092357014645,637.0207642985356
9677.04,4992.837208938346,4684.202791061655
4112.61,2859.803345963657,1252.8066540363425
2834.47,2026.733432724903,807.7365672750968
973.75,3262.4608574308772,-2288.7108574308772
7305.25,2814.600542804133,4490.6494571958665
5395.98,3908.954411823706,1487.0255881762937
2162.52,1606.466959255492,556.053040744508
6208.32,4263.49010424786,1944.8298957521401
9681.97,3669.9896129268973,6011.980387073102
1558.63,7333.839882639626,-5775.209882639626
5688.62,3587.4241245548724,2101.1958754451275
3400.22,3647.06320572676,-246.84320572676006
5609.2,3862.7296833990886,1746.4703166009112
625.46,756.406591708316,-130.94659170831596
2754.84,1638.9172621696944,1115.9227378303058
2135.01,1982.8742455467084,152.13575445329184
1949.7,3066.1877463295127,-1116.4877463295127
2311.84,4937.390236686612,-2625.550236686612
7250.76,8386.113624062551,-1135.3536240625508
11864.32,6042.711245646996,5821.608754353004
1574.87,2548.6476588217743,-973.7776588217744
3544.3,3659.015223379193,-114.7152233791926
2303.35,2554.207426640012,-250.8574266400119
5079.42,5429.8831543132155,-350.46315431321545
1311.11,1648.1970641836642,-337.0870641836643
691.8,1167.1229267756837,-475.32292677568375
1005.63,1175.7266385343926,-170.09663853439258
835.22,1376.9905997515466,-541.7705997515466
2070.03,3002.6124296113603,-932.5824296113601
3526.7,2964.2692665731247,562.4307334268751
8726.48,8223.317872052326,503.16212794767307
729.75,1866.22594506184,-1136.47594506184
5098.78,3874.9742974000615,1223.8057025999383
1201.11,1928.303741179335,-727.1937411793351
4561.64,6408.346050446619,-1846.706050446619
977.75,1192.487806192318,-214.73780619231798
5487.97,4911.776601199484,576.1933988005167
3057.69,1740.429430130695,1317.260569869305
2226.9,1999.7998131031607,227.10018689683943
2724.59,2235.3252001054652,489.2647998945349
1719.6,1000.755355554357,718.8446444456429
562.94,1929.022494574514,-1366.082494574514
4378.26,2443.341435363466,1934.918564636534
4358.13,3741.8940446461697,616.2359553538304
5015.92,5684.04727722155,-668.1272772215498
1708.48,1954.5595093579584,-246.0795093579584
1312.64,1227.0208793890683,85.61912061093176
2188.58,1999.1328704220775,189.4471295779224
870.01,1244.3472168102198,-374.33721681021984
1037.58,1383.157311905807,-345.57731190580716
16620.24,8729.291225621106,7890.948774378896
870.97,1538.4606735980813,-667.4906735980812
848.21,1095.1010357566045,-246.89103575660442
2102.08,3171.123463696746,-1069.0434636967461
2755.56,2732.525230335455,23.03476966454491
3830.86,1982.1301857041353,1848.7298142958648
1178.69,985.7999295721601,192.89007042784
1120.02,2236.2626157997743,-1116.2426157997743
13149.75,7685.220955273266,5464.529044726734
5635.81,6214.34050621176,-578.5305062117595
2371.75,3389.5133358560593,-1017.7633358560593
5908.98,3446.4089683475277,2462.571031652472
1336.98,2133.8148092642955,-796.8348092642955
4028.04,2345.4674156585966,1682.5725843414034
787.81,2248.457294431014,-1460.647294431014
2054.23,3049.16844516112,-994.93844516112
12777.64,6963.402126538473,5814.237873461527
1553.79,1671.8922510676603,-118.10225106766029
406.77,1312.4258924365993,-905.6558924365993
1192.58,1728.2690958973533,-535.6890958973534
2654.32,1410.6549401088696,1243.6650598911306
7531.2,7544.220166676057,-13.02016667605676
9309.04,4849.014674170445,4460.025325829556
5560.27,2145.3374041242014,3414.932595875799
1505.96,4311.676903950169,-2805.7169039501687
501.95,1691.3351579951632,-1189.3851579951631
536.56,1982.9947877427512,-1446.4347877427513
2379.01,3721.814538607751,-1342.8045386077506
733.53,1285.1139456332303,-551.5839456332303
5279.01,2646.144818396368,2632.865181603632
397.76,1218.4529556260643,-820.6929556260643
2740.52,2217.668571907874,522.8514280921258
5526.41,6485.058723580073,-958.6487235800732
6086.39,4946.910444637724,1139.4795553622762
6916.66,6422.483055298967,494.1769447010329
7898.61,4040.415355471001,3858.1946445289987
22236.37,11809.218984891742,10427.151015108257
3740.13,3813.098153049895,-72.96815304989468
1099.89,1559.431357435215,-459.5413574352149
967.7,1762.123153145036,-794.4231531450359
782.0,2331.020312634423,-1549.0203126344231
780.0,2549.7102095111613,-1769.7102095111613
3037.99,3639.4020582373346,-601.4120582373348
1251.95,2573.5721501915787,-1321.6221501915786
852.66,1701.532214420996,-848.8722144209961
2607.03,2775.688304415936,-168.65830441593562
4149.48,2708.549066033572,1440.9309339664273
4038.1,3542.333381923886,495.7666180761139
640.97,1609.7473533750992,-968.7773533750992
403.7,1108.2311899911297,-704.5311899911296
981.92,1845.5142186810874,-863.5942186810875
4372.66,4005.945607863419,366.71439213658095
1305.34,1981.1325706964835,-675.7925706964836
2083.79,1732.3621275068413,351.4278724931587
1508.93,1376.8240530878509,132.1059469121492
6129.74,6141.926620844589,-12.186620844589015
748.54,2082.2959742144403,-1333.7559742144404
518.56,3406.832454335094,-2888.272454335094
885.17,1139.9405615724768,-254.77056157247682
2522.09,1957.5298697043374,564.5601302956627
1855.29,1424.7095235047505,430.5804764952495
869.04,911.768565695659,-42.728565695659086
2931.69,1555.348457528852,1376.3415424711482
1331.4,833.8526505407796,497.5473494592205
5971.93,2656.85544351064,3315.0745564893605
4123.62,3403.5321514883267,720.0878485116732
519.58,1163.71122151718,-644.13122151718
1008.68,1024.9911049243103,-16.31110492431037
1057.64,2053.7420756376946,-996.1020756376945
1634.7,1521.8544621418039,112.84553785819617
1925.74,2861.9769376062713,-936.2369376062713
2989.5,3182.671896870934,-193.17189687093378
1301.44,1359.3271522567793,-57.887152256779245
2836.67,2871.0948327540823,-34.42483275408222
1918.96,3176.8085903112,-1257.8485903112
1121.7,2036.6616560790121,-914.9616560790121
794.28,1481.891168752428,-687.6111687524281
7965.51,6931.503298003314,1034.0067019966864
4944.61,5750.3781825408305,-805.7681825408308
2422.15,2486.5435493597483,-64.39354935974825
1063.71,3173.5357194982507,-2109.8257194982507
4293.21,2178.3986744418967,2114.8113255581034
1141.24,2237.0369143947937,-1095.7969143947937
2193.33,3674.090615061798,-1480.760615061798
1867.8,2612.506884124727,-744.7068841247271
3226.52,3452.9391116097922,-226.41911160979225
1981.67,1921.4555012858177,60.214498714182355
937.15,3178.9256280854715,-2241.7756280854715
5620.02,5375.342085603469,244.67791439653138
1212.39,1283.516530146184,-71.126530146184
1373.23,4530.085618144302,-3156.8556181443023
3409.99,3024.856346766737,385.133653233263
2547.22,3281.6471117646297,-734.4271117646299
691.21,1355.1984824789934,-663.9884824789933
491.03,1758.7243793144025,-1267.6943793144026
4402.48,6668.2373381017405,-2265.757338101741
2107.95,1344.0078154263272,763.9421845736726
2148.11,4416.793288269836,-2268.683288269836
975.59,927.353931238956,48.236068761044066
851.6,1398.979319303215,-547.3793193032151
7972.02,6623.890246620327,1348.1297533796733
3970.56,2674.0366597070115,1296.5233402929885
1478.8,4654.287914266948,-3175.487914266948
3058.93,1992.8874962148768,1066.042503785123
617.42,732.236463788264,-114.81646378826406
795.78,2179.1787425936,-1383.3987425936
1351.66,1499.5489613794266,-147.88896137942652
616.07,952.077269815049,-336.00726981504897
1139.03,4100.392990725026,-2961.362990725026
2794.45,3905.045093307462,-1110.5950933074623
1535.5,938.1423251119852,597.3576748880148
4189.96,2870.637414049142,1319.322585950858
5588.52,3998.975790208416,1589.5442097915843
980.21,1197.8488183818392,-217.6388183818392
2427.97,3227.3822786941337,-799.4122786941339
2028.21,1186.0653300001036,842.1446699998965
9045.74,6492.37964903034,2553.3603509696595
893.93,2392.831489764659,-1498.9014897646593
920.17,1383.0407807204551,-462.8707807204552
2240.73,3715.5168513383665,-1474.7868513383664
2285.55,1386.478944694638,899.0710553053623
1829.42,1515.2138753999066,314.2061246000935
7996.31,4684.106530970118,3312.2034690298824
6861.94,3499.7531961618524,3362.186803838147
2481.78,1571.330195472639,910.4498045273613
7274.57,7891.850427651753,-617.2804276517536
1140.54,1591.553144665742,-451.01314466574195
1754.59,1441.3360861805922,313.25391381940767
2804.29,1393.403928022753,1410.886071977247
862.37,1196.5909054883853,-334.22090548838526
466.67,1028.5577802909436,-561.8877802909435
3014.27,1640.610356971373,1373.659643028627
846.12,2176.229759926071,-1330.109759926071
8581.98,4359.960141814998,4222.019858185002
2098.34,2881.5927865566955,-783.2527865566954
2477.55,2343.073855897694,134.47614410230608
6776.9,4580.2282620155065,2196.671737984493
2305.14,1318.7254402764797,986.4145597235201
976.38,2717.2936848395284,-1740.9136848395283
21187.55,15577.988056310955,5609.561943689045
2702.01,2424.425606527581,277.5843934724194
2237.88,4874.472207677869,-2636.592207677869
1176.93,1756.5625715294314,-579.6325715294313
2138.6,2614.2947700274494,-475.6947700274495
1587.52,2194.092080935491,-606.5720809354912
13373.98,5286.252920632645,8087.727079367354
1730.46,2286.5707808281413,-556.1107808281413
2311.33,1237.2788563958818,1074.0511436041181
4965.18,3010.911057853758,1954.2689421462424
675.25,1815.909083718036,-1140.659083718036
3527.82,4689.28182016259,-1161.4618201625894
2391.06,1756.1602952749517,634.8997047250482
907.7,1329.4858522120298,-421.7858522120298
1624.9,2781.475231917846,-1156.575231917846
3256.1,2031.5497037226073,1224.5502962773926
942.36,2954.6310435315663,-2012.2710435315662
1470.86,2470.7693143624488,-999.9093143624489
2423.74,1950.255239736361,473.4847602636387
1200.33,1362.9533884064595,-162.62338840645953
1882.4,2465.0989481113174,-582.6989481113173
1245.6,2081.077579118048,-835.4775791180482
1810.25,1577.7413686456819,232.50863135431814
4030.03,5091.273252289772,-1061.243252289772
5951.49,4082.934892829471,1868.5551071705286
13308.04,6758.821794288815,6549.218205711186
3433.0,1077.7974454447656,2355.202554555234
1850.27,2697.2103026377345,-846.9403026377345
996.11,1253.1212053190245,-257.0112053190245
3146.94,3095.906315610413,51.03368438958705
1077.33,1251.961122872795,-174.631122872795
1996.0,1968.7423180606281,27.257681939371878
1007.74,1451.351275693454,-443.611275693454
7733.38,5184.054063449469,2549.325936550531
1506.2,1734.7311440989765,-228.53114409897648
7882.59,4977.992211534484,2904.597788465516
3058.96,1709.21463798551,1349.74536201449
1028.56,1062.645070241813,-34.08507024181313
1273.51,2698.9447432639668,-1425.4347432639668
3880.89,2818.8518182826283,1062.0381817173716
2345.48,2470.6252619560382,-125.14526195603821
1296.38,1589.3271150422036,-292.94711504220345
1630.16,1218.7880377856688,411.37196221433123
13699.44,7929.061180857232,5770.378819142768
5494.96,10415.032684519272,-4920.072684519272
759.36,989.8388192804556,-230.47881928045558
1420.4,1680.499488927262,-260.099488927262
474.87,1161.1532293930218,-686.2832293930218
1115.16,2781.253665537716,-1666.093665537716
1152.66,2717.796584952781,-1565.1365849527808
3252.31,4843.363190206203,-1591.0531902062035
6624.18,3383.3421002450577,3240.8378997549426
2257.33,2033.5736620599334,223.7563379400665
794.62,2464.7859425457937,-1670.1659425457938
3098.37,1376.9772681038817,1721.3927318961182
579.53,1600.241971164018,-1020.711971164018
2033.28,1936.48018211737,96.7998178826299
1088.76,2427.563251430329,-1338.8032514303288
3715.73,1569.9524533577999,2145.7775466422
1261.49,814.9970193573558,446.49298064264417
2121.9,2470.637158771101,-348.7371587711009
1794.33,1571.6850683221812,222.6449316778187
772.4,3468.565441157626,-2696.165441157626
920.99,1275.096218139654,-354.10621813965395
18872.81,8704.375617040349,10168.434382959653
1837.54,1920.6058293775106,-83.06582937751068
2687.06,1486.3414039488523,1200.7185960511476
8693.34,2028.8404823306992,6664.499517669301
538.13,1077.6392767247055,-539.5092767247055
2073.88,2586.917717914045,-513.0377179140451
1848.8,1334.1515889087773,514.6484110912227
720.84,1518.4458180758536,-797.6058180758536
1188.58,2600.551932715326,-1411.9719327153261
756.66,1069.6160079428248,-312.95600794282484
953.05,2159.444460420022,-1206.3944604200221
14876.8,4134.7074329756615,10742.092567024338
828.37,2611.6010946823944,-1783.2310946823945
18692.45,10303.571342139587,8388.878657860414
1432.95,1324.5188270715312,108.43117292846887
3396.04,2375.315869836166,1020.7241301638342
1223.61,1586.0349161161478,-362.42491611614787
2886.99,3336.7852465172787,-449.7952465172789
4883.47,4768.101664800565,115.36833519943502
7097.48,5513.722753854783,1583.7572461452164
1117.53,1023.8001861498715,93.7298138501285
503.71,1658.1824767573778,-1154.4724767573778
759.42,1500.9672220068655,-741.5472220068656
5476.25,5523.367298876387,-47.117298876387395
1702.93,3276.937519301682,-1574.0075193016821
1304.95,967.3524514576335,337.59754854236655
4778.08,5303.441583183993,-525.3615831839934
2263.98,2740.9829478883235,-477.00294788832343
522.05,1325.589326392612,-803.5393263926121
6205.33,7122.5304269242615,-917.2004269242616
882.76,3508.7224288862813,-2625.9624288862815
1311.22,2316.5748821006046,-1005.3548821006045
3935.99,2429.292220963744,1506.6977790362557
785.74,1669.911453906381,-884.171453906381
4433.67,5388.667388301144,-954.9973883011435
1093.51,4032.597068547201,-2939.087068547201
2732.99,1972.3781644115077,760.6118355884921
2591.16,1840.1811691558187,750.9788308441812
1170.35,1931.1896771801394,-760.8396771801395
346.0,1072.456036447828,-726.456036447828
1101.57,1764.9529313842374,-663.3829313842375
2785.54,1060.8305101355677,1724.7094898644323
2394.5,2474.308183337868,-79.80818333786783
2449.99,2390.9885455643553,59.00145443564452
1910.41,2756.625836407537,-846.2158364075369
2450.52,2798.426773339268,-347.90677333926806
650.46,1539.4777166608394,-889.0177166608394
16746.24,7461.726607990576,9284.513392009427
632.88,1439.2893684799717,-806.4093684799717
834.2,1285.8187509141628,-451.6187509141628
2475.08,2609.9918879394263,-134.91188793942638
2765.79,2226.1143389105378,539.6756610894622
1703.92,2078.6054028720205,-374.6854028720204
2693.94,2973.1521049534977,-279.2121049534976
713.9,1624.2788089745954,-910.3788089745955
2916.29,2430.8496101681376,485.4403898318624
1648.74,2939.213533076855,-1290.4735330768551
4441.59,1404.4882467272685,3037.101753272732
4523.64,3513.493584380292,1010.1464156197085
2991.22,4372.84627199118,-1381.6262719911806
1732.58,1890.7618825618215,-158.18188256182157
2246.68,3286.072060234688,-1039.392060234688
1280.83,3403.6370669105786,-2122.8070669105787
2118.67,1599.9112443557046,518.7587556442954
1644.75,3290.36715525966,-1645.6171552596602
2129.62,2002.416146794348,127.20385320565197
14638.48,4236.1987275150495,10402.28127248495
13254.86,7922.295319744957,5332.564680255044
2799.62,2944.630411588581,-145.01041158858106
894.86,1911.5863204104007,-1016.7263204104007
1475.49,1155.295330277931,320.19466972206897
722.65,2634.3297808133752,-1911.6797808133751
1619.81,2593.972940239435,-974.1629402394351
656.02,959.129054350607,-303.10905435060704
1681.95,2422.0193697003256,-740.0693697003255
61.69,1324.5890446696021,-1262.899044669602
1960.22,4337.8613099355625,-2377.6413099355623
2460.56,2741.245166291003,-280.68516629100304
2823.2,3014.2265411327403,-191.02654113274048
2407.97,2981.3212135006056,-573.3512135006058
1643.73,1981.7380934743192,-338.00809347431914
5572.25,4907.194752540344,665.0552474596561
2996.63,1862.043792955545,1134.586207044455
2153.51,1868.1456616840424,285.36433831595787
379.3,1226.0171142696631,-846.7171142696632
1787.25,1290.8186281461985,496.43137185380147
5438.23,2908.191403937312,2530.0385960626877
6062.07,2855.650904517045,3206.4190954829546
1905.53,2780.5876064047625,-875.0576064047625
1206.4,3702.1857004218764,-2495.7857004218763
3084.69,2994.310196933298,90.37980306670215
13641.64,11640.654044776395,2000.9859552236048
2037.47,5803.77177951692,-3766.30177951692
831.02,1246.7764382967177,-415.75643829671776
3906.28,5110.0578035914805,-1203.7778035914803
2237.16,4579.73242845603,-2342.57242845603
19074.9,9821.022381282022,9253.87761871798
2074.54,3853.279007944869,-1778.7390079448692
2687.0,3487.144596660414,-800.1445966604142
1054.2,2393.2371684833543,-1339.0371684833542
5684.75,3285.8095784556963,2398.9404215443037
675.71,1522.8882840725219,-847.1782840725218
746.38,1668.0540997314708,-921.6740997314708
7673.54,6057.965322877569,1615.5746771224312
580.0,6236.378602332931,-5656.378602332931
3433.65,2135.3773693256085,1298.2726306743916
3551.87,2840.7193623725243,711.1506376274756
3203.05,3461.7203110201617,-258.67031102016153
2535.1,1206.7491362054845,1328.3508637945154
3563.42,2548.233125326369,1015.1868746736309
2112.15,1421.4302082898096,690.7197917101905
790.61,1084.1716078077905,-293.56160780779044
1870.57,1534.7489539207193,335.8210460792807
997.03,1042.6240876911588,-45.59408769115885
637.88,725.5997706345958,-87.71977063459576
2924.23,2571.3769669259955,352.85303307400454
2758.31,3133.75151530589,-375.4415153058899
1869.28,1275.5142581809662,593.7657418190338
1183.35,1905.0637370118773,-721.7137370118774
524.4,724.880365824341,-200.480365824341
1423.79,5165.679223914579,-3741.889223914579
5373.44,2569.9347101878084,2803.505289812191
1737.08,1163.5581803190114,573.5218196809885
1186.91,2964.7993248954135,-1777.8893248954134
3190.59,1623.9747390675916,1566.6152609324085
1130.55,8813.481188328346,-7682.931188328345
5299.36,5700.5843230885175,-401.22432308851785
2110.1,2025.9174232397368,84.18257676026315
1127.67,1635.6690558531852,-507.99905585318515
692.77,1235.6677824480062,-542.8977824480062
755.98,2251.4235712243467,-1495.4435712243467
3501.36,2739.033138602448,762.326861397552
2648.17,2298.928180454667,349.2418195453329
5310.63,4964.932718509458,345.6972814905421
621.58,1726.7831841339807,-1105.2031841339808
4209.97,4329.383204695262,-119.41320469526181
9455.38,7099.543435408694,2355.8365645913054
1832.96,1982.6331099349227,-149.67310993492265
645.39,1323.6154220509163,-678.2254220509163
2508.16,2465.7864039717847,42.37359602821516
3390.79,2494.56978619049,896.2202138095099
1322.55,1454.567461785179,-132.01746178517897
1313.37,1763.0711695865136,-449.70116958651374
4200.32,1495.5940933512695,2704.7259066487304
2345.71,2592.8695560308643,-247.15955603086422
5850.07,8743.440619042254,-2893.3706190422545
494.76,1159.2774792092796,-664.5174792092796
3712.0,4598.068387294192,-886.0683872941918
3789.54,3813.0771299205144,-23.537129920514417
1976.3,2273.293231069845,-296.99323106984525
978.12,2669.419138854167,-1691.2991388541673
5506.36,3424.153716084535,2082.2062839154646
3371.98,3342.838887192119,29.1411128078812
2717.83,2127.556195403495,590.2738045965048
2445.87,3967.7156032866114,-1521.8456032866115
2109.06,5167.356773784955,-3058.2967737849553
865.86,1920.215715731003,-1054.3557157310029
2046.43,2382.2572357205277,-335.8272357205276
1404.22,1275.4748572018264,128.74514279817367
815.65,2587.152869825739,-1771.5028698257388
2665.56,1753.2343037965531,912.3256962034468
5017.61,4928.859042713996,88.75095728600354
9791.72,3758.812301247494,6032.907698752506
3269.97,6894.865287905715,-3624.8952879057156
1364.94,1602.5090588482713,-237.5690588482712
240.92,933.1149902253813,-692.1949902253814
1807.41,2986.388783438883,-1178.9787834388828
10753.08,5058.012573404329,5695.067426595671
3241.84,2824.785570406777,417.0544295932232
2002.63,1828.5277085374141,174.10229146258598
4539.75,3294.621072761109,1245.1289272388908
1655.57,2525.1529381237765,-869.5829381237766
3095.22,1369.017032797798,1726.2029672022018
8709.84,5877.188093981264,2832.6519060187366
586.61,1396.0690005243569,-809.4590005243568
2559.34,3503.927046483862,-944.5870464838617
988.8,2061.798621140711,-1072.998621140711
786.79,1507.3249337132884,-720.5349337132884
995.7,1324.0970746731625,-328.3970746731625
1605.36,1851.9302531183996,-246.5702531183997
1414.23,2323.0613222232055,-908.8313222232055
4761.48,2101.8745224105414,2659.605477589458
1609.97,1763.426398087913,-153.45639808791293
2226.4,4298.393141536486,-2071.993141536486
1172.57,1390.6817139558518,-218.11171395585188
2099.21,2886.668787382081,-787.458787382081
641.23,1580.7643655381735,-939.5343655381735
7443.95,5437.095668057636,2006.8543319423634
4888.64,2507.581381856817,2381.058618143183
7099.56,1806.318810886562,5293.241189113438
2621.72,2460.8508270704347,160.86917292956514
636.18,994.6565566822351,-358.4765566822351
5262.92,2743.122852799559,2519.797147200441
4333.97,2151.2273558445813,2182.742644155419
3764.17,7064.701567455971,-3300.5315674559706
2500.67,3591.8572425989437,-1091.1872425989436
703.69,2353.4510411939154,-1649.7610411939154
706.19,1787.368933165373,-1081.1789331653729
697.06,934.2201733299888,-237.16017332998888
1806.57,2697.968961168422,-891.3989611684221
1790.88,8679.494954982165,-6888.614954982165
1075.69,1314.903703818704,-239.21370381870383
16963.78,7935.39905890481,9028.380941095189
2616.22,1889.7558493451718,726.464150654828
2506.48,3330.3395998020524,-823.8595998020523
1030.28,2059.3058535377286,-1029.0258535377286
4088.35,4817.216611554321,-728.8666115543215
12063.43,3823.883058394682,8239.546941605318
2275.82,1362.8525689476382,912.9674310523619
3201.57,1961.8245686545729,1239.7454313454273
2679.19,5190.292011495468,-2511.1020114954677
1279.87,2162.9871059726306,-883.1171059726307
3005.48,1352.6732666784583,1652.8067333215417
1855.85,1877.2033106475278,-21.353310647527906
4541.99,4060.541393008786,481.44860699121364
10354.08,10431.007633964276,-76.92763396427654
15497.77,11247.814773876564,4249.955226123437
11880.64,7830.500309532827,4050.139690467173
6274.85,3173.0926360568023,3101.757363943198
1151.72,4312.426322104788,-3160.7063221047874
1215.66,1885.1184410368999,-669.4584410368998
1210.02,2817.5036318416264,-1607.4836318416264
6288.71,5053.358664823655,1235.351335176345
2767.65,1978.704025281757,788.9459747182432
3797.6,3644.2789950657507,153.32100493424923
1726.17,2157.572742164773,-431.4027421647729
2354.93,2347.689966320302,7.240033679697717
2932.51,2662.141244215546,270.36875578445415
800.72,1374.6221744978275,-573.9021744978274
4745.23,4903.916227845997,-158.68622784599756
2547.55,3168.79034337455,-621.2403433745499
1222.67,1790.4272444594942,-567.7572444594941
559.53,1594.1773615184068,-1034.6473615184068
1006.74,1645.3972521923652,-638.6572521923651
6115.34,3250.5263547788704,2864.8136452211297
2303.23,2216.8705140508505,86.35948594914953
6439.23,6009.98821362715,429.2417863728497
3581.87,2172.859486489193,1409.010513510807
4079.03,4239.443691278748,-160.4136912787476
1788.95,1290.7289901973058,498.2210098026942
1949.19,1817.315494966266,131.87450503373407
6547.51,4823.805688685716,1723.7043113142845
3452.27,2507.8794846274527,944.3905153725473
9457.29,5821.740053293522,3635.549946706479
1227.39,1789.5460111584941,-562.156011158494
3684.2,3904.039172329931,-219.839172329931
738.07,834.3090938572923,-96.23909385729223
4666.49,2634.229699962394,2032.2603000376057
2315.76,2330.583189657025,-14.823189657024614
3472.76,1836.2261547791516,1636.5338452208487
2464.13,2601.419817895032,-137.28981789503177
7449.36,1988.4151461078309,5460.944853892169
2584.09,1866.3506858278324,717.7393141721677
1606.12,2396.3811639888913,-790.2611639888914
2084.79,2539.016827186647,-454.2268271866469
688.1,758.5240524272057,-70.42405242720565
1613.38,3556.378295150137,-1942.998295150137
6597.34,6665.2691586039755,-67.92915860397534
2023.76,2869.4487740189707,-845.6887740189707
2260.9,2840.93452434241,-580.0345243424099
1126.42,2211.2315947358425,-1084.8115947358424
2032.96,2125.3542651380244,-92.39426513802437
2257.47,3518.2099839335615,-1260.7399839335617
3173.92,2254.625423976666,919.2945760233342
1067.43,3268.502655214345,-2201.072655214345
1399.09,1707.4496506263065,-308.3596506263066
8144.97,6706.767848553065,1438.2021514469352
979.41,1752.579633758295,-773.1696337582949
1285.26,1692.095091478564,-406.835091478564
2820.11,2285.2644645930386,534.8455354069615
700.33,1067.3856639124651,-367.0556639124651
739.28,1728.8101530182873,-989.5301530182874
1377.46,1788.3825869542425,-410.92258695424243
854.27,934.8436571628994,-80.5736571628994
1335.12,2626.429219145493,-1291.309219145493
4019.18,3921.6077901550548,97.57220984494506
3134.57,2334.0330874781584,800.5369125218417
959.56,1224.6711439716494,-265.1111439716494
1281.95,1471.987221931895,-190.03722193189492
1963.97,3508.0131215783967,-1544.0431215783967
1429.08,1254.1900033343356,174.88999666566428
4168.42,2087.597990236642,2080.822009763358
528.09,1382.2426143744606,-854.1526143744605
3806.91,3107.1624094598096,699.7475905401902
2200.49,1853.6586221502516,346.83137784974815
1833.88,2961.059883367637,-1127.179883367637
971.11,804.1141355272649,166.9958644727351
1677.77,4607.91100848428,-2930.1410084842796
1465.56,1908.149700514617,-442.5897005146171
2022.51,1675.9467665311806,346.56323346881936
1516.59,1051.904568551938,464.685431448062
3511.68,3575.2835027741594,-63.60350277415955
1070.63,2845.4963961537323,-1774.8663961537322
6098.16,8623.973229469473,-2525.8132294694733
3740.85,2760.392361044057,980.4576389559429
2243.63,3533.5602627874587,-1289.9302627874586
7632.18,4454.660304302134,3177.519695697866
3183.1,2695.276415781378,487.8235842186218
7188.44,6102.043296979471,1086.3967030205285
338.01,1218.0331666163893,-880.0231666163893
2206.56,1346.345413622445,860.214586377555
1752.57,4073.097801068453,-2320.5278010684533
663.18,1505.0267105458297,-841.8467105458298
5496.71,2474.3881619395934,3022.3218380604067
6285.76,6334.696356301509,-48.93635630150857
608.31,929.6234240208089,-321.31342402080895
1865.32,2332.0693801184684,-466.7493801184685
1073.77,3350.7917271940337,-2277.0217271940337
815.77,1027.4061555089338,-211.63615550893383
1440.76,2274.9967960765443,-834.2367960765444
946.97,1780.9407857720855,-833.9707857720855
4511.23,3755.9697688173046,755.260231182695
1223.18,3161.2505074512187,-1938.0705074512186
1357.84,3954.3006963172666,-2596.4606963172664
1693.04,3605.1973802250645,-1912.1573802250646
973.22,1943.6589425360962,-970.4389425360962
2603.24,2459.478864869125,143.76113513087466
2558.33,915.2225349000444,1643.1074650999556
1532.14,2080.8751447173945,-548.7351447173944
5665.32,5073.318954422169,592.0010455778311
627.68,1096.848099598164,-469.1680995981641
1223.14,1859.697218998938,-636.557218998938
1815.59,1974.9022633195748,-159.31226331957487
3663.22,4132.8094042595485,-469.5894042595487
2377.96,1419.0582236240678,958.9017763759323
1545.35,3055.4117369631613,-1510.0617369631614
2403.47,1629.4615241976192,774.0084758023806
736.22,1800.875584060649,-1064.655584060649
1342.3,2679.3108197022484,-1337.0108197022485
1314.51,1373.463334169068,-58.95333416906806
1873.63,2647.1649362980716,-773.5349362980714
2886.1,2777.85709853316,108.24290146684007
3356.0,4162.200859733136,-806.200859733136
1627.78,1489.6330580693245,138.14694193067544
3994.18,3190.5289851058483,803.6510148941516
901.54,1386.2738023724557,-484.7338023724558
9161.49,3455.305028905633,5706.184971094366
2804.02,2724.6687245917383,79.3512754082617
3644.75,3605.4443084154404,39.305691584559554
1763.93,1357.430912030542,406.49908796945806
5278.35,3546.3142481605782,1732.0357518394221
1875.48,1709.7650952920103,165.71490470798972
6670.57,5182.431540159401,1488.1384598405984
3416.69,1535.5195189015121,1881.170481098488
2370.0,2009.7062729345464,360.2937270654536
3782.99,2696.4456208483184,1086.5443791516814
7306.66,3699.616454726284,3607.043545273716
16365.89,16129.311893351673,236.57810664832687
5621.93,5326.945217141984,294.98478285801593
2403.82,2983.5224943191092,-579.7024943191091
2720.22,2364.1825221074887,356.0374778925111
2877.53,1813.5790508441873,1063.9509491558129
928.2,3613.026286037481,-2684.8262860374807
1893.19,3159.602738506704,-1266.412738506704
1873.79,2059.993588982622,-186.20358898262202
1097.82,1347.7035459190708,-249.8835459190709
1074.33,8127.3806738215,-7053.0506738215
2682.87,2791.073763141943,-108.203763141943
1859.2,1009.8406657588515,849.3593342411485
757.78,1444.847671757998,-687.0676717579979
1208.29,1980.371176598268,-772.081176598268
449.17,1157.9104449933443,-708.7404449933442
1625.95,975.0694254605071,650.880574539493
1555.73,1943.5833375346895,-387.85333753468944
4094.13,3428.673869289431,665.4561307105691
439.8,2253.6129560286104,-1813.8129560286104
3683.99,4186.298397334716,-502.3083973347166
7168.88,2812.1855249716223,4356.694475028378
908.72,1564.8859649122226,-656.1659649122225
2025.46,2596.6378238741145,-571.1778238741144
946.48,1532.854802059088,-586.3748020590879
1228.39,2007.0126626211693,-778.6226626211692
3502.67,3928.883938974419,-426.21393897441885
997.1,3178.1067407045784,-2181.0067407045785
3512.56,2279.6045783003083,1232.9554216996917
4222.29,5707.798794411596,-1485.5087944115958
512.65,1322.28644297127,-809.63644297127
721.8,1405.1090830303403,-683.3090830303404
2292.57,2314.8185157493945,-22.2485157493943
1635.68,1800.5436183162694,-164.86361831626937
5882.17,5366.381033532266,515.7889664677341
950.74,1225.2256483731771,-274.4856483731771
1517.0,2029.6014296693022,-512.6014296693022
2184.45,2324.0146856424863,-139.56468564248644
1241.72,2574.670252766191,-1332.950252766191
1139.52,2065.8953912759744,-926.3753912759744
497.58,1717.2915055313595,-1219.7115055313595
4068.75,3991.0243616508615,77.72563834913853
1300.74,1906.3271004099709,-605.5871004099708
4144.67,3447.4763291988093,697.1936708011908
3595.17,1781.5931779849625,1813.5768220150376
1176.75,2077.567637677172,-900.8176376771721
1227.01,1318.5026995557073,-91.4926995557073
2408.93,5299.220037859099,-2890.290037859099
2580.08,4864.56246327846,-2284.4824632784603
1872.23,2763.355396903513,-891.1253969035129
9214.65,2915.067478433882,6299.582521566117
4710.53,2681.339211726061,2029.1907882739388
2366.25,2020.9513993299975,345.29860067000254
1031.74,1123.0257768201427,-91.2857768201427
3939.57,3783.560012398217,156.009987601783
4907.18,4895.086317079724,12.093682920276478
3386.85,3209.053004917499,177.79699508250087
2543.38,1409.3228688919003,1134.0571311080998
2320.34,1933.1111744521834,387.22882554781677
1622.14,1214.2053158503616,407.93468414963854
5608.07,2781.868964775144,2826.201035224856
792.12,2239.9698242006807,-1447.8498242006808
1307.65,1526.0696656872797,-218.41966568727958
1421.86,1874.438529969942,-452.5785299699421
2385.6,2117.348201907913,268.25179809208703
2624.95,5042.993357393536,-2418.043357393536
4122.22,2064.3169392717746,2057.9030607282257
819.18,949.3990324993549,-130.21903249935497
1430.5,1231.4969938377922,199.00300616220784
2282.7,3468.5777307344515,-1185.8777307344517
3175.15,4731.950112783058,-1556.800112783058
1868.15,1455.4477481983324,412.70225180166767
1184.74,1775.180115164233,-590.440115164233
1016.91,1741.0629771450283,-724.1529771450283
9232.26,6296.73252791886,2935.5274720811403
1755.18,2867.8191558367585,-1112.6391558367584
1895.28,2744.3512287805183,-849.0712287805184
1973.14,1173.7131802561569,799.4268197438432
1204.44,1784.7743496823985,-580.3343496823984
4947.8,3371.5540461369746,1576.2459538630255
9833.63,8622.211485145717,1211.418514854282
1576.35,2259.1687173607615,-682.8187173607616
917.11,1096.0082065341137,-178.89820653411368
5323.57,1611.6571421338458,3711.912857866154
3012.75,3648.6252198772654,-635.8752198772654
1245.24,2185.8189714400364,-940.5789714400364
940.77,1407.986044117132,-467.216044117132
2235.04,3698.846637392043,-1463.8066373920428
1880.46,1811.0703272591918,69.38967274080824
2239.66,1330.4307569067548,909.229243093245
593.21,1026.174600147983,-432.964600147983
4345.06,4768.516636799621,-423.45663679962036
4488.89,2189.0437047076766,2299.8462952923237
570.6,1489.3798096370383,-918.7798096370383
2386.97,3183.6330560239535,-796.6630560239537
1754.19,2315.690260209115,-561.5002602091149
7495.76,4134.925746751572,3360.8342532484285
2407.27,2992.5410370716077,-585.2710370716077
3025.06,3765.7106824775515,-740.6506824775515
1816.72,2053.2906146132727,-236.5706146132727
1540.08,1500.6125637652506,39.46743623474936
1255.24,1604.2920837722106,-349.0520837722106
1239.32,1861.5097067719894,-622.1897067719894
2572.81,3594.3113662390724,-1021.5013662390725
613.32,1148.7774075330608,-535.4574075330607
1647.78,4434.016633334697,-2786.236633334697
8110.23,2487.3676229439498,5622.86237705605
2856.69,1330.7253088553703,1525.9646911446298
8890.35,8988.508663279134,-98.15866327913318
4156.14,2609.7399032592693,1546.400096740731
5969.42,4754.81428750138,1214.60571249862
15034.19,10272.831646730341,4761.358353269659
5545.51,1723.510928119004,3821.9990718809963
1849.41,2648.9644270328304,-799.5544270328303
1105.45,1574.5279318389355,-469.07793183893546
6517.32,9559.72873893291,-3042.4087389329106
3570.11,3026.1625507769086,543.9474492230916
1629.95,1094.0784299028842,535.8715700971159
904.3,802.0439176269318,102.25608237306812
912.98,1826.150778828078,-913.170778828078
2749.96,2080.133960127397,669.8260398726029
2456.45,3770.6120845648834,-1314.1620845648836
778.37,1667.5014354834775,-889.1314354834775
1505.1,1197.2991943912257,307.8008056087742
3285.81,3293.8165390950717,-8.00653909507173
9639.67,4729.425740750291,4910.244259249709
1003.35,1297.358540325753,-294.00854032575296
1795.89,1972.0110464882457,-176.1210464882456
895.51,1237.7669025727878,-342.2569025727878
2301.94,3767.621373187906,-1465.681373187906
22109.16,12682.101495427314,9427.058504572686
952.83,1118.9922875261109,-166.16228752611084
916.25,830.6434362061757,85.60656379382431
829.65,1068.0475745565157,-238.39757455651568
2595.44,2434.139150427518,161.3008495724821
4745.02,9675.839890042482,-4930.819890042481
1910.74,776.3113847845678,1134.4286152154323
5409.04,6169.659180292219,-760.6191802922194
1940.06,2110.760031651137,-170.70003165113712
1738.81,2766.129970349101,-1027.319970349101
6667.73,3655.833516409746,3011.8964835902534
1867.72,1275.5466756967298,592.1733243032702
1729.35,1895.4289053722584,-166.07890537225853
1163.45,1646.2984810478479,-482.8484810478478
2954.35,1998.3078852092199,956.04211479078
5667.08,3755.707093238431,1911.372906761569
5854.21,3263.3757231294667,2590.8342768705334
1551.65,3005.3878094848264,-1453.7378094848264
4540.33,4498.04359670898,42.28640329102018
1764.03,2669.682225421265,-905.6522254212648
1175.53,1616.0006448299812,-440.4706448299812
3448.3,2675.440390320857,772.859609679143
1212.88,1190.1890786976335,22.690921302366633
3385.1,3707.8951905530216,-322.7951905530217
1371.63,1756.6353511901575,-385.0053511901574
650.85,2176.7135484669016,-1525.8635484669016
18570.76,14762.350606804455,3808.409393195543
611.84,1045.0373173959583,-433.1973173959583
1211.29,1988.8792561433,-777.5892561433
3564.25,3683.355960398782,-119.10596039878192
3465.77,2638.04198613455,827.7280138654501
1342.8,1314.4878688963906,28.312131103609318
5831.93,6934.361091848394,-1102.4310918483934
7523.61,2124.9401159579293,5398.66988404207
2902.39,1986.844591479063,915.5454085209369
979.21,1457.5199496247646,-478.3099496247646
4286.36,1529.6929518739507,2756.667048126049
2549.11,3448.239810327571,-899.1298103275708
1442.53,1141.322150670961,301.20784932903894
1000.62,2503.801415029983,-1503.1814150299833
1393.84,1221.4320116967535,172.40798830324638
681.64,1019.5803190542914,-337.9403190542914
7422.0,3737.9533270065795,3684.0466729934205
5587.39,6945.208433345442,-1357.818433345442
1385.28,963.9762579465922,421.30374205340775
2911.24,4228.37278351017,-1317.1327835101702
850.92,2072.2684294866394,-1221.3484294866394
3906.75,3804.768376075087,101.98162392491304
769.35,1617.5873864672858,-848.2373864672858
1405.26,1202.9970914140786,202.26290858592142
37724.85,13663.257447361088,24061.59255263891
1229.51,1323.4674709810604,-93.9574709810604
1584.72,1158.003791187194,426.7162088128059
3894.86,1596.1112778631827,2298.7487221368174
1935.03,2887.992232811758,-952.9622328117582
3065.18,3155.2423131056667,-90.06231310566682
1161.58,1195.6429178618434,-34.062917861843516
1194.38,1923.020217183388,-728.6402171833879
1250.36,2347.1293410231046,-1096.7693410231047
2641.7,2740.073305136209,-98.37330513620918
5503.36,3445.4971684908874,2057.8628315091123
825.36,801.6511017177623,23.70889828223767
10145.3,5845.6699171589535,4299.630082841046
3284.13,2615.8331394189677,668.2968605810324
2936.51,4045.6267608910844,-1109.1167608910841
1199.48,1417.3937241138367,-217.91372411383668
5166.16,5299.632351040055,-133.4723510400554
1278.01,1199.2367934213653,78.7732065786347
1220.9,1382.2761301339874,-161.37613013398732
2849.78,2422.3142692534557,427.4657307465445
1212.62,1675.5446138560592,-462.9246138560593
1887.6,4790.650333304733,-2903.050333304733
4711.02,2895.283484651255,1815.7365153487453
447.1,1623.8486164345106,-1176.7486164345105
3091.16,1676.607519205111,1414.5524807948889
2114.93,3058.975757436636,-944.045757436636
1596.72,2457.2480794283156,-860.5280794283156
2519.9,2818.733366123768,-298.833366123768
1048.72,1713.5778783912315,-664.8578783912315
6466.66,5012.484178777862,1454.1758212221375
3989.95,4572.850183972546,-582.9001839725461
1387.38,1721.4099263896214,-334.0299263896213
918.89,2331.336875763522,-1412.4468757635223
3718.87,3001.2531792824025,717.6168207175974
1597.52,2429.5628046192937,-832.0428046192937
6224.52,5133.757717990813,1090.7622820091874
1342.93,1989.3602013996376,-646.4302013996376
1672.89,1393.2431616324407,279.64683836755944
2471.96,1524.0756782945127,947.8843217054873
1662.44,1983.4843691509177,-321.04436915091765
4998.38,4059.7506757672277,938.6293242327724
1811.38,2119.737638429306,-308.357638429306
4281.64,3800.43108501142,481.20891498858055
2057.38,2326.7088242623017,-269.3288242623016
2789.74,2661.907774642997,127.8322253570027
3446.96,1545.8828378862806,1901.0771621137194
5675.63,5112.352805417667,563.2771945823333
847.88,1313.9839581765273,-466.10395817652727
1466.0,2249.5695781767035,-783.5695781767035
8956.88,4983.892260384771,3972.987739615228
1967.47,1692.3070719535542,275.1629280464458
5365.45,2705.0275900276292,2660.4224099723706
788.44,1234.7439941384237,-446.3039941384236
6741.4,4728.543082432148,2012.8569175678513
4800.4,4548.061170084181,252.33882991581868
6577.87,2842.3362710410615,3735.5337289589384
4740.05,1915.1546930417933,2824.8953069582067
2513.07,1701.2016853184448,811.8683146815554
1619.42,3086.086522970612,-1466.6665229706118
2708.49,3905.6178243066324,-1197.1278243066326
729.77,7830.763315628943,-7100.993315628943
1662.79,2822.9677722713695,-1160.1777722713696
2121.93,1114.1784159109147,1007.7515840890851
1353.61,1252.1429875802662,101.46701241973369
3565.48,4938.452002340795,-1372.972002340795
5186.8,5484.678186274728,-297.87818627472825
3119.36,4722.525401127355,-1603.1654011273545
7973.56,10854.405160526014,-2880.8451605260134
3127.36,3114.417506421353,12.942493578646918
8444.52,4988.058839918219,3456.4611600817816
3949.81,1716.3676562350427,2233.4423437649575
1705.79,1849.7171825897308,-143.92718258973082
1847.43,2262.0893759457713,-414.6593759457712
2205.35,3816.748453807741,-1611.3984538077411
8066.6,7767.360578085623,299.2394219143771
2250.34,2201.12236819923,49.21763180077005
776.99,758.1535143162874,18.836485683712567
3666.35,3993.681766887046,-327.3317668870459
1096.45,1668.089570136485,-571.639570136485
1806.47,1628.95945306604,177.5105469339601
880.85,2542.0605370189046,-1661.2105370189047
2653.63,1615.59261479922,1038.0373852007801
9560.0,6847.5360562054575,2712.4639437945425
2805.1,973.8149809664748,1831.2850190335253
1420.28,1632.1391542390897,-211.85915423908978
987.64,1687.0266825258623,-699.3866825258623
2637.51,2718.0052031989144,-80.49520319891417
3849.77,3233.8537213341906,615.9162786658094
1641.55,2846.4688630523196,-1204.9188630523197
3034.48,5594.47059924769,-2559.99059924769
2369.54,1920.1942716241656,449.34572837583437
3330.17,3591.9549028557267,-261.7849028557266
2370.85,2465.6891813692564,-94.8391813692565
2725.36,2782.1603596173436,-56.800359617343474
2787.68,2541.641847767939,246.03815223206084
664.16,1675.573976288633,-1011.4139762886331
7355.87,10920.792975460776,-3564.922975460776
2022.93,2196.0525079096287,-173.12250790962867
428.84,1055.3490736401634,-626.5090736401635
1358.04,1863.8110680248703,-505.7710680248704
1363.03,1808.128188154522,-445.09818815452195
1205.0,6147.5385927905545,-4942.5385927905545
1571.61,1149.1044761785338,422.5055238214661
1934.33,2031.3074123756521,-96.9774123756522
3832.21,1997.5571155370042,1834.6528844629959
6422.54,3065.5625493161174,3356.9774506838826
2178.0,3890.7554887793417,-1712.7554887793417
3104.29,4182.609636468682,-1078.319636468682
776.15,2370.5661836966415,-1594.4161836966414
448.27,2357.216606916179,-1908.946606916179
701.0,1039.2225769057566,-338.22257690575657
1060.69,1367.6898127544548,-306.99981275445475
1275.87,2594.218762266936,-1318.3487622669363
1345.27,2717.399596454636,-1372.1295964546362
407.04,1325.4428577770302,-918.4028577770302
5755.77,6152.282829114793,-396.5128291147921
1250.35,1661.8713400083768,-411.5213400083769
3089.24,3321.3709987646566,-232.13099876465685
786.81,1219.2148057314594,-432.4048057314594
2312.77,2576.2674311377764,-263.4974311377764
1526.97,2007.7059009245816,-480.73590092458153
3269.48,4273.220460746514,-1003.7404607465137
3888.51,3419.8189224275816,468.69107757241864
757.42,1061.4998969075323,-304.0798969075323
1117.36,1401.9754974787809,-284.615497478781
2408.0,1419.109603616636,988.8903963833641
1948.57,3272.316891140996,-1323.7468911409962
1725.78,1935.8216128399006,-210.0416128399006
4166.92,1555.5489306026684,2611.3710693973317
1042.09,2222.9330644402808,-1180.8430644402808
1024.08,1622.7587452737894,-598.6787452737894
2079.84,2373.915686225897,-294.0756862258968
5078.68,3834.177211006219,1244.5027889937815
3887.27,4108.704727955198,-221.434727955198
2863.72,3301.1612045202537,-437.4412045202539
2158.44,4376.726414385549,-2218.286414385549
1176.52,4369.209923783274,-3192.6899237832736
2707.18,2293.83740826606,413.34259173394
8545.22,11053.125632049134,-2507.9056320491345
1757.53,2605.4831366491453,-847.9531366491453
6051.71,7395.766454698149,-1344.0564546981486
5929.41,2381.1832953950925,3548.2267046049074
3243.01,4780.697374449613,-1537.6873744496124
3017.11,3426.088620785161,-408.97862078516073
2788.81,3319.0219538381307,-530.2119538381307
3104.52,2976.1888008452484,128.33119915475163
983.43,1733.6622503676172,-750.2322503676172
595.72,1971.2111331556819,-1375.4911331556818
1480.6,4068.3430686599854,-2587.7430686599855
1773.7,1606.5449871128806,167.15501288711948
1188.76,1175.0405392589523,13.71946074104767
1429.39,2599.20862665023,-1169.81862665023
8907.1,6223.40593290415,2683.69406709585
5913.79,7048.324002655729,-1134.5340026557287
5816.96,3427.472699241753,2389.487300758247
896.29,3042.063874003393,-2145.773874003393
2342.56,1816.8189255273771,525.7410744726228
1489.14,1694.8681453036745,-205.7281453036744
1000.39,1231.4251279947111,-231.03512799471116
2071.21,3397.3157573419153,-1326.1057573419153
2486.65,2455.818598633155,30.831401366845057
286.04,1069.5738161906054,-783.5338161906054
5969.07,4081.991685877305,1887.0783141226948
1090.84,915.3661161327983,175.4738838672016
3535.96,2776.595641382852,759.3643586171479
3229.58,2795.954574888326,433.62542511167385
1268.04,991.715406797959,276.324593202041
3652.29,2612.737001497734,1039.5529985022658
3763.53,3099.0750538414504,664.4549461585498
1134.98,929.7285887604351,205.25141123956496
313.55,874.8769537937131,-561.3269537937131
417.57,1003.736522452216,-586.166522452216
2595.52,2030.6245238126778,564.8954761873222
1083.59,1031.57668673864,52.013313261359826
588.47,1214.2012728783238,-625.7312728783238
798.54,1331.9746146536916,-533.4346146536916
7747.11,7305.539964496294,441.5700355037061
3327.71,3221.934845362706,105.77515463729424
956.65,1964.4395403377414,-1007.7895403377414
1508.9,2653.926380308877,-1145.026380308877
15071.12,10807.144937525032,4263.975062474969
3005.38,2572.331032935375,433.04896706462523
8060.83,5086.74482470055,2974.0851752994495
10141.67,5782.015475829373,4359.654524170627
3582.49,3710.069533559765,-127.57953355976542
2516.91,3312.090326568756,-795.1803265687563
1773.87,2198.594590735051,-424.72459073505115
695.82,1055.7466566750315,-359.9266566750315
9208.83,8091.526285542099,1117.3037144579012
1634.59,1973.7481868447999,-339.15818684479996
1618.58,1260.9181173758373,357.6618826241627
2561.96,2007.090343467674,554.869656532326
1222.69,1620.7703479922102,-398.08034799221014
8490.15,9551.789786841548,-1061.639786841548
4413.1,2111.5244737114754,2301.575526288525
1522.81,1623.07276436622,-100.26276436622015
1519.57,1971.0348343158948,-451.4648343158949
757.54,1266.4285661351955,-508.88856613519556
4243.64,3531.5775514353027,712.0624485646977
3292.89,5239.623326785053,-1946.7333267850531
1135.64,1667.3129915954007,-531.6729915954006
790.65,846.0404227979204,-55.39042279792045
3148.52,3650.1403451736865,-501.6203451736865
3946.95,5929.671279874013,-1982.721279874013
2897.28,1298.4293409189938,1598.8506590810064
513.4,1086.190612498759,-572.7906124987591
2454.57,2701.174052166912,-246.60405216691197
2434.97,3521.1191765228687,-1086.1491765228689
2803.5,2239.9603216623123,563.5396783376877
2651.58,4962.998989690241,-2311.418989690241
1822.09,3035.4793591578077,-1213.3893591578078
2648.48,4130.729203119635,-1482.2492031196348
2611.56,3295.340313626068,-683.7803136260682
14670.82,5244.061721531041,9426.758278468958
7768.44,7683.586306905021,84.85369309497855
2525.48,2786.6057707956393,-261.12577079563926
14528.19,12281.625903614646,2246.564096385355
4783.16,7848.407141465636,-3065.2471414656366
1285.89,1071.1739783405335,214.7160216594666
3595.67,2937.5784117095322,658.0915882904678
660.45,1142.5664508481357,-482.1164508481356
2859.75,2809.8016401787395,49.94835982126051
1322.62,1017.4679678020858,305.1520321979141
3928.64,6941.04885310505,-3012.4088531050497
1454.26,3098.0279427823452,-1643.7679427823452
5833.18,4503.845706955811,1329.3342930441895
6290.32,5141.596343850206,1148.723656149794
523.13,1448.253804222361,-925.123804222361
5091.86,3514.161102530401,1577.6988974695987
3382.87,3589.1502279283363,-206.28022792833644
10219.71,6381.531996889907,3838.1780031100925
3796.46,4741.493499243251,-945.0334992432508
2768.66,1948.6805939878166,819.9794060121833
1703.44,1961.3709726499706,-257.9309726499705
1291.01,1316.289792055419,-25.279792055418966
2644.14,2475.4187461333777,168.7212538666222
2757.55,4820.10439815961,-2062.55439815961
1955.85,2543.37748131308,-587.52748131308
812.18,1381.1846002391103,-569.0046002391103
2504.23,3160.459485093927,-656.229485093927
943.08,1504.926942937743,-561.8469429377429
687.82,2555.079873616966,-1867.2598736169657
2822.17,1898.1242075022878,924.0457924977122
1890.83,1996.6586122594426,-105.8286122594427
3617.49,6850.732634174731,-3233.2426341747314
2487.96,6155.816835188989,-3667.856835188989
1045.99,815.7053090691065,230.28469093089348
844.29,2306.439516693507,-1462.149516693507
1078.75,3724.3576239003073,-2645.6076239003073
643.97,1224.2675997161737,-580.2975997161736
822.15,1235.817329718237,-413.66732971823706
1932.89,3044.750963730778,-1111.860963730778
991.14,1001.3867828315335,-10.246782831533551
1094.04,1077.6591368409022,16.38086315909777
2362.11,3866.8538013873576,-1504.7438013873575
1688.03,1221.7173137188804,466.31268628111957
1388.25,1726.3957459866974,-338.1457459866974
582.78,1828.1266100338999,-1245.3466100338999
6691.53,7575.508363601652,-883.9783636016518
1833.26,3142.2056642168855,-1308.9456642168855
2521.8,1588.8394942784923,932.9605057215078
2495.55,1339.1070802667848,1156.4429197332154
5135.26,3800.5939474375136,1334.6660525624866
629.0,1243.6724544225958,-614.6724544225958
6277.89,5811.145268226632,466.7447317733686
4113.07,3116.0008973086865,997.0691026913132
5795.7,4102.795848938589,1692.9041510614106
2064.55,2312.8953993119258,-248.34539931192558
996.59,2395.95716164489,-1399.36716164489
1394.57,2254.6110873610455,-860.0410873610456
2811.18,5300.115704178716,-2488.9357041787166
3790.0,6369.904809116833,-2579.9048091168333
4080.7,4076.6854154716493,4.014584528350497
4317.53,5158.789898699095,-841.2598986990952
4510.16,5433.6058210968185,-923.4458210968187
2189.59,2859.9030189738924,-670.3130189738922
1364.17,2966.0557376102697,-1601.8857376102696
4611.09,4713.3076728076485,-102.21767280764834
891.95,1749.4645302941692,-857.5145302941692
1122.55,1322.1242429588162,-199.57424295881628
1729.12,1644.4851474090774,84.63485259092249
14899.89,4547.698082195615,10352.191917804385
778.81,4202.083927815842,-3423.273927815842
1309.09,1663.736422120739,-354.6464221207391
1659.22,2098.2935315199084,-439.07353151990833
4715.24,3277.526372553084,1437.7136274469158
2055.53,3636.5116345202887,-1580.9816345202885
1810.12,1374.6662087582465,435.4537912417534
862.72,1093.5903490140913,-230.8703490140913
3051.11,3155.346705954323,-104.23670595432304
11047.3,6618.550166044695,4428.749833955304
8560.31,10126.946884183184,-1566.6368841831845
3893.56,2526.0283096194817,1367.5316903805183
5689.84,3132.751795246744,2557.088204753256
1587.6,1084.421401959173,503.17859804082696
4821.68,3381.9016984145956,1439.7783015854047
3852.31,1831.0059374876969,2021.304062512303
3674.38,2928.6362759439958,745.7437240560043
1790.18,1830.5161603249496,-40.33616032494956
1688.56,2949.130162981197,-1260.570162981197
1480.11,1816.250505214457,-336.1405052144571
513.62,2547.1821027293777,-2033.5621027293778
4469.62,2476.0917408311843,1993.5282591688156
1180.88,1661.3376118154192,-480.4576118154191
2959.87,2904.0677531002466,55.8022468997533
1040.33,1074.9162984010743,-34.58629840107437
1598.25,3411.2840031190854,-1813.0340031190854
3144.61,2464.5157110055416,680.0942889944586
6003.34,4077.9868125416483,1925.3531874583518
2428.61,2438.6643088589735,-10.0543088589734
1270.98,1180.9480867295908,90.03191327040918
557.68,1003.5428139525545,-445.8628139525546
2279.21,2946.846656539158,-667.6366565391581
6197.09,4109.272838867464,2087.817161132536
1021.1,1477.1536807210448,-456.05368072104477
2508.23,2976.3870159167677,-468.1570159167677
2958.38,4893.250627647771,-1934.8706276477706
3605.74,1928.9908810448958,1676.749118955104
1454.79,1293.4247686392875,161.36523136071241
943.52,1625.3257704671053,-681.8057704671053
3214.4,1617.0116969573064,1597.3883030426937
9317.53,8329.678858690688,987.8511413093129
1381.36,2368.35538919169,-986.99538919169
5572.84,3539.7241300863716,2033.1158699136286
3316.87,3512.358883794192,-195.48888379419213
550.09,1810.9966539821548,-1260.9066539821547
6195.78,1990.124534135053,4205.655465864947
1725.46,1808.0636256802445,-82.60362568024448
531.09,872.9303478464007,-341.8403478464006
812.67,1147.3032528661715,-334.6332528661716
1135.75,1954.360587137481,-818.6105871374809
2848.32,2515.3322474451525,332.9877525548477
1172.61,2809.5509966912327,-1636.9409966912328
1335.49,1208.8739098050617,126.61609019493835
2984.49,2744.048961709334,240.4410382906658
11284.21,14197.596301001638,-2913.3863010016394
1888.35,3090.8131057734236,-1202.4631057734236
651.83,815.1768695393085,-163.3468695393085
976.65,2029.8775084291585,-1053.2275084291587
906.37,1233.012623987857,-326.64262398785706
2503.59,2478.96018235006,24.629817649939923
1530.42,922.2534172566255,608.1665827433745
2783.43,2899.5474597515754,-116.11745975157555
1086.73,2062.053628630227,-975.3236286302272
1507.66,1687.6430739635025,-179.98307396350242
1804.2,2456.076201012717,-651.8762010127168
1655.49,1140.1718293707802,515.3181706292198
1014.64,1239.3552600882495,-224.71526008824947
5768.4,3566.457838950324,2201.9421610496756
2894.44,3091.101826067812,-196.66182606781194
1314.07,2260.5345437341484,-946.4645437341485
4691.68,4324.364874124316,367.3151258756843
7680.94,7325.899489676557,355.0405103234425
985.31,1501.8134305547535,-516.5034305547535
3901.26,1873.7854054765005,2027.4745945234997
1640.11,1880.2686426259675,-240.15864262596756
4151.81,4375.481891948794,-223.67189194879393
722.74,1084.5189755609838,-361.7789755609838
1836.7,1930.570099650401,-93.87009965040102
5157.06,2426.3396809819737,2730.7203190180267
1576.44,1250.8033177917416,325.63668220825843
7797.92,5317.296889506047,2480.6231104939534
691.15,900.4194251974767,-209.26942519747672
753.49,1811.884038209398,-1058.394038209398
5875.38,6187.674636128075,-312.29463612807467
2335.4,2200.8858499911594,134.51415000884072
1109.23,2873.655376151523,-1764.4253761515229
499.2,1393.807116422282,-894.6071164222819
1624.71,1691.8710878409765,-67.1610878409765
4560.79,1719.9562514476017,2840.833748552398
1542.51,2955.5943219307096,-1413.0843219307096
911.97,1246.7404713897001,-334.7704713897001
299.84,1122.3604675757451,-822.5204675757452
2633.0,1728.769438265553,904.2305617344471
5798.32,6464.376468919449,-666.0564689194489
3273.36,2528.7858291295165,744.5741708704836
4830.52,4303.745712965506,526.7742870344946
3232.24,2121.9299284548006,1110.3100715451992
2876.77,3166.6945941112835,-289.92459411128357
10477.44,8890.354463221052,1587.0855367789482
21627.84,11260.714500973774,10367.125499026226
1620.42,2038.1013580030692,-417.68135800306914
1063.25,1502.067452652874,-438.81745265287395
1620.55,1158.5211239683067,462.02887603169324
1232.4,986.3703557156724,246.02964428432767
1382.87,969.4558282850769,413.414171714923
2068.22,1393.836195414649,674.3838045853508
3937.57,2436.236593209571,1501.3334067904293
3991.87,2329.82001649724,1662.04998350276
1189.86,1253.3824225857663,-63.522422585766435
6920.83,2684.985463172282,4235.844536827718
2372.7,2531.010599191643,-158.31059919164318
849.69,1640.306592493554,-790.616592493554
1751.53,2523.7459107143363,-772.2159107143364
1391.1,1958.4254695934212,-567.3254695934213
7271.26,6180.260859064212,1090.999140935788
747.19,861.0449707626263,-113.8549707626263
737.37,1489.4599165093448,-752.0899165093448
3208.41,2531.972464893927,676.437535106073
3320.72,7393.179021093506,-4072.459021093506
8946.07,3822.6853882829528,5123.384611717047
2665.28,1610.4678718578305,1054.8121281421697
3199.08,2756.47398669565,442.60601330434974
1444.86,3065.5966007038123,-1620.7366007038124
994.8,2381.0097980644614,-1386.2097980644614
915.15,1240.91141818585,-325.76141818584995
832.54,1281.311333976071,-448.771333976071
703.3,1216.2585534437465,-512.9585534437465
1409.02,1037.510834520225,371.509165479775
5241.72,4761.098899791403,480.62110020859745
2390.71,2380.7305866120028,9.979413387997283
2698.22,3374.520794419761,-676.3007944197611
2664.49,4172.690824312803,-1508.200824312803
3802.44,3168.993907135333,633.4460928646672
1438.88,1969.8117824764427,-530.9317824764425
557.7,938.4662120188905,-380.7662120188904
1271.49,3775.7533811777867,-2504.263381177787
875.78,750.596960190084,125.18303980991595
4144.24,3083.7024676939805,1060.5375323060193
2776.7,2940.5475446831397,-163.84754468313986
1085.67,2591.8699706401403,-1506.1999706401402
2011.52,3137.5897679992263,-1126.0697679992263
5196.72,4560.742683836711,635.9773161632893
3526.43,2516.667920015563,1009.7620799844367
2716.72,4064.932711178959,-1348.2127111789591
11743.19,7358.84720770404,4384.342792295961
6512.26,3224.5810882871174,3287.678911712883
5565.91,3822.9561396614668,1742.953860338533
1806.03,1523.4651524226035,282.56484757739645
3039.36,2468.0439524151134,571.3160475848867
1813.8,2352.448346238938,-538.6483462389381
729.07,1228.5558055457618,-499.48580554576176
2704.99,3591.376631193697,-886.3866311936972
2596.6,1296.9641927340213,1299.6358072659787
2296.01,2871.184272128489,-575.1742721284886
5626.67,4228.966756363116,1397.7032436368845
2174.18,2032.5062495082127,141.67375049178713
670.49,2001.6396366926772,-1331.1496366926772
1282.8,1156.3510103172962,126.44898968270377
2477.77,2232.0903541468656,245.6796458531344
1846.3,1633.364271398795,212.93572860120503
2116.98,1182.3539052017538,934.6260947982462
4559.31,6282.350233797823,-1723.040233797823
7829.25,13500.846602750325,-5671.5966027503255
1595.59,2396.808345670762,-801.2183456707619
1676.65,1381.783891200739,294.86610879926116
2426.09,2717.6116093643477,-291.52160936434757
1870.38,2529.32784754719,-658.9478475471897
3475.28,1806.9215427307463,1668.358457269254
2100.89,2507.5731347151736,-406.68313471517376
1405.04,3139.3569023819764,-1734.3169023819764
644.95,1148.0923446430013,-503.14234464300125
1945.7,2309.802220837031,-364.10222083703115
1516.41,1835.2766781740586,-318.8666781740585
1455.3,1842.3518319094921,-387.0518319094922
1298.89,1705.0807251627132,-406.1907251627131
988.04,2708.9675443485294,-1720.9275443485294
2963.28,5668.5857041431545,-2705.3057041431543
1787.29,5553.123489729426,-3765.833489729426
3173.86,2199.303002521744,974.5569974782561
2086.07,2686.6999392515036,-600.6299392515034
2023.93,2785.765928465123,-761.8359284651231
702.91,2222.2040837042455,-1519.2940837042456
581.46,1349.5239685061792,-768.0639685061792
539.82,1329.357310390888,-789.5373103908879
1141.75,1368.5884583966804,-226.83845839668038
959.86,2004.929812963373,-1045.069812963373
1726.86,1427.4384721260071,299.4215278739928
1855.1,1805.5689885538977,49.531011446102184
968.55,1667.9764870479912,-699.4264870479913
1748.24,2295.4128474180748,-547.1728474180748
7847.62,2976.826479176938,4870.793520823062
3587.05,2728.95667372439,858.0933262756103
6362.45,3749.652323317187,2612.797676682813
4178.52,3250.369491572545,928.1505084274554
3937.46,1391.8099355789757,2545.6500644210246
1609.28,967.2369803343479,642.0430196656521
2429.96,2886.8836689053687,-456.9236689053687
2848.88,2508.6394354097406,340.2405645902595
1772.37,2564.5500089231314,-792.1800089231315
1032.51,1021.9490364771955,10.560963522804514
1158.72,915.0160043901193,243.70399560988074
928.9,1477.6616291986375,-548.7616291986375
2279.31,4068.9300615844104,-1789.6200615844105
9192.27,4713.437715961975,4478.832284038025
1658.8,5223.843923203962,-3565.0439232039616
4441.91,3608.8924233625717,833.0175766374282
2368.31,2093.47929624844,274.8307037515601
1505.85,1632.7373454400495,-126.88734544004956
2422.71,2125.8904563525766,296.8195436474234
1535.4,1431.4542944430552,103.94570555694486
1155.16,1619.4598808549956,-464.29988085499554
1587.2,2460.326064167005,-873.1260641670049
2149.49,2233.1089518657504,-83.61895186575066
4023.15,4020.554910231811,2.5950897681891547
1697.12,1549.2295899342266,147.89041006577327
5526.1,4139.018813054946,1387.0811869450545
1330.33,1137.5337994115112,192.79620058848877
524.72,1714.0024095117506,-1189.2824095117505
790.13,1628.3462474104692,-838.2162474104692
1316.09,1823.0907012896168,-507.0007012896169
7772.8,5950.545687509626,1822.254312490374
1575.84,2877.6573158494575,-1301.8173158494576
6466.74,4994.266548882126,1472.473451117874
395.3,1881.0631807798898,-1485.7631807798898
2421.37,1832.3266360385203,589.0433639614796
6083.73,5126.874813042216,956.8551869577832
2962.16,2092.9366272150273,869.2233727849725
1791.94,2458.0715409653844,-666.1315409653844
2084.74,2073.82157999602,10.918420003979918
1505.68,1722.1156999847717,-216.43569998477165
694.32,1304.9191314948505,-610.5991314948504
2427.36,2011.479474794815,415.8805252051852
708.29,1924.124948717279,-1215.834948717279
1810.01,1931.564081276767,-121.55408127676696
8820.99,3086.3714391652397,5734.6185608347605
805.13,1482.1093050420445,-676.9793050420445
4227.83,4993.73293585256,-765.9029358525604
3766.8,2760.1970523306322,1006.602947669368
3189.84,2342.4217001490274,847.4182998509727
3178.81,4578.090782229802,-1399.2807822298023
1168.68,2162.1314378381285,-993.4514378381284
1163.65,3912.8643384832285,-2749.2143384832284
3224.29,3739.656593815504,-515.3665938155041
5103.98,8290.064753874569,-3186.0847538745693
795.66,1276.7282058596873,-481.0682058596873
5686.99,7020.733022950382,-1333.7430229503825
1738.72,2098.8662663686796,-360.14626636867956
7612.23,6415.353420427918,1196.876579572082
1726.57,2249.9335405031516,-523.3635405031516
1831.54,1761.2292063508353,70.31079364916468
1047.36,4925.461279411717,-3878.1012794117178
833.16,1652.9420031495533,-819.7820031495534
9625.21,3909.1913204154685,5716.018679584531
13857.5,7629.556265484485,6227.943734515515
7577.57,3605.785583957808,3971.784416042192
3715.12,2102.0887871704585,1613.0312128295413
3061.6,3181.0397646329175,-119.43976463291756
1283.96,3163.9066226805903,-1879.9466226805903
5182.48,5826.694817206651,-644.2148172066518
1716.71,4300.317610362273,-2583.6076103622727
2292.42,1792.891204845411,499.52879515458903
3673.81,4465.9526675820425,-792.1426675820426
798.46,801.4625078875922,-3.0025078875921736
5771.87,3480.5478136752017,2291.322186324798
3062.02,2356.211818725399,705.8081812746009
1829.53,3089.9855666409258,-1260.4555666409258
1268.54,1624.4238254092502,-355.8838254092502
1198.99,2247.226274353462,-1048.236274353462
1352.06,2558.0799510362094,-1206.0199510362095
2775.14,2333.974950011278,441.1650499887219
2107.68,2035.2196342586456,72.46036574135428
3728.48,3330.6039723097765,397.8760276902235
12447.96,4790.387772810853,7657.572227189146
3240.22,3356.994018796069,-116.77401879606941
6405.95,2681.0949588315243,3724.8550411684755
779.82,2086.631448040956,-1306.8114480409558
1538.66,1616.3486678845752,-77.68866788457512
3086.6,3698.3463234148753,-611.7463234148754
5238.85,2598.0421496052027,2640.8078503947977
668.93,1015.7432572740894,-346.81325727408944
2055.46,3503.4835062250813,-1448.0235062250813
2880.93,2717.9381610059772,162.9918389940226
744.54,1737.9667312805557,-993.4267312805557
4014.65,6997.932671884847,-2983.282671884847
1910.6,2355.1217304311836,-444.52173043118364
2265.68,2904.5395821150782,-638.8595821150784
1582.02,3379.6310534773343,-1797.6110534773343
1138.42,3328.018434842221,-2189.5984348422207
5388.08,3246.418758704755,2141.661241295245
5886.57,2808.4987971308838,3078.071202869116
6095.07,5251.0798043793475,843.9901956206522
803.24,837.3896396208391,-34.14963962083914
3821.96,10063.56604744277,-6241.6060474427695
2839.43,2407.3848999140655,432.04510008593434
543.55,1114.8435951133733,-571.2935951133734
2740.37,3515.574855171052,-775.2048551710523
7562.49,3339.463860125378,4223.0261398746225
934.49,1884.115229038209,-949.625229038209
7595.97,7914.6536606056325,-318.6836606056322
6178.78,3518.880617494238,2659.899382505762
13289.27,12317.95641080551,971.3135891944912
748.25,1928.1086497812628,-1179.8586497812628
2027.47,2307.0523381822204,-279.5823381822204
2415.46,1158.7525820727788,1256.7074179272213
1419.02,1411.521571045891,7.498428954108931
5135.65,4532.483768894795,603.166231105205
5783.2,5054.397010563569,728.8029894364308
877.76,1562.3052417233048,-684.5452417233048
1224.34,993.4345904738382,230.90540952616175
1317.56,2013.775117912731,-696.2151179127311
1617.24,2869.7127330290455,-1252.4727330290455
356.92,858.1698963076075,-501.24989630760746
2268.56,1354.7328926242058,913.8271073757942
782.46,967.5488441208489,-185.08884412084888
4154.48,3539.5740052286574,614.9059947713422
3389.34,3540.980030457346,-151.6400304573458
6030.23,5079.572615227904,950.6573847720956
2553.8,2622.823429899737,-69.02342989973704
2607.29,2704.5714991086816,-97.2814991086816
1903.92,1753.8257047944949,150.0942952055052
1760.05,2711.233242734375,-951.183242734375
6819.44,2123.9979127041356,4695.4420872958635
3311.84,2371.3311405793756,940.5088594206245
901.52,1068.435258343801,-166.91525834380104
9510.2,5270.548462172478,4239.651537827523
5705.98,3335.210254234889,2370.7697457651107
3998.21,3852.6741470688,145.53585293120022
6714.99,6991.687382559049,-276.6973825590494
640.83,1699.9572191662817,-1059.1272191662815
1236.59,4381.493845350385,-3144.9038453503845
1562.52,1431.3092127706107,131.21078722938933
1304.27,1555.6921849114517,-251.42218491145172
1373.96,1169.9668043414067,203.99319565859332
737.54,1422.5099838297367,-684.9699838297367
860.38,989.5581718410151,-129.17817184101511
1596.09,3221.234971613356,-1625.144971613356
4065.22,4129.501760719498,-64.28176071949792
3056.76,4105.197341523735,-1048.437341523735
3921.41,1508.9029581155985,2412.5070418844016
6104.77,2181.1517588286874,3923.618241171313
5343.44,4027.258804383816,1316.1811956161837
2271.72,3119.8615684358715,-848.1415684358717
1437.36,1431.1978069144052,6.1621930855947085
1326.85,917.8023390558733,409.0476609441266
2242.31,1537.9419089603416,704.3680910396583
1191.37,2031.136707515985,-839.7667075159852
5401.44,3945.3926515817448,1456.0473484182548
5566.38,4937.2731582218485,629.1068417781516
2684.64,1771.892739189673,912.7472608103269
6250.25,5022.2743025161835,1227.9756974838165
1528.43,2127.255326505839,-598.825326505839
2641.72,2044.379296080082,597.3407039199178
531.11,1558.2069422167697,-1027.0969422167695
1942.97,2270.5850169616297,-327.61501696162964
2420.02,3977.2821237276244,-1557.2621237276244
2995.98,1663.3136328990402,1332.6663671009599
4123.97,3621.1032901960234,502.86670980397685
586.35,2147.8984459999488,-1561.5484459999489
2436.47,2402.7178653410124,33.752134658987416
538.27,2596.9124572740125,-2058.6424572740125
2047.05,2726.491484472633,-679.4414844726332
2848.31,2644.81171635645,203.49828364355017
8441.7,8815.663838979533,-373.96383897953274
2385.99,5566.671485496159,-3180.6814854961594
5482.64,2628.77622286088,2853.8637771391204
1565.98,3884.170904387113,-2318.190904387113
437.7,1977.0545128272697,-1539.3545128272697
3844.96,4382.625787026043,-537.6657870260433
1539.29,1415.8803956332629,123.40960436673709
2406.94,2973.442730774571,-566.5027307745709
2087.92,2235.715475806013,-147.79547580601275
2392.13,2313.367066066331,78.76293393366905
4002.76,4528.266673373169,-525.5066733731692
3818.24,1946.9757303570066,1871.2642696429932
2872.21,4033.3475167890115,-1161.1375167890114
4245.87,3586.3830237770367,659.4869762229632
1489.39,1351.1738032204246,138.2161967795755
6386.99,6633.609978564538,-246.61997856453854
6109.49,5916.619466132518,192.87053386748175
1563.11,2023.6087588990838,-460.4987588990839
1152.73,1579.110950705843,-426.3809507058429
3598.98,3477.2389459979504,121.74105400204962
3552.01,3206.523585031684,345.48641496831624
2753.92,5085.017794940571,-2331.0977949405706
4233.79,2933.1184898714437,1300.6715101285563
6826.98,6020.970572539749,806.0094274602507
1163.09,2074.1914301943953,-911.1014301943953
7413.39,3047.2490414838776,4366.140958516123
3251.4,2706.938042457934,544.4619575420661
688.58,1663.0147082301312,-974.4347082301312
1985.18,2297.036586793829,-311.8565867938289
2478.0,3726.4787842322453,-1248.4787842322453
1440.13,2508.158444128822,-1068.0284441288218
539.96,1199.833752052846,-659.8737520528459
851.89,1405.7045962553232,-553.8145962553232
1434.23,2991.099387580181,-1556.869387580181
828.69,1001.3069949426884,-172.6169949426884
2367.8,2430.701516622875,-62.901516622874624
2470.73,2175.3050582314168,295.42494176858327
867.74,1299.3314783342262,-431.59147833422617
7849.17,5856.0238723988205,1993.1461276011796
2741.82,2839.4009684228104,-97.5809684228102
1531.69,1450.1970517005977,81.49294829940231
3284.69,4051.2731187076483,-766.5831187076483
3262.64,2261.487222189093,1001.1527778109071
7161.82,5071.344728566055,2090.4752714339447
2676.39,3013.7147675777305,-337.32476757773065
1675.99,1481.9480470828594,194.04195291714063
1484.25,2261.727173505873,-777.477173505873
1696.87,3743.081816682842,-2046.2118166828423
4284.94,3784.0006519053973,500.93934809460234
3163.36,3452.688672988919,-289.3286729889187
1660.2,1657.731372663176,2.4686273368240563
1288.06,1496.0250230097188,-207.96502300971883
507.57,2002.8625559636666,-1495.2925559636667
800.04,2209.421610213699,-1409.3816102136989
6588.19,5192.177682335685,1396.0123176643147
1366.6,1743.600259532991,-377.0002595329911
155.51,1050.0990587014712,-894.5890587014712
719.06,1532.9820251310887,-813.9220251310887
4339.19,5203.72705866929,-864.5370586692907
5912.94,5527.755255687067,385.1847443129327
3044.21,3406.2959257759353,-362.08592577593527
4806.2,4875.719772709529,-69.5197727095292
5770.6,4964.315476205359,806.2845237946412
2747.75,1928.7206486524826,819.0293513475174
2581.36,3332.400343403435,-751.0403434034347
1054.42,2825.225838970085,-1770.805838970085
1812.59,2048.950522727626,-236.36052272762595
1163.11,1209.784406309051,-46.674406309051164
1302.97,1769.6205978290907,-466.65059782909066
7439.77,7517.338237172223,-77.56823717222233
1297.12,1678.2064100043144,-381.08641000431453
2564.95,2654.6126733005685,-89.66267330056871
3766.09,2811.9943420043196,954.0956579956805
1655.66,2747.575152500349,-1091.9151525003488
995.85,1777.2282616784598,-781.3782616784598
3634.36,4777.653849833832,-1143.2938498338322
8130.6,5516.595859993778,2614.0041400062228
2349.12,2721.7807639251764,-372.6607639251765
2269.17,1987.5538092470333,281.61619075296676
5031.12,1844.9248999754775,3186.1951000245226
1470.0,3427.0367245540056,-1957.0367245540056
2178.25,1653.805075424122,524.4449245758781
1064.31,1224.3040787392883,-159.9940787392884
1088.74,1602.3994939879656,-513.6594939879656
1335.98,2339.118293348194,-1003.1382933481941
3892.01,2229.1785085058814,1662.8314914941188
3158.72,3809.218774050828,-650.4987740508282
1307.73,3049.803304728071,-1742.073304728071
650.65,1322.8760685782659,-672.2260685782659
1422.01,2730.1032045601883,-1308.0932045601883
2612.0,2254.5330083939652,357.46699160603475
10876.05,3803.3908359878646,7072.659164012135
1806.62,2039.6465050994034,-233.0265050994035
4196.24,5364.556143563154,-1168.3161435631546
946.6,1448.0871699386878,-501.48716993868777
1166.77,1994.3203524226712,-827.5503524226713
625.95,934.0053855205355,-308.0553855205354
2784.2,1659.9271383256616,1124.2728616743382
6598.14,7625.29897480062,-1027.15897480062
5093.53,4702.698505827011,390.83149417298864
907.53,2292.633430797276,-1385.1034307972761
3146.01,5736.964175054041,-2590.954175054041
2392.99,2661.5804480777983,-268.59044807779856
1405.16,2434.636598800715,-1029.476598800715
3940.72,4632.476185176335,-691.7561851763353
1273.42,1044.7306930041304,228.68930699586963
1670.21,3317.988681042903,-1647.778681042903
1953.52,1742.8495321307848,210.67046786921514
1048.81,1142.8756064589895,-94.06560645898958
2114.18,1150.9644510624803,963.2155489375195
1610.26,1387.2010410529074,223.0589589470926
4257.34,2754.3987873924502,1502.94121260755
1011.42,1836.1737891733264,-824.7537891733265
2152.93,1983.9691525148105,168.96084748518933
8041.99,4217.657707975885,3824.3322920241144
689.61,1214.2060451483858,-524.5960451483858
1188.44,1962.5056134528359,-774.0656134528358
1988.65,2112.199944893504,-123.54994489350383
2513.69,1393.7185235455058,1119.9714764544942
766.93,1211.656348915993,-444.72634891599307
2931.36,8040.6652373484,-5109.305237348401
951.31,882.2724103677834,69.03758963221651
2438.13,1613.0146436255452,825.1153563744549
2141.46,2169.3885588955054,-27.928558895505375
390.56,1335.8309114091132,-945.2709114091133
2400.58,2563.3940623978974,-162.8140623978975
2306.75,4455.310634039179,-2148.5606340391787
623.61,1410.3551880845123,-786.7451880845123
511.55,1461.4666248479161,-949.9166248479162
1864.84,1896.4226923000297,-31.58269230002975
2264.95,4509.9784904106355,-2245.0284904106356
593.46,2428.2914301996216,-1834.8314301996215
899.79,1140.6112757782719,-240.8212757782719
10880.82,5485.498134025683,5395.321865974317
3052.89,2676.8192890310424,376.0707109689574
2637.24,2147.184039969994,490.05596003000574
2512.32,2329.353355144568,182.96664485543215
1491.84,1431.433379840504,60.406620159496015
1959.23,2018.9068718154847,-59.676871815484674
5558.37,3824.4912796330855,1733.8787203669144
1893.75,1239.40891170859,654.34108829141
2529.53,2618.5116931081366,-88.98169310813637
4389.97,4982.621550671461,-592.6515506714604
2463.36,1918.744766541413,544.6152334585872
4922.64,4780.541841368707,142.0981586312937
2008.58,2002.2542779667003,6.3257220332995985
1192.83,2997.158096235835,-1804.328096235835
1997.94,1420.0168767159328,577.9231232840673
8222.45,8314.559795558916,-92.10979555891572
1754.97,2156.1726909128097,-401.20269091280966
2073.42,2226.4354107374966,-153.0154107374965
1054.79,1920.7533186634932,-865.9633186634933
597.32,1535.3919990248194,-938.0719990248193
2140.09,3299.6593838111066,-1159.5693838111065
2018.71,3397.7581592057245,-1379.0481592057245
1273.7,2487.903940082402,-1214.2039400824021
709.62,1820.712776897856,-1111.0927768978559
1772.71,2757.0466037848214,-984.3366037848214
3851.88,2085.569451241145,1766.310548758855
2080.34,1057.610257016523,1022.7297429834771
1145.58,1563.10191150784,-417.52191150784006
4608.25,2717.918545063023,1890.331454936977
1379.65,3015.4806080365365,-1635.8306080365364
3141.86,2665.506485106259,476.35351489374125
1126.77,1700.800474283119,-574.030474283119
1877.61,1832.3861586404882,45.22384135951165
855.42,3323.231525318564,-2467.811525318564
677.83,1111.743408000663,-433.913408000663
3472.73,4995.560668962938,-1522.8306689629376
3970.45,3851.6919909782764,118.75800902172341
1367.23,1069.6855465786832,297.5444534213168
1339.2,2340.0576655211034,-1000.8576655211034
1773.25,2194.7143062974974,-421.4643062974974
3566.45,1994.2121209612671,1572.2378790387327
1085.52,2229.298855015418,-1143.7788550154182
679.02,2131.905645213919,-1452.885645213919
4340.97,4074.7256155211153,266.24438447888497
4483.36,2862.5196146575845,1620.8403853424152
3036.4,2068.9344625477993,967.4655374522008
2661.18,3485.497428357986,-824.317428357986
2422.37,1526.3911583593642,895.9788416406357
1771.2,1637.443719005935,133.75628099406504
7655.72,4436.0017975207975,3219.718202479203
4453.9,5364.16807360264,-910.2680736026405
1474.12,2233.9293127054407,-759.8093127054408
759.06,1283.391781209549,-524.331781209549
6995.67,6574.604147780713,421.0658522192871
503.79,1629.231719542045,-1125.4417195420451
688.64,1249.8619661762875,-561.2219661762875
2335.76,2159.346663582006,176.4133364179943
1543.8,1550.4446892894478,-6.644689289447797
3425.46,2576.8962412964947,848.5637587035053
1050.06,2056.0032110224174,-1005.9432110224175
7721.93,6816.681988392129,905.2480116078714
6320.51,3827.7068417947216,2492.8031582052786
5089.35,4187.742924335042,901.6070756649588
872.91,1378.2427818865224,-505.3327818865224
3600.44,3606.0047400063013,-5.5647400063012356
7779.97,2764.9249288099486,5015.045071190052
3270.45,2178.4909683547285,1091.9590316452714
4859.0,3056.0562853723027,1802.9437146276973
1183.62,1736.3843136490864,-552.7643136490865
5052.34,4189.7859075833285,862.5540924166717
689.97,1251.9880359358035,-562.0180359358035
1212.66,2485.3516869824016,-1272.6916869824015
6573.58,4724.9083120785035,1848.6716879214964
6025.51,1491.952568181799,4533.557431818201
914.34,1038.0047978430334,-123.6647978430334
3175.03,3434.2917516546195,-259.2617516546193
6855.83,2964.4935931208515,3891.3364068791484
834.41,1573.9493639023663,-739.5393639023663
1319.14,1541.9738837861005,-222.8338837861004
1596.13,2538.2841495055286,-942.1541495055285
3949.15,1745.9280328745213,2203.221967125479
740.96,1543.9054600145348,-802.9454600145348
3741.01,3397.56073339944,343.44926660056035
3928.11,2765.2384555552003,1162.8715444447998
2466.0,2391.8673486306384,74.13265136936161
2315.34,3677.996617826363,-1362.656617826363
6663.53,1463.0027227337614,5200.527277266238
606.42,974.3713234250682,-367.95132342506827
6412.58,10589.886545687063,-4177.306545687063
1528.33,1671.892132422082,-143.5621324220822
997.93,1423.7764551165137,-425.84645511651377
1048.25,2355.5837707132027,-1307.3337707132027
3034.28,1889.9108650761889,1144.3691349238113
1785.06,2501.011234377968,-715.9512343779679
2778.14,1218.3019673571787,1559.8380326428212
6532.79,7167.434093551656,-634.6440935516557
682.79,997.8426927194755,-315.05269271947554
1024.91,1608.8890072465676,-583.9790072465676
1857.13,3069.0163380693207,-1211.8863380693206
5298.18,2721.071277085262,2577.1087229147383
2418.29,2826.7572012707506,-408.4672012707506
4488.35,3850.036950842493,638.3130491575075
1844.85,3437.8136059901412,-1592.9636059901413
1753.51,1761.2207284759884,-7.71072847598839
2837.84,5888.102308800502,-3050.262308800502
2196.27,2402.166052129588,-205.89605212958804
585.14,1094.8883804570467,-509.74838045704666
4854.92,4802.302134941603,52.617865058397
14882.14,14084.75614338006,797.3838566199393
14018.37,7570.650254280654,6447.719745719347
1056.29,1692.5383578998294,-636.2483578998294
2754.58,2125.233133292979,629.346866707021
2967.44,2891.502296072401,75.93770392759916
3166.87,6418.748799658981,-3251.878799658981
971.25,3915.6748487748514,-2944.4248487748514
7992.43,8532.195392694055,-539.7653926940548
1170.94,1795.4308538572038,-624.4908538572038
1131.84,749.3156091396585,382.52439086034144
2592.01,2142.3685277238283,449.64147227617195
2296.16,1498.1916755001714,797.9683244998284
2138.69,2098.7709352302936,39.91906476970644
670.95,1872.088173915626,-1201.1381739156259
503.78,1048.9911556073534,-545.2111556073535
2147.4,3401.171405510142,-1253.771405510142
602.08,1018.404658617807,-416.3246586178069
1760.17,3073.2319384295142,-1313.0619384295142
566.63,2150.5442955560848,-1583.9142955560847
878.69,1420.2614557523532,-541.5714557523531
2935.29,3627.899484647794,-692.609484647794
1997.07,2076.2267170285413,-79.15671702854138
1368.25,2642.626999273837,-1274.376999273837
3492.8,1974.8949065728466,1517.9050934271536
4088.59,3923.425545521961,165.16445447803926
1823.47,2821.6757447112236,-998.2057447112236
2173.06,1692.9196703429398,480.1403296570602
962.5,1825.7382301856796,-863.2382301856796
5384.71,8062.164324071346,-2677.4543240713456
1342.94,3078.6587893376936,-1735.7187893376936
729.02,1346.4285535328047,-617.4085535328047
4910.39,3378.9384239463097,1531.4515760536906
4513.62,2112.552938301557,2401.067061698443
964.22,1852.9971289064317,-888.7771289064317
1365.84,1121.802784618824,244.03721538117588
685.48,2062.279333548279,-1376.7993335482788
2486.11,2554.6913113913893,-68.58131139138914
14402.79,11842.096005184452,2560.6939948155486
1586.95,2004.5007351663983,-417.5507351663982
1438.05,1440.561307778732,-2.511307778732089
1070.72,2013.3901697887636,-942.6701697887636
1507.68,1949.7299333808214,-442.04993338082136
636.95,1213.2535985643847,-576.3035985643846
6113.22,4894.319912414117,1218.9000875858828
428.47,1567.8629910448572,-1139.3929910448571
837.14,1071.9135704191306,-234.77357041913058
3585.05,6570.16702764646,-2985.11702764646
5232.79,5545.396289119138,-312.6062891191377
513.25,913.9364887012339,-400.6864887012339
3425.83,1411.2361776768357,2014.5938223231642
1049.98,2014.2343028597,-964.2543028596999
11061.95,9071.58217809426,1990.3678219057401
14829.43,10441.723768251377,4387.706231748623
8647.15,4820.227922085074,3826.9220779149255
5406.73,4026.7622895522322,1379.9677104477673
6030.7,5843.727455526214,186.972544473786
1123.68,1796.0417374142542,-672.3617374142541
2587.17,2190.3465454646935,396.8234545353066
4226.4,8142.163949338859,-3915.7639493388597
1803.34,2945.329179419802,-1141.9891794198022
956.5,2286.4034259324735,-1329.9034259324735
724.1,1520.612586062902,-796.512586062902
736.7,2239.916373245776,-1503.216373245776
2248.19,3016.274743971556,-768.0847439715558
1163.55,995.3382155704656,168.2117844295343
3203.57,2690.6282158964013,512.9417841035988
1398.55,1324.7307417483491,73.81925825165081
2889.12,1455.3070470065647,1433.8129529934351
1270.36,1513.1219030927252,-242.76190309272533
685.25,1441.7141644308979,-756.4641644308979
2622.1,1587.5223884740074,1034.5776115259926
1364.36,1612.2372002058848,-247.87720020588495
2337.45,1430.7661027028569,906.683897297143
7666.79,10914.574939186017,-3247.7849391860173
2449.33,1413.383573442846,1035.946426557154
2365.01,1619.8441234793206,745.1658765206796
2143.09,3538.8691136808993,-1395.7791136808992
1890.69,3353.6926220643554,-1463.0026220643554
1663.43,2803.999964779042,-1140.5699647790418
5411.88,2979.7258223448903,2432.15417765511
1241.4,1631.3769685424234,-389.97696854242326
3313.88,1098.5157244367197,2215.3642755632804
2622.28,2162.4276612085396,459.8523387914606
1960.3,1799.6783237652367,160.6216762347633
1485.38,2094.624626818807,-609.2446268188069
1032.02,1032.8722904591982,-0.8522904591982297
1781.63,1552.9767838167102,228.65321618328994
291.41,2296.7858069854865,-2005.3758069854864
11598.57,11010.681609689476,587.8883903105234
3104.45,14540.15765335129,-11435.707653351292
3200.55,3476.1903214281892,-275.64032142818905
9469.91,4733.745964508039,4736.164035491961
3822.76,4867.304822685503,-1044.5448226855024
1171.73,1565.8174532589255,-394.0874532589255
2929.76,2530.8833299669636,398.8766700330366
4270.91,5874.495105678711,-1603.5851056787114
1375.0,4253.3501566567675,-2878.3501566567675
2187.62,3190.460455028181,-1002.8404550281812
2842.45,2944.4377586632763,-101.98775866327651
1865.9,2074.8414084528904,-208.9414084528903
5264.73,7511.442803433207,-2246.7128034332072
2505.74,2693.583338675693,-187.8433386756933
2817.18,1836.550344794171,980.6296552058288
2043.75,2073.136372777156,-29.386372777155884
5412.5,3576.4284645443345,1836.0715354556655
5820.32,11789.323040792427,-5969.003040792428
2838.08,1892.0030759867038,946.0769240132961
1182.83,1065.7955662693323,117.03443373066762
2037.09,1477.3376105532361,559.7523894467638
788.38,910.2638124567859,-121.8838124567859
1340.9,2986.7674477018572,-1645.8674477018571
1417.16,2711.156973037129,-1293.9969730371288
632.03,1092.647220086682,-460.617220086682
1083.05,2774.3037687329625,-1691.2537687329625
1166.5,3662.382543536463,-2495.882543536463
732.53,2454.50806842981,-1721.97806842981
889.09,1760.596428893824,-871.5064288938239
5408.08,2834.360226761928,2573.719773238072
1696.74,2036.7061437973255,-339.96614379732546
7113.41,4812.35092073819,2301.0590792618095
688.23,1520.5712944481227,-832.3412944481227
1968.75,1954.6102655018428,14.139734498157168
1912.62,3092.4954491594654,-1179.8754491594655
4129.44,2203.4626380798127,1925.977361920187
863.49,757.1841005933989,106.30589940660116
1104.41,1152.2383041206872,-47.82830412068711
1798.95,1129.5933817766468,669.3566182233533
6225.31,2444.4332019052054,3780.876798094795
4332.98,2753.450761551661,1579.5292384483387
3303.79,2003.0787670283137,1300.7112329716863
2836.59,1992.0569289599757,844.5330710400244
3878.82,1376.3620252045166,2502.4579747954836
1842.84,1176.3457840076023,666.4942159923976
11613.2,6282.321401254998,5330.878598745003
818.4,1208.9247229290602,-390.5247229290602
4186.2,3849.784813110577,336.4151868894228
5172.16,6443.113577821847,-1270.953577821847
1302.74,2218.747839283266,-916.0078392832659
1074.5,1075.358777961883,-0.8587779618831064
2233.67,2898.2107825865533,-664.5407825865532
2517.2,1858.540665819683,658.6593341803168
604.01,1151.6573102185487,-547.6473102185487
4113.35,5043.650010643157,-930.3000106431564
16596.56,7779.082798222747,8817.477201777254
8715.92,4826.051028255319,3889.8689717446814
878.74,1133.72613294108,-254.9861329410801
3670.43,3822.4405700553534,-152.01057005535358
3936.74,4699.711142983968,-762.9711429839681
3284.02,3493.906998575009,-209.88699857500887
2347.96,3750.284510948214,-1402.324510948214
4902.59,7362.9551227178135,-2460.3651227178134
1934.48,3736.07875611305,-1801.59875611305
925.36,1197.4850710901842,-272.1250710901842
3815.87,2587.5084405256375,1228.3615594743624
688.61,2230.734593208787,-1542.1245932087868
1162.79,1895.0234285484905,-732.2334285484906
1250.92,3632.188615624931,-2381.268615624931
1689.04,2199.1108052787295,-510.0708052787295
737.44,1561.7689365062356,-824.3289365062356
6817.68,3310.8929968295965,3506.7870031704038
857.78,1852.0921776729954,-994.3121776729954
763.29,1706.084680296358,-942.7946802963581
2646.89,1630.60345231482,1016.2865476851798
1630.61,1977.3572335458175,-346.7472335458176
677.1,1219.7639848647023,-542.6639848647022
1747.27,2100.9518552765476,-353.6818552765476
15005.94,9294.905745501743,5711.034254498258
552.91,1078.782345762542,-525.8723457625421
1233.16,2137.4352690422274,-904.2752690422274
3038.8,3766.908044472005,-728.1080444720046
1575.61,1282.3407288594817,293.2692711405182
2156.08,3208.3023002617333,-1052.2223002617334
1987.31,1616.737590978089,370.57240902191097
2499.6,3422.960415950048,-923.3604159500483
694.52,1300.2982855102277,-605.7782855102278
2303.2,2975.6903951843337,-672.4903951843339
3308.8,6992.955875877095,-3684.1558758770952
1401.84,1561.5465539968739,-159.70655399687394
1656.83,2099.293222924749,-442.46322292474906
1064.41,831.4002336982561,233.00976630174398
532.88,2097.741241949619,-1564.861241949619
799.41,1191.117459588147,-391.7074595881471
4162.97,4995.3271887800465,-832.3571887800463
2796.19,1794.4166376519395,1001.7733623480606
296.4,1708.7391083342882,-1412.339108334288
4315.02,3184.0056387996,1131.0143612004003
4938.68,4642.737731786757,295.94226821324355
1341.86,2592.2723097689827,-1250.4123097689828
4043.13,4062.800731465841,-19.670731465841072
10441.13,6924.955662499739,3516.1743375002598
1524.63,1765.7072067595036,-241.0772067595035
906.15,5525.088638953455,-4618.938638953456
1988.14,2736.0499641078195,-747.9099641078194
10977.31,7116.993071419328,3860.3169285806716
3123.27,2811.1703385870546,312.09966141294535
4129.06,2836.2331443583025,1292.8268556416979
1782.87,1728.4091811356468,54.46081886435309
7655.76,3504.3703937721193,4151.389606227881
1155.97,1637.5394565416652,-481.5694565416652
16014.48,9265.486265963158,6748.9937340368415
2258.87,3303.451141728439,-1044.581141728439
5401.58,5643.453835512759,-241.8738355127589
411.0,1481.4143139827286,-1070.4143139827286
1182.94,1579.7301083870761,-396.7901083870761
10.0,2696.311043911869,-2686.311043911869
853.22,1425.4442697697673,-572.2242697697673
903.21,2193.1436507336966,-1289.9336507336966
805.42,1231.499872509755,-426.0798725097551
4009.24,3699.9430327339787,309.29696726602106
702.52,1088.0173787403035,-385.4973787403035
3251.23,2645.3054664079473,605.9245335920527
1222.04,1543.5481591702285,-321.5081591702285
4566.69,4971.584990460395,-404.8949904603951
3094.86,3063.9998874047888,30.860112595211376
938.57,1442.712442416382,-504.14244241638187
842.32,1840.456009053052,-998.1360090530519
1787.89,2167.9589045473517,-380.0689045473516
1413.34,1396.4162022369828,16.92379776301709
4981.55,5627.926705731436,-646.3767057314362
9644.46,4422.917989854617,5221.542010145382
1091.13,2912.306040907205,-1821.1760409072049
2636.46,3150.2799493452376,-513.8199493452375
1511.79,2093.2807250600017,-581.4907250600018
8308.63,11201.245140297484,-2892.6151402974847
6968.77,6302.373329753203,666.3966702467978
520.43,1118.956152827619,-598.5261528276191
11811.97,6993.508141539157,4818.461858460842
8322.99,5272.210141749731,3050.779858250269
2323.38,1521.3122759514283,802.0677240485718
3098.16,6759.193193472991,-3661.033193472991
2537.97,2861.4808550044763,-323.5108550044765
2848.58,4833.923966239058,-1985.3439662390583
6766.97,9257.887604590296,-2490.917604590296
621.36,1289.3847063559147,-668.0247063559146
10969.5,3551.4436236020765,7418.0563763979235
2358.72,1207.2901312183726,1151.4298687816272
888.31,1768.6217769458085,-880.3117769458086
1461.55,3590.4177750682697,-2128.86777506827
710.09,1042.9668365363218,-332.8768365363218
6613.28,4319.7849192015365,2293.4950807984633
1284.53,2135.1140051985353,-850.5840051985354
1347.36,1621.6902666021258,-274.3302666021259
5579.3,4180.066568619855,1399.2334313801448
1703.33,2773.0108068177174,-1069.6808068177174
696.7,844.8689669339748,-148.16896693397473
1273.8,1089.8289956140684,183.97100438593156
3006.49,2796.677058702302,209.81294129769776
4983.4,3254.0665247552947,1729.333475244705
4046.24,3519.752835463581,526.4871645364187
1445.83,1811.172857650557,-365.3428576505571
5512.62,2873.6516176760056,2638.9683823239943
2240.86,1951.9498532743792,288.91014672562096
1331.42,2034.5673852250413,-703.1473852250413
2289.39,3096.3410548983916,-806.9510548983917
5286.99,4420.736722752175,866.2532772478244
1451.12,1442.4597056738853,8.660294326114581
637.31,1050.5725691340851,-413.2625691340852
1090.66,1766.6056012149943,-675.9456012149942
8335.32,4146.401777991028,4188.9182220089715
1021.26,3209.2400050701685,-2187.9800050701688
1990.99,1534.9250877350528,456.0649122649472
1418.21,3184.4337623968686,-1766.2237623968686
1847.63,5012.726550320547,-3165.096550320547
5812.81,2938.521582562557,2874.2884174374435
3354.85,5423.078576721042,-2068.228576721042
8906.73,10003.457387826642,-1096.7273878266424
1300.74,2989.294495199085,-1688.5544951990848
1668.78,2248.2286455127705,-579.4486455127706
1809.1,1450.2674962164301,358.8325037835698
3701.23,3186.7134408993147,514.5165591006853
2719.42,3731.191624744244,-1011.771624744244
812.11,1198.083282545684,-385.9732825456839
1682.04,1723.8683442416302,-41.82834424163025
1684.61,2667.373239058229,-982.7632390582291
4113.69,2242.136745704846,1871.5532542951537
626.15,2090.342816350049,-1464.1928163500488
634.11,1887.626350134702,-1253.516350134702
3262.46,2344.3308149805666,918.1291850194334
1825.93,1650.879110529564,175.050889470436
1447.44,4243.00533507493,-2795.5653350749303
3281.5,3971.2220916122424,-689.7220916122424
2502.7,1867.3016166110883,635.3983833889115
1512.98,2398.819599441074,-885.8395994410739
6729.12,6762.205653956392,-33.08565395639198
1400.0,2625.2159436598763,-1225.2159436598763
2111.79,2578.210208630813,-466.42020863081325
732.3,1490.8952967298374,-758.5952967298374
2380.39,2634.3204778897657,-253.93047788976583
4855.36,1425.3250832129602,3430.0349167870395
1370.87,3268.291683845511,-1897.4216838455113
938.44,1538.5461201477024,-600.1061201477023
6325.69,5536.935882292234,788.7541177077655
3292.32,2797.4779980828407,494.84200191715945
579.62,947.2042124760958,-367.5842124760958
7650.85,5688.528061913603,1962.3219380863975
1266.73,2189.8463137365807,-923.1163137365807
3093.0,2687.0915748639036,405.9084251360964
1479.1,2286.965374546817,-807.8653745468173
3977.39,1193.3006568917585,2784.0893431082413
8207.08,12626.615460033714,-4419.535460033714
1290.6,1718.8794529351803,-428.2794529351804
3215.48,2471.3462722870986,744.1337277129014
1378.68,1539.1101098362158,-160.4301098362157
1057.74,1372.3637833477144,-314.6237833477144
11100.39,7039.481883487619,4060.9081165123807
2617.06,2193.0775558919336,423.9824441080664
3843.72,3064.7810607412084,778.9389392587914
3003.75,2050.7979785707785,952.9520214292215
1673.41,5577.956005076004,-3904.546005076004
891.14,1417.7010532154418,-526.5610532154418
3518.16,3507.895741673783,10.264258326216805
6758.05,9340.242643487914,-2582.192643487914
934.98,1180.217027149898,-245.23702714989804
2381.82,1181.5913291594422,1200.228670840558
1693.42,1188.4485351052217,504.97146489477836
1187.92,1224.3643735624187,-36.444373562418605
2116.88,2287.970305176174,-171.09030517617384
1200.4,2170.468483644761,-970.0684836447608
1655.3,3019.585024694808,-1364.285024694808
2439.95,3088.7610557447483,-648.8110557447485
2459.13,2584.4755296581952,-125.34552965819512
8178.07,6196.091002833297,1981.9789971667024
3859.13,5556.242170553032,-1697.1121705530322
5069.7,3272.4570631964916,1797.2429368035082
1957.05,1836.4903925047038,120.55960749529618
557.62,1249.343867875448,-691.723867875448
4295.43,3861.67745377839,433.7525462216104
764.6,1347.2544253774872,-582.6544253774872
1089.25,3350.468261884453,-2261.218261884453
3313.56,3021.903381558221,291.65661844177885
625.57,1469.9484264008508,-844.3784264008508
1256.37,1731.131083993528,-474.761083993528
1836.68,2605.994818044137,-769.3148180441369
3304.82,4276.8019772052185,-971.9819772052183
3604.13,4579.571320284838,-975.4413202848382
1728.9,1703.8322744352588,25.067725564741295
2208.28,1989.5568006915012,218.72319930849903
4471.33,3894.725342125061,576.6046578749388
2622.18,3960.056519348159,-1337.876519348159
3172.09,3256.086716097761,-83.99671609776078
731.24,3520.3536277811963,-2789.1136277811966
2115.61,3283.450349828852,-1167.8403498288517
6324.22,8150.1189324651605,-1825.8989324651602
2585.97,3784.4049027473716,-1198.4349027473718
7069.58,6288.5643696111065,781.0156303888934
1354.34,1627.010842348804,-272.6708423488042
3640.04,1998.0969218004386,1641.9430781995613
771.89,1003.2079126307974,-231.31791263079742
2395.13,3192.9138321548417,-797.7838321548415
6028.49,3591.0211474960133,2437.4688525039865
751.7,5391.688388352095,-4639.988388352095
7881.43,2099.806642744805,5781.6233572551955
1539.4,2008.6173355740727,-469.21733557407265
1443.25,2024.489859886832,-581.2398598868319
7716.1,5608.777263891926,2107.3227361080744
650.2,1341.427264815435,-691.2272648154349
1810.72,3813.824876462592,-2003.1048764625918
1392.63,2338.303088042604,-945.6730880426039
541.7,4176.920698622904,-3635.220698622904
896.03,1010.8456564036557,-114.81565640365568
1862.89,2577.9503240549084,-715.0603240549083
752.81,1216.5827561090036,-463.7727561090037
1728.39,1857.7110946480495,-129.32109464804944
1218.61,1631.9577779221772,-413.34777792217733
3105.75,1597.7619517610017,1507.9880482389983
6169.66,7643.716747964363,-1474.0567479643632
12160.11,9700.761490514144,2459.348509485857
5647.52,2518.6405248150836,3128.879475184917
769.55,1763.5362710004458,-993.9862710004459
1147.65,2405.976219429987,-1258.3262194299868
3033.27,4677.243437281257,-1643.9734372812568
6657.84,6662.962124485649,-5.122124485648783
2537.57,2430.6196076955703,106.9503923044299
2922.08,1602.8100202634173,1319.2699797365826
1571.02,2450.99568976687,-879.9756897668699
1311.03,3051.038167382984,-1740.0081673829839
2173.49,2255.946163408976,-82.45616340897641
652.85,2508.443266826089,-1855.593266826089
8408.09,6925.892635666711,1482.1973643332894
2469.95,3994.470406928348,-1524.5204069283482
2936.89,3417.2141193481257,-480.3241193481258
2069.44,1957.7819647848103,111.65803521518978
4634.44,2867.4599868612927,1766.980013138707
2479.7,4081.8251890418937,-1602.125189041894
3313.81,1316.753964148915,1997.056035851085
11221.56,9478.635947016212,1742.924052983788
1471.49,2628.320638230363,-1156.8306382303629
3050.15,6034.360138300287,-2984.210138300287
2752.17,2728.954525897715,23.215474102285043
1406.92,4639.792739479178,-3232.8727394791777
3750.83,1611.7774812995926,2139.0525187004073
4196.78,2257.512986937408,1939.2670130625916
2261.53,2181.566817623259,79.96318237674132
2077.01,1479.7759753997948,597.2340246002054
5073.58,6486.671408070402,-1413.0914080704024
3841.14,3929.6473245039315,-88.50732450393161
3247.09,1974.5365219787138,1272.5534780212863
9420.0,3192.122240210451,6227.87775978955
1901.57,2124.6325613656722,-223.0625613656723
3905.29,2127.0879746691626,1778.2020253308374
3118.53,4968.395485998206,-1849.8654859982057
3350.37,2451.2043785230885,899.1656214769114
417.35,1395.3501020706378,-978.0001020706378
2410.76,2096.9783386430167,313.7816613569835
1378.34,4065.334549497529,-2686.994549497529
898.46,1385.5400915173336,-487.0800915173336
1783.18,1263.3077763410104,519.8722236589897
1435.54,1067.0030185180724,368.53698148192757
2987.03,1937.5404715912196,1049.4895284087806
970.84,1531.2984970876776,-560.4584970876775
2750.82,3619.901534045957,-869.0815340459567
739.84,1119.9759741048742,-380.1359741048742
1384.65,2592.3831701766962,-1207.7331701766961
1764.27,1791.789078738292,-27.51907873829191
1511.75,1819.6289305713667,-307.8789305713667
1504.11,1756.3743308700828,-252.26433087008286
1850.88,2450.499680074407,-599.6196800744069
9840.85,5221.767492862336,4619.082507137664
1537.01,2370.3831924880546,-833.3731924880547
1601.13,1303.9936299243916,297.1363700756085
3480.66,4842.763457705054,-1362.103457705054
1433.47,2268.411118167218,-834.9411181672178
1226.32,695.8504703916951,530.4695296083048
1970.02,4845.614934862139,-2875.5949348621393
2980.03,4011.225916724186,-1031.1959167241857
4162.87,3010.409626312827,1152.4603736871727
915.2,1047.114200183692,-131.91420018369195
4142.51,3533.222480385706,609.2875196142941
8059.07,5579.276963842678,2479.7930361573217
3565.81,2341.8611414492625,1223.9488585507374
1590.42,3915.939322505932,-2325.519322505932
2606.42,2314.14678610405,292.27321389595
1057.0,1380.4487709821724,-323.4487709821724
937.37,944.2420593332648,-6.872059333264815
2880.96,5227.327642829511,-2346.367642829511
2164.95,2544.5177437882535,-379.56774378825367
15002.89,5526.218407982198,9476.671592017801
838.19,891.4591118178173,-53.26911181781725
816.21,2544.8874974402124,-1728.6774974402124
1064.6,2268.673911353691,-1204.073911353691
2964.92,2543.311735991782,421.60826400821816
1668.41,2727.762410432991,-1059.352410432991
805.89,1657.96584107623,-852.07584107623
3030.37,2835.458949799343,194.91105020065697
4131.89,3663.677554692446,468.2124453075544
917.64,1445.7470603170402,-528.1070603170402
2089.26,2176.577094496289,-87.31709449628897
881.49,1313.8573463246767,-432.36734632467665
1174.64,1550.6598264577033,-376.0198264577032
1605.8,1268.7607569116064,337.0392430883935
1031.57,963.7510324991131,67.81896750088686
10010.0,9488.445528589851,521.5544714101488
837.2,1331.300380382634,-494.10038038263406
954.83,1629.301388277925,-674.471388277925
5264.84,3209.1239187768424,2055.7160812231577
1284.67,1156.4516818143475,128.2183181856526
847.98,962.2383922674018,-114.25839226740175
7830.21,4416.657269406007,3413.552730593993
8054.92,6999.453671991999,1055.4663280080013
4013.41,3013.273978166666,1000.1360218333339
4283.25,2276.9269167583557,2006.3230832416443
782.7,1208.8322703250976,-426.1322703250976
3017.92,2934.7714739029966,83.14852609700347
755.78,1105.9020301438927,-350.12203014389274
1426.96,1593.198698948772,-166.23869894877203
2717.54,1779.642734849852,937.8972651501479
2066.85,1581.2933407865798,485.55665921342006
1795.03,1513.2391589668716,281.79084103312834
223.49,1297.97762622019,-1074.48762622019
5764.42,11241.882670756553,-5477.462670756553
2096.85,1940.6117785141248,156.2382214858751
3436.55,5910.611034667334,-2474.061034667334
2787.64,2262.730663357455,524.909336642545
2438.3,2566.571307860478,-128.27130786047792
441.04,749.8115865629223,-308.7715865629223
3802.45,3731.9878076966056,70.4621923033942
7968.22,5698.165461459993,2270.0545385400073
1080.0,9745.77542617535,-8665.77542617535
757.78,1291.8556727308016,-534.0756727308017
2116.81,3318.604347802066,-1201.794347802066
1217.4,1709.3759472177715,-491.97594721777136
534.27,2450.632677811314,-1916.362677811314
5331.9,2670.685314937676,2661.2146850623235
1676.71,1978.0915582705245,-301.38155827052447
944.9,842.640467938596,102.259532061404
2950.07,2651.1231760551436,298.94682394485653
808.6,1337.3447290158497,-528.7447290158497
1784.18,2596.695340646441,-812.5153406464408
1229.0,3771.147629604569,-2542.147629604569
721.92,1372.8146601207281,-650.8946601207282
646.0,1065.167957674727,-419.16795767472695
1828.82,3450.149202044238,-1621.329202044238
1875.42,3276.567999618692,-1401.1479996186918
2236.53,1593.4727106382845,643.0572893617157
963.36,2698.8458798719357,-1735.4858798719356
16832.12,8439.790491116062,8392.329508883937
2314.84,3248.823773980288,-933.9837739802879
2241.95,3207.399951774672,-965.4499517746722
4368.4,3867.8602704208542,500.5397295791454
1456.56,1001.3356224863585,455.22437751364146
4777.88,3791.1066191766804,986.7733808233197
1600.52,4405.4044581015705,-2804.8844581015705
1686.59,1473.471091444262,213.11890855573802
773.73,1124.5597427109267,-350.82974271092667
2635.47,3633.624343197364,-998.1543431973641
908.71,1280.4034168974565,-371.6934168974565
7874.39,3943.5229063066568,3930.8670936933436
1211.12,1719.2616932862895,-508.14169328628964
2943.73,2453.7422700257466,489.9877299742534
2105.52,2653.2728356163216,-547.7528356163216
445.93,816.9963668065666,-371.0663668065666
2514.84,2934.535686279773,-419.6956862797729
1006.35,3050.4857162922076,-2044.1357162922077
1628.5,1707.306866910802,-78.806866910802
3025.52,2024.8806944053547,1000.6393055946453
1439.77,2103.4901186344005,-663.7201186344005
2074.88,5504.393127025386,-3429.513127025386
8456.09,4232.987878768714,4223.102121231286
676.15,978.6278873524697,-302.4778873524697
4852.27,8307.097855449549,-3454.827855449548
293.66,912.7235435513742,-619.0635435513741
1345.52,1014.014572564591,331.50542743540893
2475.41,2184.239550380437,291.170449619563
794.28,1686.6416518158965,-892.3616518158965
1651.91,1934.7935741286476,-282.8835741286475
2855.24,2285.9376656845716,569.3023343154282
2935.55,2780.824603794602,154.72539620539828
5121.4,6800.601835731718,-1679.2018357317183
4857.98,3783.8619356302465,1074.118064369753
1250.93,1059.2939523694283,191.63604763057174
841.43,1665.4293709954293,-823.9993709954293
1217.81,2153.8753946780957,-936.0653946780958
2049.88,3279.722184708352,-1229.8421847083519
2227.73,3094.880587245837,-867.150587245837
3224.63,2026.6178702488708,1198.0121297511294
7806.11,6069.211726569297,1736.8982734307028
1480.52,2714.33987414141,-1233.8198741414099
1270.32,1857.557377995933,-587.237377995933
2245.81,1897.9704277342291,347.8395722657708
10691.88,9936.885228502586,754.9947714974132
1104.16,929.8007949112332,174.35920508876688
2632.6,1619.9421490752518,1012.6578509247481
3951.65,1960.2225845408925,1991.4274154591076
4324.75,4922.005854131497,-597.2558541314966
1157.46,2540.5590026674427,-1383.0990026674426
5845.08,11504.419007207722,-5659.339007207722
2428.33,1859.7847218000047,568.5452781999952
1183.22,880.9070535569348,302.31294644306524
1518.89,2738.5453875207754,-1219.6553875207753
3000.27,3097.589702776163,-97.31970277616301
690.97,1572.2341997132312,-881.2641997132312
589.85,1226.3559391548486,-636.5059391548485
11599.45,9641.92510373883,1957.5248962611713
2235.55,2047.3422349261155,188.20776507388473
2671.48,2883.7687594163385,-212.2887594163385
5331.94,8976.284789008758,-3644.344789008758
2040.35,2644.0249605351028,-603.6749605351029
2378.94,3189.3031167423715,-810.3631167423714
3482.82,4791.795339997031,-1308.975339997031
3288.63,3914.5860708141295,-625.9560708141294
2728.86,2300.8289773653446,428.0310226346555
3316.46,4066.0280818178735,-749.5680818178735
1765.99,2080.1601711653952,-314.17017116539523
1122.09,1261.389419622179,-139.29941962217913
2679.95,3419.948160135264,-739.9981601352642
2107.85,2813.6649985582776,-705.8149985582777
4049.02,4697.9309001068905,-648.9109001068905
9913.63,8147.3755130264535,1766.2544869735457
1758.42,1883.9376769109294,-125.51767691092937
2058.0,1205.5538439160362,852.4461560839638
3015.13,2428.871149467345,586.2588505326553
5169.65,4062.9896459932306,1106.660354006769
1780.21,1965.42721090536,-185.21721090535993
2576.48,1559.9947890904245,1016.4852109095755
1506.36,4115.816554730633,-2609.456554730633
6971.98,4493.983018489619,2477.9969815103805
6302.71,5509.580099867732,793.1299001322677
996.63,1356.4751706735694,-359.84517067356944
573.75,1131.3367779803825,-557.5867779803825
3413.7,2639.216289431139,774.4837105688607
1312.14,2294.7984301622487,-982.6584301622486
1244.61,1502.2329665862949,-257.622966586295
1699.01,998.5032734181627,700.5067265818373
3097.59,7544.255966145473,-4446.665966145473
7944.5,4642.105581029516,3302.3944189704844
6957.23,9619.21608593355,-2661.9860859335513
701.96,2268.7213583881276,-1566.7613583881275
1981.64,1392.1924717634067,589.4475282365934
1588.46,3166.7548866531915,-1578.2948866531915
5262.95,4799.596191098685,463.35380890131455
208.28,1044.7487201872752,-836.4687201872753
2463.93,2228.2798138622134,235.65018613778648
1362.95,1982.456816026957,-619.506816026957
5206.81,3756.8660422878015,1449.9439577121989
1829.49,1483.901549818119,345.58845018188094
2936.69,2542.778103035189,393.91189696481115
1766.88,1326.8996504649765,439.9803495350236
5027.09,4064.3060450022,962.7839549978003
1236.74,2200.7553641434242,-964.0153641434242
2706.99,2259.439239306952,447.5507606930478
865.2,2842.290964569787,-1977.0909645697868
2758.88,3074.806574161536,-315.9265741615359
569.89,1792.0060260066296,-1222.1160260066295
4439.03,2222.218369608194,2216.811630391806
521.7,1127.9526737846184,-606.2526737846183
3437.9,1587.0364349714225,1850.8635650285776
1074.74,1978.227489531856,-903.487489531856
1023.71,1452.7347115356288,-429.02471153562874
2217.47,5358.098615145327,-3140.6286151453273
2380.29,2114.7466035998495,265.5433964001504
1018.06,1106.4625933205882,-88.40259332058827
656.99,1182.3042826884703,-525.3142826884703
1713.28,3383.2783604758333,-1669.9983604758334
832.38,1563.851782946692,-731.4717829466921
784.31,2276.567807653712,-1492.257807653712
2261.5,4107.7564177062095,-1846.2564177062095
3268.75,4282.858786658787,-1014.1087866587868
3962.11,2683.002551893646,1279.1074481063542
2328.68,5484.797812670141,-3156.117812670141
3594.76,4102.612469454155,-507.85246945415474
4590.84,3969.393295457422,621.4467045425781
2080.91,2980.9326404173376,-900.0226404173377
2717.1,1587.7843268879858,1129.315673112014
1929.79,2146.352759396,-216.56275939599982
6758.16,6367.197600747374,390.9623992526258
1563.45,2243.1200433306785,-679.6700433306785
2356.68,3983.53377011076,-1626.8537701107603
914.08,2833.0041901958334,-1918.9241901958335
794.26,1259.2860489214218,-465.02604892142176
1168.65,1913.2753975436437,-744.6253975436437
2468.08,2856.5874005340816,-388.5074005340816
824.28,2002.054675863679,-1177.774675863679
4134.21,4025.4696451164305,108.74035488356958
1306.51,1375.889599336961,-69.37959933696106
1073.38,1783.8545338584702,-710.4745338584701
1574.82,1615.5514364563758,-40.73143645637583
1855.82,2888.327907117744,-1032.507907117744
5693.52,3263.861669762488,2429.6583302375125
1039.05,2377.997923249544,-1338.947923249544
1790.65,1989.2563906030546,-198.60639060305448
570.39,1322.259532134144,-751.8695321341439
621.2,1685.0724395113725,-1063.8724395113725
992.23,3246.590192621673,-2254.360192621673
2278.82,2303.4963961335966,-24.676396133596427
4200.26,2379.4837654327853,1820.776234567215
5058.96,3271.234485299616,1787.7255147003839
1238.67,2141.394264086629,-902.7242640866289
3222.75,1839.5202819516464,1383.2297180483536
1536.62,4404.096909076717,-2867.4769090767168
810.6,935.7071135239993,-125.10711352399926
3287.67,1464.7176989962602,1822.9523010037399
2805.94,3095.734896927197,-289.794896927197
3472.6,3135.2000589936365,337.3999410063634
2228.83,1281.6228518998776,947.2071481001224
1458.94,2603.8112898304416,-1144.8712898304416
2431.22,2269.4078570506526,161.81214294934716
1274.98,1620.6912515710026,-345.71125157100255
4794.58,5694.327958379464,-899.7479583794639
1394.86,1666.862232480506,-272.0022324805061
1114.1,1177.8694789756814,-63.76947897568152
3544.57,1872.3054386475833,1672.2645613524169
3024.85,1873.589098264611,1151.2609017353889
3783.99,6102.078833931381,-2318.0888339313815
2235.25,3344.1990773864895,-1108.9490773864895
2058.66,5186.256481890813,-3127.5964818908133
1552.33,2346.8124254913787,-794.4824254913788
1586.11,1476.3739348277284,109.73606517227154
3402.95,2045.2241504675758,1357.725849532424
1760.42,1550.360731571206,210.05926842879398
3524.18,3345.2132715134157,178.9667284865841
771.3,1131.326094009328,-360.02609400932806
7956.2,5656.170757018836,2300.0292429811634
2721.4,1931.5123095182398,789.8876904817603
4661.22,6461.414380976342,-1800.1943809763416
5281.01,3205.3279704412234,2075.682029558777
829.36,1452.8546666150994,-623.4946666150994
1411.84,3197.797908278602,-1785.957908278602
2514.84,1591.8399725053546,923.0000274946456
3287.17,1475.816344273665,1811.353655726335
1397.25,1879.0369608835022,-481.78696088350216
555.67,1900.0239700089458,-1344.353970008946
9705.96,7618.520447282071,2087.4395527179286
1106.99,1397.4292387082414,-290.4392387082414
2600.1,3905.266266676065,-1305.1662666760649
464.19,963.2064027746935,-499.0164027746935
2440.61,2949.626479841113,-509.01647984111287
3805.29,4794.642727140207,-989.3527271402072
4939.49,3800.170100159233,1139.319899840767
12013.76,9125.04849853023,2888.71150146977
2165.08,3897.335066796755,-1732.2550667967553
1237.18,1406.2683325448284,-169.0883325448283
1077.65,2544.714886954511,-1467.0648869545107
4476.74,3267.1249304945163,1209.6150695054835
2366.5,3194.728663066216,-828.2286630662161
410.98,996.4461159345088,-585.4661159345088
1577.38,5593.3222795187785,-4015.9422795187784
2988.9,1877.7913147116835,1111.1086852883166
1034.69,1862.5644093212584,-827.8744093212583
1328.55,1912.9857346403041,-584.4357346403042
212.88,1093.0335567135603,-880.1535567135603
2266.86,1607.1782225390546,659.6817774609456
654.98,1605.8036316179525,-950.8236316179525
2318.64,2791.1148312496925,-472.47483124969267
1160.91,1203.4567857727939,-42.54678577279378
1578.25,2925.5814035084613,-1347.3314035084613
9978.98,6688.066899263819,3290.9131007361802
2310.18,4018.9227704254063,-1708.7427704254064
1894.7,1362.7740046823844,531.9259953176156
5597.48,3767.564186834687,1829.9158131653126
954.01,2834.6921896467393,-1880.6821896467393
2389.75,4021.547935942816,-1631.797935942816
6278.2,4515.782998368552,1762.4170016314474
1985.99,1473.1219299260329,512.8680700739671
2413.58,3022.1258947856095,-608.5458947856096
1878.14,4205.962729775375,-2327.8227297753747
1809.96,5190.689602153697,-3380.7296021536968
1504.05,2462.182943319908,-958.1329433199082
1184.54,1301.5833705975,-117.04337059750014
2835.96,5465.635475655427,-2629.6754756554274
4568.53,5434.677727868855,-866.1477278688553
2498.29,1580.7861510266875,917.5038489733124
6329.23,5141.483754561054,1187.7462454389452
956.38,1191.442463854758,-235.062463854758
2196.44,1861.4769524960134,334.9630475039867
3366.01,3151.9186712849682,214.09132871503198
1274.94,1787.6350146089933,-512.6950146089932
1297.3,3304.781949424275,-2007.481949424275
1927.14,3178.2378228868915,-1251.0978228868914
1560.54,2174.1023488533574,-613.5623488533574
1709.85,1837.2274013658293,-127.37740136582943
1853.36,2593.843580685177,-740.4835806851772
5728.43,1263.2951072734004,4465.1348927266
893.61,1513.2254710874402,-619.6154710874401
6031.43,3595.595104959143,2435.834895040857
3043.02,2084.3843213668015,958.6356786331985
264.29,1020.8831883928419,-756.593188392842
2819.56,3114.5218530490515,-294.96185304905157
2205.68,2147.2725676196255,58.4074323803743
2894.97,3396.4892533226457,-501.5192533226459
4083.26,6736.364307965117,-2653.104307965117
5725.54,4364.106384300499,1361.4336156995014
9374.62,5363.415714096242,4011.2042859037592
971.03,1747.6156358814735,-776.5856358814735
2153.59,2324.7047038778533,-171.11470387785312
2386.98,2078.1737152011992,308.8062847988008
1735.89,2069.834807861279,-333.94480786127883
1898.76,2298.7834187310996,-400.0234187310996
6255.93,3749.5948008331557,2506.3351991668446
1250.4,1968.2937413379489,-717.8937413379488
13079.75,7869.9173357450345,5209.8326642549655
1679.53,2604.2282722108744,-924.6982722108744
1460.13,1540.6862685849437,-80.55626858494361
918.74,1779.6025471300711,-860.8625471300711
3321.99,2394.2295702141064,927.7604297858934
8829.13,1875.3070442618962,6953.822955738103
958.09,1028.8984377967436,-70.80843779674353
2847.24,2303.853949487682,543.386050512318
1132.56,2037.4889608611438,-904.9289608611439
2120.07,3880.5896026381247,-1760.5196026381245
1896.36,2180.92248418859,-284.5624841885899
1596.43,4541.198498436432,-2944.7684984364314
1200.15,1619.1520100194004,-419.00201001940036
745.71,1657.2532247607983,-911.5432247607982
9096.22,5767.367721288666,3328.8522787113334
334.1,1293.2333534492336,-959.1333534492336
1713.49,3731.519630979004,-2018.029630979004
1287.19,1845.3306040352086,-558.1406040352085
931.73,1845.9238097176071,-914.1938097176071
2869.0,3479.0983793527917,-610.0983793527917
3744.07,3244.4960047651707,499.57399523482945
1231.65,1561.315676498995,-329.6656764989948
3920.29,3455.1934027672773,465.0965972327226
1820.36,1946.062569086422,-125.70256908642205
2565.14,2389.7724157412385,175.36758425876133
3151.74,2539.1990184179494,612.5409815820503
1094.72,2106.0318806517594,-1011.3118806517593
1647.64,1925.9947521382703,-278.3547521382702
1962.72,1468.8862109592658,493.83378904073425
7444.68,5862.635008548731,1582.0449914512692
1597.65,1760.8801944342372,-163.2301944342371
682.63,768.2364362705565,-85.60643627055651
2142.76,2617.279291650885,-474.51929165088495
778.53,1523.9990720874928,-745.4690720874928
3084.52,3919.9301825154002,-835.4101825154003
1762.24,2404.331709186321,-642.0917091863209
4191.27,3610.753456149394,580.5165438506065
1280.08,1762.0660937799603,-481.98609377996036
616.82,1583.03727446434,-966.21727446434
923.84,1092.6977198238865,-168.85771982388644
2220.56,1057.987821214131,1162.572178785869
1800.28,1598.678588353416,201.60141164658398
706.38,1496.0114837041783,-789.6314837041783
512.3,1496.428891129419,-984.1288911294191
1543.32,1869.4294421562772,-326.1094421562773
1880.97,3161.635567223808,-1280.6655672238078
3899.53,4771.414792982944,-871.884792982944
3418.19,1172.6546922651296,2245.5353077348705
612.71,1349.8031834823116,-737.0931834823116
5656.28,6446.271599623292,-789.9915996232921
7528.31,5123.491266415751,2404.8187335842495
1615.81,3028.9687636708354,-1413.1587636708355
1412.71,2815.282349032546,-1402.5723490325458
3642.95,2072.7226230311653,1570.2273769688345
2529.86,1990.167226908979,539.6927730910211
616.25,1770.1408055637858,-1153.8908055637858
19535.36,7808.512599785877,11726.847400214123
1798.49,1587.3743108073365,211.11568919266347
947.86,1504.3732434221656,-556.5132434221656
3071.5,2956.7389479629373,114.76105203706265
4644.86,5170.159674571006,-525.2996745710061
1962.7,2961.3066944480797,-998.6066944480797
2564.09,2004.5563170387643,559.5336829612359
7201.92,7495.829483169836,-293.90948316983577
1739.78,1472.9882751907764,266.7917248092235
2386.87,2672.7326067031254,-285.8626067031255
2457.45,2403.010176304599,54.43982369540072
2005.6,1991.8157395122248,13.7842604877751
623.71,2323.944424587192,-1700.2344245871918
869.72,887.9419092473495,-18.22190924734946
2653.01,3454.480691619506,-801.4706916195059
1962.77,2018.8916120664992,-56.12161206649921
1796.02,2967.7815290394556,-1171.7615290394556
1601.24,2244.621538411544,-643.3815384115439
1533.77,2640.609069758843,-1106.839069758843
3812.25,4548.509982550176,-736.2599825501757
5383.37,3687.0493243409587,1696.3206756590412
1255.22,2073.229163923311,-818.0091639233108
2416.53,1868.1918169307721,548.3381830692281
9189.62,3683.1054477763823,5506.514552223618
9746.75,4867.759531151488,4878.990468848512
11069.73,10673.061227271908,396.6687727280914
1134.61,1630.559062623933,-495.94906262393306
14839.35,9253.963728772758,5585.386271227242
3130.3,3762.975678017866,-632.6756780178657
1240.55,1363.1959599085976,-122.64595990859766
1200.04,2041.078202308879,-841.0382023088791
2576.04,2157.8569376373925,418.1830623626074
5142.87,4649.258433327153,493.6115666728465
2496.84,1642.7350276208656,854.1049723791346
2072.56,1445.3805008311758,627.1794991688241
2635.39,2551.037055239967,84.3529447600331
1300.09,4348.659906786972,-3048.569906786972
1688.33,3298.4317556731567,-1610.1017556731567
777.56,1010.1751700530984,-232.6151700530985
506.01,1811.2209132858536,-1305.2109132858536
691.35,1428.4124641369885,-737.0624641369885
3242.75,3678.4333812629784,-435.6833812629784
5810.09,5639.72758766774,170.36241233225974
3017.61,2336.898289657789,680.7117103422111
1255.39,1626.409551816256,-371.0195518162559
6139.05,4529.111060654167,1609.9389393458332
3314.44,2991.0579216217843,323.38207837821574
1996.19,8088.070957037571,-6091.880957037571
7035.23,6608.287949135687,426.9420508643125
4457.09,1696.6458990970655,2760.4441009029347
2301.54,3152.8395484553125,-851.2995484553126
2205.51,2592.4378757864224,-386.9278757864222
1737.52,2319.0674523196053,-581.5474523196053
3314.59,2546.2576065518165,768.3323934481837
6422.32,10294.742236115566,-3872.422236115566
1940.39,2037.8745237025219,-97.48452370252176
2786.73,1636.8822100361804,1149.8477899638197
911.76,1897.1431460416388,-985.3831460416388
1300.58,1461.5046667433426,-160.92466674334264
1501.56,2067.5796110431065,-566.0196110431066
1752.67,1835.5787917591822,-82.90879175918212
881.83,2290.153046770581,-1408.3230467705812
3684.74,3486.208534824036,198.5314651759636
486.19,1091.8771724677001,-605.6871724677001
714.59,1202.1839817578511,-487.5939817578511
1730.49,2071.020383988529,-340.5303839885289
1622.81,1653.1275423058412,-30.317542305841243
2023.16,1715.6223649568544,307.53763504314566
1462.13,1467.7337727170402,-5.603772717040101
2893.48,2929.9571268002605,-36.47712680026052
1691.95,2441.4285982440065,-749.4785982440064
7587.78,3380.6408152370423,4207.1391847629575
4052.74,3517.2400876886886,535.4999123113112
557.25,1137.7967034530584,-580.5467034530584
935.03,1794.0413592954492,-859.0113592954492
638.13,1767.783010552766,-1129.6530105527659
764.53,1834.7345731988416,-1070.2045731988417
1732.53,1478.536856015881,253.9931439841189
6930.48,3557.3549458063694,3373.12505419363
2946.97,3047.261612705379,-100.29161270537907
4301.12,4735.5335497843,-434.4135497842999
2951.5,2714.3796973229373,237.12030267706268
3544.22,5369.1920903473465,-1824.9720903473467
1576.54,1556.872305213039,19.667694786960965
7340.22,5954.7947915965615,1385.4252084034388
956.83,1714.369877936787,-757.5398779367869
1057.8,1000.8066655018589,56.99333449814105
2035.9,5407.255524573522,-3371.355524573522
2001.35,2210.8743172451204,-209.52431724512053
1703.35,2025.029165980891,-321.6791659808912
18689.59,15633.081197905385,3056.508802094615
840.5,1377.9567943286572,-537.4567943286572
5717.97,5351.012307122147,366.95769287785333
578.59,1764.3628551504867,-1185.7728551504865
771.54,1730.076241068863,-958.5362410688631
683.83,1550.1776542547202,-866.3476542547202
11524.11,3603.0977173163433,7921.012282683658
1350.0,5022.559909286526,-3672.559909286526
4309.82,3914.065612913739,395.7543870862605
1977.31,3106.9331750140236,-1129.6231750140237
1166.62,1671.8019397178232,-505.1819397178233
5454.65,3406.295335174776,2048.3546648252236
2154.64,1297.4917780941842,857.1482219058157
633.95,1423.318677823046,-789.368677823046
3876.1,7579.917237271502,-3703.817237271502
3618.3,6383.692727107818,-2765.3927271078182
772.54,1209.6278169701725,-437.0878169701725
2929.66,6490.838434563175,-3561.178434563175
8750.1,5161.138067761854,3588.961932238147
1610.38,1469.3889671076133,140.99103289238678
2536.87,1655.340304201733,881.5296957982669
778.95,1344.85925965386,-565.9092596538599
3344.63,2586.737979067146,757.8920209328539
2546.52,2698.6123630778598,-152.09236307785977
1620.44,2112.0354832951875,-491.5954832951875
6269.6,3347.5082283423358,2922.0917716576646
1528.85,1834.391714207698,-305.5417142076981
1236.07,1218.7740807436007,17.295919256399202
1694.51,1969.673234255529,-275.163234255529
680.16,3070.972484166399,-2390.8124841663994
2655.3,7818.650767008203,-5163.350767008203
1704.98,1710.3614259557755,-5.381425955775512
1584.27,2344.19182714076,-759.9218271407599
862.77,2809.5799235091167,-1946.8099235091167
1261.78,2377.79615101038,-1116.01615101038
5145.5,4457.092102669279,688.4078973307214
6544.95,4037.4119337284924,2507.5380662715074
4103.38,6762.517083570429,-2659.1370835704292
2883.62,3934.2454364853315,-1050.6254364853316
11389.57,9789.673461230343,1599.8965387696571
399.67,1199.3974152681703,-799.7274152681703
538.51,1085.7044134219962,-547.1944134219962
1657.32,1892.4108634411248,-235.09086344112484
5254.28,3345.189814235192,1909.0901857648078
1152.68,988.3503851094933,164.32961489050672
2826.69,1890.985302381988,935.704697618012
1773.92,1666.7745738901617,107.14542610983835
2998.9,3476.0949331807465,-477.1949331807464
997.5,1035.1027302921075,-37.60273029210748
1084.14,1417.1553112994616,-333.0153112994615
1373.95,2531.5677571815213,-1157.6177571815213
1521.49,1944.8619932195336,-423.3719932195336
2931.21,1439.7205733070036,1491.4894266929964
1695.0,2853.32699144056,-1158.32699144056
5022.71,5541.604229011399,-518.8942290113991
1347.66,1854.137673526364,-506.477673526364
850.68,1115.9473937581963,-265.26739375819636
5907.17,5837.342935091614,69.82706490838609
5956.99,5296.462167306066,660.5278326939342
2047.92,1295.309418772096,752.610581227904
7120.71,3592.655204982467,3528.0547950175333
2124.03,1292.6764953678655,831.3535046321347
5611.56,5534.308685763899,77.25131423610128
1527.28,2284.3329091398377,-757.0529091398378
8982.33,9783.363978965515,-801.0339789655154
7726.78,7840.2758824825505,-113.49588248255077
4821.1,1750.8839843237804,3070.21601567622
647.56,1823.1373362481738,-1175.5773362481739
3255.9,3808.366253968944,-552.4662539689439
863.93,2455.10865488789,-1591.1786548878904
3089.03,4615.135667623406,-1526.1056676234061
2184.37,2609.862214111182,-425.49221411118197
2080.85,1539.6343055427776,541.2156944572223
951.65,1453.6464205310629,-501.9964205310629
8091.51,14709.018705622777,-6617.508705622777
989.82,1195.0488015444255,-205.22880154442544
3767.67,4211.062166323383,-443.3921663233832
2661.34,1763.7150918541372,897.624908145863
566.9,1771.182716402541,-1204.2827164025412
7939.91,6811.531364454365,1128.378635545635
8266.66,5302.117892192704,2964.542107807296
4641.17,4649.493430833699,-8.323430833698694
1006.15,1694.0533837973076,-687.9033837973076
4782.79,3492.7007634830356,1290.0892365169643
2249.41,5534.7565347906175,-3285.3465347906176
8735.58,5597.792677919989,3137.787322080011
2501.02,2456.8089118063845,44.211088193615524
1305.27,3907.817559748224,-2602.547559748224
925.07,2295.137499010123,-1370.067499010123
2048.53,1881.5895444572757,166.94045554272452
1320.39,880.6136963200156,439.7763036799845
1621.9,2619.4662854346893,-997.5662854346892
5367.47,4837.701362292508,529.7686377074924
901.1,2837.7780547122643,-1936.6780547122644
3187.34,3449.52177022449,-262.1817702244898
2761.62,5328.255234993562,-2566.6352349935623
6999.29,7123.027603190638,-123.73760319063786
1193.02,2475.1808154165706,-1282.1608154165706
3323.13,2438.1535485414975,884.9764514585027
3578.3,3658.5544983634054,-80.25449836340522
3507.32,2828.954055973435,678.3659440265651
347.64,1301.3521684222064,-953.7121684222064
2145.86,1302.4211711842697,843.4388288157304
3939.35,4483.478599790422,-544.128599790422
2409.54,1992.9942850553782,416.54571494462175
1912.83,1993.3719780405706,-80.54197804057071
5771.6,4801.852706205336,969.7472937946641
2065.95,4585.337158126324,-2519.387158126324
11802.14,9134.531538569428,2667.608461430571
4893.62,5303.62549207767,-410.00549207767017
934.1,1665.3419274991793,-731.2419274991793
949.09,920.3546178669737,28.73538213302629
5074.22,6182.677452872516,-1108.4574528725161
3505.1,6378.132381210905,-2873.032381210905
1208.36,2157.760960178368,-949.400960178368
1271.9,1573.4905501798826,-301.5905501798825
2051.73,1528.6609805657733,523.0690194342267
491.15,1383.7118353113644,-892.5618353113645
961.46,1710.0451549495804,-748.5851549495803
2777.34,3131.4715083204424,-354.1315083204422
3538.24,4668.3439089301255,-1130.1039089301257
1787.22,2885.358401570195,-1098.138401570195
11257.77,7679.072978762341,3578.697021237659
6378.04,2945.9501907063704,3432.0898092936295
8450.87,5304.237447647239,3146.632552352762
2497.53,2055.371756467942,442.15824353205835
1681.56,4909.506103078959,-3227.9461030789594
2087.67,1705.3801339324064,382.2898660675937
2182.11,1903.075241554577,279.0347584454232
8438.73,7486.384140774938,952.3458592250618
2575.16,1388.1730543204023,1186.9869456795975
1702.73,1783.1863546943282,-80.45635469432818
5774.26,4446.0055285028675,1328.2544714971327
2768.11,2950.765011888498,-182.65501188849794
3012.46,2037.1040863614505,975.3559136385495
867.69,1043.5526877168193,-175.8626877168192
940.55,1635.7621288134712,-695.2121288134713
2265.83,4802.15133475014,-2536.3213347501405
5627.53,7098.170253939656,-1470.6402539396558
2586.49,3459.1254258519466,-872.6354258519468
2508.42,1404.5520095480165,1103.8679904519836
12608.78,6103.293206075524,6505.486793924477
1913.72,1565.0667658093619,348.65323419063816
4271.3,3860.945367400114,410.3546325998864
3407.57,4819.664997139781,-1412.0949971397808
1201.45,1915.3827557847442,-713.9327557847441
5003.12,4182.2477173657,820.8722826343001
1256.17,2334.2647479299294,-1078.0947479299293
4504.52,3102.357632003439,1402.1623679965614
2143.64,2629.0070169574788,-485.3670169574789
7539.64,4823.877157584607,2715.7628424153936
698.29,1808.0136690260445,-1109.7236690260445
3127.17,3428.4369577205675,-301.26695772056746
1165.86,987.1824057861018,178.67759421389815
1419.22,1340.7269013848936,78.49309861510642
1631.8,2702.0700815125488,-1070.2700815125488
722.87,1356.3164528055247,-633.4464528055247
893.79,1350.8646858283091,-457.07468582830916
1086.85,1798.5615835651054,-711.7115835651055
1821.65,6402.445910942363,-4580.795910942363
6687.21,2224.968741865781,4462.24125813422
4680.64,2326.394821098591,2354.2451789014094
840.93,1359.677756619266,-518.7477566192659
1604.6,1412.7667113708037,191.8332886291962
3986.87,1632.5138904146631,2354.3561095853365
1806.6,1638.9882531019653,167.61174689803465
1723.14,2129.760604708851,-406.62060470885103
4990.71,9073.482535792189,-4082.772535792189
1453.22,1140.8371651702773,312.3828348297227
1302.09,2450.5422205836885,-1148.4522205836886
1753.45,1769.026544805738,-15.576544805737967
1812.14,1463.6161033021333,348.5238966978668
2255.21,2550.7332292776796,-295.52322927767955
2138.76,3262.7083980633643,-1123.948398063364
1075.36,1585.4776006294637,-510.1176006294638
1537.76,1766.6182318777048,-228.85823187770484
1352.03,1653.3721393417763,-301.3421393417764
1594.3,1278.632442752851,315.66755724714903
5683.37,8665.179530436548,-2981.809530436548
3660.09,3107.189911258007,552.9000887419929
20695.69,9428.098249317392,11267.591750682606
347.87,1188.4831813577346,-840.6131813577346
6890.98,5401.148511861869,1489.8314881381302
2347.19,1913.1799240944492,434.0100759055508
5056.39,6316.845376986075,-1260.455376986075
970.83,1157.4184794311393,-186.58847943113926
1722.44,1734.3090157539198,-11.869015753919712
2125.07,2856.520706446062,-731.4507064460618
2664.28,4207.886805626605,-1543.6068056266045
793.57,2021.170841907293,-1227.6008419072928
969.59,1380.2905324770431,-410.7005324770431
3357.37,3268.117277141687,89.25272285831306
7043.01,2255.9664352078285,4787.043564792171
2450.47,1525.4318716558375,925.0381283441623
1662.8,1941.8398286416837,-279.0398286416837
3633.92,2514.7190348191625,1119.2009651808376
689.86,2113.9483731952096,-1424.0883731952094
2369.55,3558.7771423051886,-1189.2271423051884
1656.96,2158.9547650937316,-501.99476509373153
2447.72,1670.7732327274375,776.9467672725623
2418.58,4085.3839240305883,-1666.8039240305884
1829.54,2020.9934412411988,-191.4534412411988
437.54,1958.5014814567758,-1520.9614814567758
9381.96,9393.432538199042,-11.472538199042901
1630.66,2092.0136878413755,-461.3536878413754
1315.89,1840.5475097644055,-524.6575097644054
7617.7,3044.1660125206004,4573.533987479399
8077.11,6830.054273327564,1247.0557266724354
8770.28,5609.087699446694,3161.1923005533063
2486.65,1196.2943584449947,1290.3556415550054
4346.75,6307.273352543281,-1960.5233525432814
2448.93,1374.4678990050838,1074.462100994916
2167.49,2732.8634247972286,-565.3734247972288
6001.97,5021.7442667140895,980.2257332859108
1120.19,1773.611689481693,-653.421689481693
6365.29,4987.829606411338,1377.4603935886616
802.89,3825.8028662910915,-3022.9128662910916
3708.57,5133.535215940608,-1424.9652159406082
2946.17,2911.4665848125687,34.70341518743135
4840.87,5779.653098287643,-938.783098287643
1730.57,1912.4359728260245,-181.86597282602452
753.12,1612.8942010540413,-859.7742010540413
948.05,1469.4266229407222,-521.3766229407222
2228.91,3305.552067287187,-1076.6420672871873
7256.96,2319.975303121431,4936.98469687857
2150.89,3274.1743352373805,-1123.2843352373807
1713.86,1964.7191729995916,-250.8591729995917
580.0,3163.070419515267,-2583.070419515267
2611.22,1846.1848967151736,765.0351032848262
1329.16,1838.6550419858668,-509.4950419858667
4387.91,4594.462541121237,-206.55254112123748
1012.23,1710.166470973978,-697.936470973978
4328.86,3158.690642209677,1170.1693577903225
4702.15,1189.9173248277152,3512.2326751722844
765.76,1057.5160407072558,-291.7560407072558
6416.6,3006.005773039271,3410.5942269607294
2042.49,2602.7760500616273,-560.2860500616273
3817.36,4102.812801118007,-285.45280111800685
5708.77,4376.503000282807,1332.2669997171934
715.46,1172.0727900355846,-456.61279003558457
2992.15,2380.3095057109736,611.8404942890265
1284.89,1880.140856666403,-595.2508566664028
6083.74,3628.0565120557,2455.6834879443
4354.97,5209.156113702069,-854.1861137020687
8067.17,5527.910148225401,2539.259851774599
584.7,1066.0966544477408,-481.39665444774073
10476.0,8306.347431501437,2169.6525684985627
4258.88,2815.26086326167,1443.6191367383303
2202.09,2501.424881932443,-299.33488193244284
2876.8,2206.810856080909,669.989143919091
1823.15,1522.6972700019232,300.45272999807685
699.93,1352.0912517920328,-652.1612517920329
4222.91,4296.606198231689,-73.69619823168887
1681.36,1762.0253589624967,-80.66535896249684
4486.12,2652.1834453623574,1833.9365546376425
1562.06,1607.4520198331961,-45.39201983319617
2398.5,2508.771208404452,-110.27120840445195
1248.37,1483.979508092205,-235.60950809220503
3670.25,1936.240872628173,1734.009127371827
3716.73,2966.4945465666415,750.2354534333585
2954.87,3702.4378362690227,-747.5678362690228
9230.39,4990.740020425179,4239.6499795748205
1263.47,1148.6949246075549,114.77507539244516
903.21,2364.699924219714,-1461.4899242197139
1492.41,1603.4646679031687,-111.05466790316859
4800.49,2221.8984630688647,2578.591536931135
2438.18,3539.4644638392406,-1101.2844638392407
3269.77,4417.195446203164,-1147.4254462031636
2647.18,2806.8410866664294,-159.66108666642958
998.27,1445.0685323481193,-446.79853234811935
7528.4,9097.123789330773,-1568.7237893307738
533.0,2744.40622950881,-2211.40622950881
2185.49,2130.124302268743,55.36569773125666
1083.0,2401.537561676425,-1318.537561676425
3879.15,2975.5084148331607,903.6415851668394
942.69,1265.1678959139954,-322.4778959139953
1724.78,2765.8518187391587,-1041.0718187391587
9654.41,11597.309632464068,-1942.8996324640684
7601.97,3351.8573141188344,4250.112685881166
1902.31,1818.476195274942,83.83380472505792
2437.13,2618.6776777280065,-181.54767772800642
543.6,835.1200828848259,-291.5200828848259
2324.2,1647.6259603119202,676.5740396880797
738.16,1593.6031142403533,-855.4431142403533
1754.69,1561.7239704067706,192.96602959322945
1029.01,1863.462455475487,-834.4524554754871
639.34,1445.980459705678,-806.6404597056779
1652.84,1953.7828682308993,-300.9428682308994
3686.1,4562.7823509803775,-876.6823509803776
7774.71,7180.5339432880555,594.1760567119445
1298.83,1569.5867234323282,-270.7567234323283
851.77,1323.918195703892,-472.14819570389204
903.92,2404.6646650514026,-1500.7446650514025
4561.88,4407.522344632782,154.35765536721829
1100.38,1013.4819538496076,86.89804615039247
947.32,1067.932173418681,-120.61217341868098
3659.81,7178.336831167471,-3518.5268311674713
3892.39,3477.3897069736004,415.0002930263995
1142.78,3066.1285932527876,-1923.3485932527876
4400.55,6027.917328529038,-1627.3673285290379
1015.99,1324.7330426808114,-308.7430426808114
6093.34,4683.584795646463,1409.755204353537
3739.07,9293.028334066294,-5553.958334066294
2134.75,2915.135090416861,-780.3850904168612
7268.87,7636.986934848024,-368.11693484802436
844.29,1028.5765043297006,-184.28650432970062
3884.4,6342.441300483656,-2458.041300483656
1812.14,2486.2236282649146,-674.0836282649145
1113.13,2195.3807362526263,-1082.2507362526262
4409.8,3915.121403219934,494.6785967800661
5053.46,3099.1931457803785,1954.2668542196216
655.4,775.1043742050504,-119.70437420505039
2532.11,3340.2437864454755,-808.1337864454754
2173.28,3057.2483826641683,-883.9683826641681
1483.48,1037.2450388902282,446.2349611097718
660.66,1535.1019532010293,-874.4419532010294
2704.88,1342.369928862047,1362.5100711379532
584.86,1040.0827786633972,-455.2227786633972
7154.84,6278.032159360377,876.8078406396235
3670.47,2656.81164959078,1013.65835040922
7126.38,2550.1269733368085,4576.253026663191
6341.8,2792.783667376822,3549.016332623178
1829.98,1823.7216228194939,6.258377180506159
1974.14,1607.0330790428548,367.10692095714535
1068.62,1576.8488290129071,-508.2288290129072
4078.29,5670.464567237092,-1592.1745672370917
3212.54,3484.7858071271967,-272.2458071271967
1864.19,1383.476335952534,480.71366404746595
1437.24,2000.7203084991097,-563.4803084991097
1024.8,1357.4615681531277,-332.66156815312775
2048.92,1685.8209134693861,363.09908653061393
791.77,1412.9408263897212,-621.1708263897212
889.92,3036.3322690654704,-2146.4122690654704
724.17,1453.7104191681929,-729.5404191681929
922.77,1773.7191669644121,-850.9491669644121
2996.46,3056.3491737006075,-59.889173700607444
1961.49,3444.1145432758017,-1482.6245432758017
4680.24,8125.287655894655,-3445.047655894655
810.59,2316.0611662937704,-1505.4711662937702
2161.31,1566.9883489970935,594.3216510029065
1516.69,1804.8103011219137,-288.1203011219136
3727.08,5404.909067603925,-1677.829067603925
6883.0,7665.956581566779,-782.9565815667793
1301.12,1414.2777340497003,-113.15773404970037
3085.77,2075.626283350588,1010.143716649412
5497.11,4364.811009895404,1132.2989901045958
1125.45,2769.7034843081615,-1644.2534843081614
2387.19,2047.612847408086,339.577152591914
3500.05,4313.821033067999,-813.7710330679993
1693.04,2420.933758201396,-727.8937582013959
3367.19,4687.338923843514,-1320.1489238435138
1307.98,2001.095174180826,-693.115174180826
2152.19,1034.275150476019,1117.914849523981
2195.81,2899.404788550552,-703.594788550552
1110.44,2153.286170235914,-1042.846170235914
535.62,1251.0386513151968,-715.4186513151968
3403.54,3592.574198246545,-189.0341982465452
1891.81,1731.8972203018395,159.91277969816042
4559.71,3101.1860839823416,1458.5239160176584
2335.68,2182.502555641251,153.17744435874874
583.35,6034.1923661192,-5450.8423661192
1150.28,2475.780728140415,-1325.5007281404148
1295.16,2432.15533259284,-1136.9953325928398
2154.45,1575.0611021137618,579.388897886238
4979.15,3510.0984722022463,1469.0515277977534
1130.8,2019.9388997392914,-889.1388997392914
816.8,1110.2727001167143,-293.47270011671435
890.58,2265.7772215840923,-1375.1972215840924
1614.88,1432.1965341922578,182.68346580774232
4169.3,5785.456273467663,-1616.1562734676627
3467.73,5973.567607405667,-2505.8376074056673
5430.3,6772.658208685731,-1342.3582086857305
2608.02,2464.0513596774254,143.96864032257463
7496.38,4504.460701362474,2991.9192986375265
5377.32,5043.832943978617,333.48705602138307
21688.63,7377.493128293979,14311.136871706021
6768.82,4966.0883404495735,1802.7316595504262
1576.57,2032.9520384982518,-456.38203849825186
4704.3,2691.529322801666,2012.7706771983344
1608.69,3242.855648498657,-1634.165648498657
1860.27,1303.9143217257047,556.3556782742953
4051.87,3483.950351992912,567.9196480070877
2602.56,5103.547295979743,-2500.9872959797426
1629.8,4648.799261384634,-3018.9992613846334
950.77,2087.2134836431783,-1136.4434836431783
1856.11,2712.1610214457933,-856.0510214457934
5489.78,4920.6011118459355,569.1788881540642
1495.05,1876.2604130171064,-381.2104130171065
2057.21,3019.294317313855,-962.0843173138551
2229.35,2112.174173966358,117.1758260336419
1099.82,1258.9397173391947,-159.11971733919472
3368.01,5790.089053706452,-2422.079053706452
3257.42,1790.0603691073813,1467.3596308926187
2941.11,2218.0225127761955,723.0874872238046
5511.24,7113.89620128368,-1602.6562012836803
702.34,1358.7840809684142,-656.4440809684141
2493.71,3167.15651860248,-673.44651860248
2899.07,1925.8428661850064,973.2271338149937
4960.16,3613.060501071028,1347.099498928972
6113.52,6689.6339242835675,-576.113924283567
2560.34,5608.4191993912045,-3048.0791993912044
2906.84,2241.227376003294,665.6126239967061
1016.52,2891.688783745384,-1875.1687837453842
1966.0,1651.3911031608427,314.6088968391573
3646.41,2938.6091261290594,707.8008738709404
2653.99,2099.8790454289683,554.1109545710315
735.21,1146.3215441786508,-411.1115441786508
6286.43,5333.328257679532,953.1017423204685
2140.75,2085.2007341712942,55.54926582870576
2660.7,3007.2578673372395,-346.5578673372397
2668.94,1868.7025413220472,800.2374586779529
1644.99,1261.5442994761627,383.44570052383733
3437.26,3964.9999682816324,-527.7399682816322
6058.44,4649.475744712645,1408.9642552873547
786.81,1402.578590608072,-615.7685906080721
8648.04,5302.522461749595,3345.517538250406
2307.3,1923.7077549958149,383.5922450041853
3922.61,3250.992084097008,671.6179159029921
538.85,5415.208695845134,-4876.358695845133
4228.94,1682.3562253502698,2546.58377464973
714.55,1817.5724211187762,-1103.0224211187763
2381.74,2636.786803858069,-255.04680385806932
1647.63,3194.640107999178,-1547.0101079991778
2932.73,3957.3292604757553,-1024.5992604757553
772.9,1332.0974328251477,-559.1974328251478
5497.0,4962.260038097613,534.7399619023872
839.48,1439.3392699326266,-599.8592699326266
750.4,1427.9091685778067,-677.5091685778067
1297.57,928.1900721000219,369.37992789997804
1373.28,1941.1375946375222,-567.8575946375222
8039.82,5228.45021215682,2811.3697878431794
835.0,3036.9245569287305,-2201.9245569287305
3065.49,1976.7889890839394,1088.7010109160603
8590.69,9723.670934037254,-1132.980934037254
3951.35,2454.8989148144383,1496.4510851855616
3202.37,2784.943415420739,417.4265845792611
272.23,1113.5627593074682,-841.3327593074682
2391.11,1652.2957774794302,738.81422252057
5525.55,6783.837827881756,-1258.2878278817561
2941.65,3295.911802429713,-354.26180242971304
687.86,1303.54016350214,-615.6801635021401
2797.9,3635.5253148987467,-837.6253148987466
1253.59,2487.5260425368915,-1233.9360425368916
3930.29,1787.217090947121,2143.072909052879
1517.08,2364.703914692328,-847.6239146923281
2195.96,2698.9886240335118,-503.02862403351173
2621.15,2257.7749584673443,363.3750415326558
8174.69,7107.838379350088,1066.8516206499116
9911.79,9159.17615080374,752.6138491962611
1226.27,2096.546910504223,-870.276910504223
1649.35,2886.303309150118,-1236.953309150118
1500.64,3104.1098252482325,-1603.4698252482324
1108.47,1102.0837784347975,6.386221565202504
6776.4,7859.677906668635,-1083.2779066686353
1964.95,2384.3587883529017,-419.40878835290164
941.06,1561.1453581002193,-620.0853581002193
436.76,887.6987355884274,-450.93873558842745
6675.92,6942.811729242507,-266.8917292425067
3034.9,3714.0639889390595,-679.1639889390594
953.38,1822.3574028776532,-868.9774028776532
4166.73,3008.9087221091127,1157.821277890887
1900.74,2228.3505358069515,-327.6105358069515
1961.41,3493.7361875317915,-1532.3261875317914
405.85,784.0427088152659,-378.19270881526586
1740.66,3393.787342531178,-1653.127342531178
2074.03,2475.6621157424565,-401.63211574245634
2654.6,1485.684283874448,1168.9157161255519
2160.1,3431.2471713925056,-1271.1471713925057
3045.93,1930.3788223114304,1115.5511776885694
4716.07,4025.0144027224924,691.0555972775073
1400.7,1387.2474737161103,13.45252628388971
1616.82,1658.7067478926658,-41.88674789266588
6012.6,4089.821107716366,1922.7788922836344
3235.84,4458.96090104832,-1223.1209010483199
3596.02,3503.5860759160905,92.43392408390946
590.11,1297.3882662355236,-707.2782662355236
1935.58,2292.962717082864,-357.382717082864
7625.06,4664.749043068395,2960.3109569316057
4992.68,3660.3964082661655,1332.2835917338348
1963.59,1605.4217753370758,358.1682246629241
1565.2,2546.041358053119,-980.8413580531189
1628.32,3030.8286877644646,-1402.5086877644646
413.91,1376.9813960929393,-963.0713960929393
3695.71,5205.321935901576,-1509.6119359015756
1135.98,1869.2285901677296,-733.2485901677296
1060.02,1439.6064049808213,-379.58640498082127
1526.74,1347.5143290805852,179.22567091941482
5280.31,11298.00948643505,-6017.69948643505
1079.07,1188.751523127669,-109.68152312766915
1531.81,1710.218163464554,-178.40816346455404
805.3,822.9421991330299,-17.642199133029976
3379.84,1759.3681878662467,1620.4718121337535
445.84,1587.9671533023654,-1142.1271533023655
2810.84,2309.891220097319,500.94877990268105
1177.08,1080.6547350283463,96.42526497165363
15527.36,7792.651877644804,7734.708122355197
502.17,1072.6415229387287,-570.4715229387286
1615.9,1701.19125408587,-85.29125408586992
890.88,2217.3364319635602,-1326.4564319635601
1658.18,1260.7370511067184,397.4429488932817
4220.48,4578.611006845525,-358.131006845525
1030.79,1313.1076808503615,-282.3176808503615
2601.76,3792.1858262064857,-1190.4258262064855
3678.95,2916.829409520004,762.1205904799958
1018.27,1310.944884902031,-292.67488490203095
5644.53,7821.919980805538,-2177.3899808055385
970.14,2098.653149012185,-1128.5131490121853
6835.63,1476.1898983164667,5359.440101683534
4022.41,8514.416905927063,-4492.006905927063
4184.5,5125.4194952757025,-940.9194952757025
380.75,1859.564297200862,-1478.814297200862
465.8,1573.763926709694,-1107.963926709694
1809.69,2873.28585939309,-1063.59585939309
5620.02,3066.1891352891294,2553.830864710871
3220.21,1147.6916453433166,2072.518354656683
3890.72,1271.4037492589964,2619.3162507410034
5072.79,3090.7679724672084,1982.0220275327915
9863.93,6460.406795424554,3403.5232045754465
9675.88,12880.783564534937,-3204.9035645349377
6059.41,4439.658298888244,1619.7517011117561
1804.39,3041.773773183775,-1237.383773183775
830.45,1191.9069600239898,-361.4569600239897
1193.6,1233.0627628989225,-39.46276289892262
4088.63,3008.8469847984325,1079.7830152015677
2743.94,4439.653417202356,-1695.7134172023557
2192.42,1872.150676400564,320.2693235994361
6117.4,4037.583779930638,2079.816220069362
295.46,1289.382467569426,-993.9224675694259
4052.41,2897.51725954441,1154.8927404555898
5238.48,4593.018788051614,645.4612119483854
778.58,855.4376559904694,-76.85765599046931
825.26,1872.47715729991,-1047.21715729991
4710.25,3369.230391842377,1341.0196081576232
3992.97,3021.6468974358786,971.3231025641212
1691.26,2496.0831079651502,-804.8231079651503
2613.75,2309.6282468999325,304.1217531000675
1145.01,1115.279191845205,29.730808154794886
2090.56,2040.97589766629,49.58410233371001
1879.36,4458.930003566237,-2579.5700035662376
623.5,1702.8466500970314,-1079.3466500970314
1976.98,1589.1239996252723,387.8560003747277
1349.48,1339.2084403351625,10.271559664837469
2047.35,4520.620852538493,-2473.270852538493
715.28,866.916131779348,-151.63613177934803
7225.54,16491.07525366603,-9265.535253666028
1058.22,2459.287880103443,-1401.067880103443
8109.78,8203.741157953678,-93.9611579536786
1235.1,1428.7859270923996,-193.68592709239965
4286.83,8323.646928510645,-4036.816928510645
2899.16,2479.3964971146147,419.76350288538515
2384.79,2108.747183228489,276.04281677151084
11418.97,7075.571191197707,4343.3988088022925
1807.43,6218.260257811359,-4410.830257811359
5364.13,1980.4531805981132,3383.676819401887
1190.0,7216.731971428786,-6026.731971428786
2970.65,3917.174900681161,-946.524900681161
2116.53,2612.1450759890017,-495.6150759890015
2583.19,3721.129169139139,-1137.9391691391388
3735.74,2422.870737823763,1312.8692621762366
815.95,1494.809695955774,-678.859695955774
729.74,1175.4598292906799,-445.71982929067985
2777.94,1891.7975341363476,886.1424658636524
3143.22,3721.882260221368,-578.6622602213683
12998.52,10393.146677226825,2605.3733227731755
726.35,2861.5431470937574,-2135.1931470937575
1395.38,890.7533311875912,504.62666881240887
2274.09,1947.2562975550945,326.8337024449056
773.52,4857.939854886606,-4084.4198548866057
2663.25,3678.927960397758,-1015.6779603977579
1739.02,1635.8833677754576,103.13663222454238
6498.35,3762.515914244019,2735.8340857559815
1742.23,1282.4000890007637,459.8299109992363
2025.49,2928.087980735912,-902.597980735912
733.76,746.1813718825707,-12.421371882570725
2023.09,2797.2478098334727,-774.1578098334728
7666.62,8855.12143956509,-1188.5014395650896
6304.74,5647.789510090933,656.9504899090671
5825.19,6106.898326669622,-281.7083266696227
654.23,970.2419516021658,-316.0119516021658
3467.2,2520.6400846841125,946.5599153158873
1245.55,2664.2897979694226,-1418.7397979694226
1170.2,980.2830510041699,189.91694899583013
5638.4,3421.520206409197,2216.879793590803
6823.98,5785.714220061454,1038.2657799385452
6233.45,4594.563886473225,1638.8861135267753
4203.77,3312.896899624742,890.8731003752582
2221.5,3480.829007885507,-1259.329007885507
3911.96,2483.7442267109936,1428.2157732890064
2868.78,1253.0713679918872,1615.708632008113
974.63,1667.977393877366,-693.347393877366
737.91,1010.0193977507963,-272.10939775079635
3252.41,6124.132432803956,-2871.7224328039565
3738.0,1479.6135506502378,2258.386449349762
1463.43,1720.8833278749937,-257.45332787499365
1935.66,2083.8832085331255,-148.22320853312544
1631.1,1465.459540301898,165.64045969810195
794.23,1826.7126139099257,-1032.4826139099257
3114.86,2186.530870427276,928.329129572724
5222.89,4208.989460085917,1013.9005399140833
1962.35,1633.8647665150515,328.48523348494837
2784.1,1822.1837991950524,961.9162008049475
4769.94,2621.673927349424,2148.2660726505756
1919.08,4305.513863537541,-2386.4338635375407
9193.77,5099.911343173659,4093.8586568263418
4736.71,2604.6720612797562,2132.037938720244
338.62,1268.4426290108986,-929.8226290108986
933.33,1405.7470237772454,-472.4170237772454
709.96,1044.6510686560866,-334.6910686560866
544.88,1191.063003772499,-646.1830037724991
4010.4,4621.96308798674,-611.5630879867399
1421.5,1674.1520986971927,-252.65209869719274
1454.45,1269.683534535471,184.76646546452912
2930.16,2258.3984909412857,671.7615090587142
2464.0,2373.3230113128557,90.67698868714433
3162.25,2964.7507581240325,197.49924187596753
4973.87,3251.715409509036,1722.154590490964
1266.99,1529.2050386245335,-262.21503862453346
1575.97,2938.324333895363,-1362.354333895363
3620.58,4824.064204061796,-1203.484204061796
10026.1,9149.485726240991,876.6142737590089
3496.95,2024.7684339777516,1472.1815660222483
7472.18,4659.2711160353265,2812.908883964674
911.54,1369.4352554015647,-457.8952554015648
3894.3,1855.772695249386,2038.5273047506141
1132.81,1743.4976696865926,-610.6876696865927
11453.51,8623.708194508947,2829.8018054910535
1582.97,2206.299572258031,-623.3295722580308
3738.56,4553.554914340844,-814.9949143408444
7455.82,3952.8560924556905,3502.963907544309
725.3,1715.7707382087988,-990.4707382087988
1276.02,1416.8563909754012,-140.83639097540117
1463.65,2151.3095002057134,-687.6595002057134
1246.86,1091.3468577386138,155.51314226138607
1915.47,2149.681267524116,-234.21126752411578
1820.58,2072.167402592489,-251.58740259248907
567.1,1574.4953807363984,-1007.3953807363984
3875.67,2590.5982128834635,1285.0717871165366
4913.68,4334.135288188566,579.5447118114344
6319.97,5584.887814112818,735.0821858871823
4268.44,3644.6316155878103,623.8083844121893
1273.11,1441.7340011140107,-168.62400111401075
915.11,1313.1246276343722,-398.01462763437223
2250.96,1923.1186098267485,327.8413901732515
2617.65,3088.6311058866268,-470.98110588662666
1462.12,1878.4210667160999,-416.30106671609997
8332.53,2948.302867858883,5384.227132141117
3651.33,3933.29147230268,-281.96147230268025
2929.31,1540.9066356330734,1388.4033643669266
6523.21,8812.187615814582,-2288.9776158145824
2322.64,2586.158805000083,-263.5188050000829
17518.38,6851.283532777394,10667.096467222607
776.2,1468.2081880920307,-692.0081880920307
581.69,1383.1579820349461,-801.4679820349461
2620.33,2819.893604773018,-199.56360477301814
3279.66,4117.305190663435,-837.6451906634347
1432.34,2326.970350701534,-894.6303507015339
1927.54,3139.410492975904,-1211.8704929759042
3159.05,2505.369090150158,653.680909849842
1506.78,2913.760621506178,-1406.9806215061778
1453.46,4310.336519644447,-2856.8765196444474
5237.38,5478.270831189327,-240.8908311893265
365.3,1975.7697573348769,-1610.469757334877
6047.82,5226.487592792365,821.3324072076348
2313.11,1988.0287668163623,325.0812331836378
1747.36,1719.442605128995,27.917394871004944
6832.66,2839.425100410745,3993.234899589255
4368.53,2813.74915346975,1554.7808465302496
2815.35,2327.783616725102,487.5663832748978
757.74,1338.1794670909744,-580.4394670909744
1453.67,2703.9198786955276,-1250.2498786955275
581.46,787.1312137422625,-205.67121374226247
2117.62,2970.5370849767355,-852.9170849767356
1920.98,4489.262838672579,-2568.282838672579
1826.76,1412.646151885926,414.113848114074
1034.36,1360.881133143517,-326.5211331435171
584.17,2827.8700129882964,-2243.7000129882963
1295.65,1679.4370372233827,-383.78703722338264
7745.21,6776.8319757867075,968.3780242132925
4925.05,4117.461960277127,807.588039722873
2201.95,3097.641863376349,-895.6918633763494
7178.23,4246.516993443477,2931.7130065565225
1303.36,920.9962083673784,382.36379163262154
1257.21,2884.0982383721753,-1626.8882383721752
3455.0,3006.496758784371,448.5032412156288
3894.21,2888.934628765012,1005.2753712349881
6296.6,6954.908763652032,-658.3087636520313
2989.42,1759.229358299669,1230.190641700331
5457.66,6170.5456362902105,-712.8856362902106
2623.26,3948.1070143406478,-1324.8470143406475
3148.57,1672.2513266107235,1476.3186733892767
2121.25,2531.3652853141352,-410.11528531413524
2310.55,1665.0629703580742,645.487029641926
9716.37,9193.512527563833,522.8574724361679
5191.85,8015.222318486335,-2823.3723184863347
1688.54,1981.1141131409681,-292.57411314096817
2090.02,1692.032101151441,397.98789884855887
1455.46,1408.0020405072635,47.45795949273656
997.05,2524.7753125534164,-1527.7253125534164
1202.1,1057.1696073056867,144.93039269431324
3936.57,4460.227982492431,-523.6579824924306
1820.18,1378.736094477336,441.44390552266395
1496.93,1120.7652725127946,376.1647274872055
9009.57,3699.1507035413024,5310.419296458697
997.6,1718.9543187264048,-721.3543187264048
5708.29,8685.002463439736,-2976.712463439736
8447.92,5775.385272860103,2672.534727139897
1139.98,740.3041974212535,399.67580257874647
2159.04,1511.9884383835224,647.0515616164776
4880.69,2339.373368006747,2541.3166319932525
4844.23,4416.5295626580455,427.70043734195406
893.91,2152.660412042911,-1258.7504120429112
3773.67,1319.7091010266845,2453.9608989733156
6389.2,5615.23411342827,773.9658865717302
509.97,1654.6218795753446,-1144.6518795753445
896.42,1510.938913525362,-614.5189135253621
831.9,943.6576571252796,-111.7576571252796
677.21,1916.363752118242,-1239.153752118242
509.34,862.9093477431993,-353.56934774319933
629.95,1055.038640410482,-425.08864041048196
1424.13,1305.001379676101,119.12862032389921
1462.44,1935.4813826415136,-473.04138264151356
5192.88,4414.783748504341,778.0962514956591
1578.18,1777.630476706985,-199.450476706985
1949.56,2788.419724730977,-838.8597247309772
721.95,2475.009041158606,-1753.059041158606
1072.31,939.9166161863402,132.39338381365974
1806.0,1813.5429357962164,-7.542935796216398
1097.94,2685.2728302102732,-1587.3328302102732
2187.0,5932.220723899683,-3745.2207238996834
1219.89,1700.520100220359,-480.6301002203588
2968.69,2155.5700425661817,813.1199574338184
1553.78,1689.6097187175433,-135.8297187175433
717.2,3074.057409493668,-2356.8574094936675
5443.89,4086.254304167177,1357.6356958328233
2151.69,1374.4836580987476,777.2063419012525
3840.69,2764.472259889344,1076.217740110656
3926.72,2891.8548606684535,1034.8651393315463
1319.71,2713.3852753287783,-1393.6752753287783
17216.61,8274.371837173188,8942.238162826812
1239.17,1480.5281417893157,-241.3581417893156
4912.92,2676.0433959374627,2236.8766040625374
3512.34,2873.2828803916004,639.0571196083997
3877.16,6219.785255418238,-2342.6252554182383
3630.77,3221.856900741227,408.91309925877295
4777.24,3753.7011097604195,1023.5388902395803
7246.44,2175.9302193568096,5070.5097806431895
3968.87,5615.768210526581,-1646.8982105265814
2150.53,5189.512237689594,-3038.982237689594
3094.82,2450.7997047295394,644.0202952704608
4527.05,5602.651789692212,-1075.6017896922122
5874.21,2416.405132213086,3457.804867786914
3547.4,2173.272963157542,1374.127036842458
3099.34,2798.139777611789,301.20022238821093
831.55,1274.3770830278822,-442.8270830278823
4150.65,3087.5177870897464,1063.1322129102532
2775.72,2091.538204391158,684.1817956088416
882.47,1300.5489331372353,-418.07893313723525
2500.86,5064.190998087171,-2563.3309980871704
3799.04,4546.735745351013,-747.6957453510131
1667.38,2464.7751710609414,-797.3951710609413
3740.27,3641.499775062193,98.77022493780714
901.06,4187.63420975504,-3286.5742097550396
1012.98,1875.2206074380292,-862.2406074380292
1038.27,1079.677632884345,-41.40763288434505
3424.22,1551.5145232151106,1872.7054767848892
6301.75,4811.810468119864,1489.9395318801362
1494.14,1638.9200494120141,-144.78004941201402
1352.0,2198.788042919224,-846.7880429192242
11669.11,9676.808147797898,1992.301852202103
1454.23,2814.457314273179,-1360.2273142731788
903.55,1187.5560523828976,-284.0060523828977
769.64,1799.6727552651366,-1030.0327552651365
1160.94,1597.394921768228,-436.4549217682279
482.39,1340.8982465490476,-858.5082465490476
3407.55,5252.827085171415,-1845.277085171415
570.12,732.2365642152872,-162.1165642152872
1586.04,2469.095917152452,-883.0559171524519
2831.47,1795.320539998569,1036.1494600014307
4192.21,5626.172003892326,-1433.9620038923258
759.92,1497.8973773972011,-737.9773773972012
2206.27,1506.6684675188944,699.6015324811056
1832.51,3354.903798528102,-1522.393798528102
3049.25,2770.3429153863267,278.9070846136733
615.5,2659.173359670867,-2043.6733596708668
2330.2,1144.9365301674143,1185.2634698325855
4324.27,2301.0330977941985,2023.236902205802
1106.85,2557.4937597542694,-1450.6437597542695
6809.3,4470.827043875507,2338.472956124493
2067.88,2988.551951955748,-920.6719519557478
2563.4,3161.289777246696,-597.8897772466958
926.72,1772.0827018415448,-845.3627018415448
1750.98,2835.3303544681066,-1084.3503544681066
1325.15,2338.166424110485,-1013.0164241104849
5215.34,4305.019339510741,910.3206604892594
997.45,1013.3117426187408,-15.861742618740777
1019.97,1818.9429521076504,-798.9729521076504
1131.66,1833.485157042,-701.825157042
5387.13,4544.890134946706,842.2398650532941
60.8,931.172467896923,-870.372467896923
10786.79,6216.043861729712,4570.746138270289
3530.97,3775.7340919066432,-244.76409190664344
2258.38,1607.159792237463,651.220207762537
3071.1,6714.31066418547,-3643.2106641854703
1446.61,2179.485560857095,-732.8755608570953
5195.19,1627.7296360678674,3567.460363932132
4054.25,3757.3544764047692,296.89552359523077
1225.16,2188.4210901184306,-963.2610901184305
555.5,982.3923564532254,-426.8923564532254
1366.87,1845.0983129797062,-478.2283129797063
1646.0,2065.055712335257,-419.0557123352569
682.15,1230.001760717268,-547.8517607172681
635.89,1500.0291314493304,-864.1391314493304
1577.35,1238.0470961309209,339.30290386907905
2024.03,4071.3676383320026,-2047.3376383320026
992.1,1615.5079802616315,-623.4079802616315
1235.09,2220.3160168744816,-985.2260168744817
873.01,1988.8261404077273,-1115.8161404077273
3945.56,1808.9605979550226,2136.599402044977
549.93,1418.1684519554965,-868.2384519554965
1239.98,2140.4354837348014,-900.4554837348014
2079.74,1427.9177971417494,651.8222028582504
3077.4,3052.8755324562558,24.524467543744322
579.97,1648.0071140595328,-1068.0371140595328
1252.5,1489.402044906831,-236.90204490683095
7541.77,3706.5466020291756,3835.223397970825
6934.83,4531.250001008062,2403.579998991938
989.81,1219.3762893972648,-229.56628939726488
923.89,1220.667375993652,-296.7773759936521
562.7,1359.5412992756276,-796.8412992756275
2831.09,3466.769472034366,-635.679472034366
2430.1,4085.4916560664606,-1655.3916560664607
7559.95,7173.915705828134,386.03429417186544
4990.86,5700.690443316285,-709.8304433162857
2115.86,1548.375996283244,567.4840037167562
3590.32,3506.706588100367,83.61341189963332
719.3,1233.4546016798977,-514.1546016798977
2481.13,2501.2535942613176,-20.12359426131752
3448.33,2548.5290858756844,899.8009141243156
1574.34,2301.194677358537,-726.854677358537
2296.09,3930.793736293698,-1634.703736293698
1185.23,1025.8237725805477,159.4062274194523
2871.81,1731.4906166228348,1140.3193833771652
6352.24,3282.0684002543867,3070.171599745613
9200.5,8862.297009867096,338.20299013290423
368.87,2498.3348887389707,-2129.464888738971
1745.71,2229.9621257890913,-484.2521257890912
3293.4,2518.7452699862097,774.6547300137904
1596.43,1423.1406119304959,173.28938806950418
1121.86,1300.1575080078853,-178.29750800788543
1022.27,3427.5847473281315,-2405.3147473281315
1505.87,1570.3631810453853,-64.49318104538543
1227.31,2410.93954634667,-1183.62954634667
1327.5,3312.727476535651,-1985.227476535651
1417.88,2144.1069635694316,-726.2269635694315
954.73,2475.8245737871284,-1521.0945737871284
1470.91,1091.8976679787233,379.01233202127673
12620.13,6877.003481461826,5743.1265185381735
828.3,1600.682367620462,-772.382367620462
576.46,1859.158707903184,-1282.698707903184
588.34,1515.888370000527,-927.5483700005269
1302.13,1916.0699442400166,-613.9399442400165
1352.35,1887.1671408365733,-534.8171408365733
10076.2,9510.623191339873,565.5768086601274
1723.96,2068.3074824344735,-344.3474824344735
702.12,1040.987386709402,-338.867386709402
4267.2,3870.874026032576,396.32597396742403
1879.69,1762.3908195406177,117.29918045938234
1607.19,2138.5632541768246,-531.3732541768245
6615.28,7305.708506785371,-690.4285067853716
1055.99,2814.4322095175266,-1758.4422095175266
2504.94,1698.6103412220114,806.3296587779887
649.93,1203.127999626285,-553.197999626285
801.84,2095.3125627453646,-1293.4725627453645
1943.99,1304.7156803937455,639.2743196062545
1925.94,1958.512859679756,-32.57285967975599
253.01,868.2990785603154,-615.2890785603154
747.63,1449.9801251333674,-702.3501251333674
1352.59,1950.5415724788043,-597.9515724788043
1156.03,2283.223086855792,-1127.1930868557922
9726.36,6359.8180130102655,3366.541986989735
1819.54,1683.429639086383,136.1103609136169
866.46,1199.7105725902293,-333.25057259022924
1365.65,712.3809316288512,653.2690683711489
2392.12,2187.460037457614,204.65996254238598
3731.03,2915.5209696820298,815.5090303179704
4686.88,6934.374735439853,-2247.494735439853
947.54,1034.550834779553,-87.01083477955308
970.33,1119.691702292268,-149.36170229226798
1940.17,3114.244410878649,-1174.074410878649
2249.7,3333.6939056584974,-1083.9939056584976
1813.36,1456.4678752884931,356.89212471150677
983.48,1978.9737037925372,-995.4937037925372
2754.17,1543.0529017488043,1211.1170982511958
1898.49,3059.456553592055,-1160.966553592055
1291.78,1431.2164806714306,-139.43648067143067
626.35,2167.4377564486717,-1541.0877564486718
1517.58,1054.0807655164585,463.4992344835414
1227.26,874.1777689904677,353.0822310095323
3134.51,1154.8547084148488,1979.6552915851514
610.52,2146.1379429301005,-1535.6179429301005
1250.28,1557.163417172864,-306.88341717286403
1654.46,5741.569232309127,-4087.109232309127
2826.74,2795.984299606186,30.75570039381364
681.72,1056.6907266144153,-374.9707266144153
1224.46,1657.0752345815727,-432.6152345815726
3429.46,3804.2259856874634,-374.7659856874634
1226.55,3889.806914273364,-2663.2569142733637
1216.08,2302.1061969897005,-1086.0261969897006
1135.93,1236.4779632546345,-100.5479632546344
1108.63,994.6608732916561,113.96912670834399
3545.96,1928.2362503803743,1617.7237496196258
1599.25,2243.7650002975015,-644.5150002975015
5202.86,5830.895728903463,-628.0357289034637
7534.91,3574.0333951163952,3960.8766048836046
1118.12,1510.0918688410118,-391.9718688410119
902.6,2765.3236390973707,-1862.7236390973708
1790.94,1871.360298882174,-80.42029888217394
1255.46,1063.7037279176573,191.75627208234278
2015.41,3801.4543859598857,-1786.0443859598856
1984.55,3914.0463652128215,-1929.4963652128215
1142.7,1803.390147648767,-660.6901476487669
4192.53,4461.874080420342,-269.3440804203419
779.31,670.5588175059643,108.75118249403567
10161.07,7387.435446805623,2773.634553194377
939.19,1963.7291703820863,-1024.5391703820862
1391.49,1226.1011561951113,165.38884380488867
780.43,1014.225098821869,-233.79509882186903
631.75,2628.6117506128753,-1996.8617506128753
965.41,2419.104598484516,-1453.694598484516
1012.81,2296.099442816105,-1283.2894428161048
1835.81,1592.3345133536748,243.47548664632518
744.83,1122.0733208928782,-377.24332089287816
908.27,1052.166214896816,-143.896214896816
2367.01,4523.090862383164,-2156.0808623831635
3304.41,4463.499680962337,-1159.0896809623373
1146.48,1706.8249479510455,-560.3449479510455
1467.38,2378.389319057825,-911.009319057825
8263.74,6083.908584899729,2179.8314151002705
1780.37,3577.8804664716563,-1797.5104664716564
2283.3,1987.411876939875,295.8881230601253
1423.17,2083.3907250774873,-660.2207250774873
1131.0,2434.6658630020193,-1303.6658630020193
1635.22,1480.5388650052148,154.68113499478522
1293.05,1876.374066360351,-583.324066360351
2561.1,1942.6472838396642,618.4527161603357
2376.16,2297.046950115619,79.11304988438087
1306.35,1506.2561259655008,-199.9061259655009
16223.55,6536.958938768617,9686.591061231382
3249.73,3510.934616592525,-261.20461659252487
761.45,1893.267992631311,-1131.817992631311
7878.64,4780.472209414259,3098.1677905857414
1362.55,2736.4902202903836,-1373.9402202903836
1725.15,1735.627644934841,-10.47764493484101
3181.63,2517.781790085748,663.848209914252
2079.84,987.3424922539559,1092.4975077460442
5885.77,2705.2615203492255,3180.508479650775
888.83,1400.455639211016,-511.62563921101594
2369.07,3344.0571603277576,-974.9871603277575
10338.98,7297.975282090774,3041.0047179092253
1779.42,1736.1213472960085,43.29865270399159
2695.6,6177.587954998434,-3481.987954998434
650.01,1530.597958874581,-880.5879588745811
1432.59,3522.1297132641175,-2089.5397132641174
1639.35,2594.4172747352372,-955.0672747352373
3908.43,2409.145865122879,1499.2841348771208
2766.77,6185.503741932164,-3418.7337419321643
1010.96,1271.5464892331036,-260.5864892331035
2638.74,4111.794286976392,-1473.0542869763922
3126.23,2254.608622824576,871.6213771754242
2815.32,4315.373843947448,-1500.053843947448
518.56,1080.5606032681974,-562.0006032681974
2547.1,2305.467710881367,241.6322891186328
2148.47,1648.1715203945641,500.29847960543566
1113.56,1395.3016717726562,-281.7416717726562
1341.59,2225.8254169417582,-884.2354169417583
1239.7,1872.7872219471838,-633.0872219471837
943.38,2045.8649007614083,-1102.4849007614084
7639.62,5061.746158759116,2577.873841240884
2100.38,4046.275568351199,-1945.895568351199
997.09,2463.0995766953656,-1466.0095766953655
3014.01,3174.988242226738,-160.97824222673762
2582.04,1416.2052516290216,1165.8347483709783
950.75,2018.6804588193604,-1067.9304588193604
899.62,2096.5542248145653,-1196.9342248145654
1206.31,957.3367290685643,248.97327093143565
3812.72,5172.892248580579,-1360.172248580579
468.66,2127.0111436404914,-1658.3511436404913
965.34,1754.8800272698604,-789.5400272698604
283.66,1655.7101655647448,-1372.0501655647447
1071.64,1244.8896128996262,-173.24961289962607
712.97,1955.2338303624567,-1242.2638303624567
2369.51,1804.6187743652565,564.8912256347437
7402.8,2598.7500607454313,4804.049939254569
1886.94,3512.430665233028,-1625.4906652330278
11892.22,7534.231543205806,4357.988456794194
4510.86,1412.3977729296892,3098.4622270703103
1130.3,1465.115239698131,-334.8152396981311
2541.57,2216.1625309557844,325.40746904421576
6293.32,8023.890814965226,-1730.5708149652264
2060.23,2866.2588864631016,-806.0288864631016
1783.08,2890.7374875853116,-1107.6574875853116
17519.14,10233.141129883366,7285.998870116633
2741.47,1936.8317169698253,804.6382830301745
2788.99,2097.694626129421,691.2953738705787
4228.68,3390.683675030788,837.9963249692123
11850.88,6561.045178006082,5289.834821993917
718.69,1280.1085159772426,-561.4185159772426
902.34,1343.72389122011,-441.38389122011006
2593.71,1749.0703032023255,844.6396967976746
656.81,696.8579688085802,-40.04796880858021
9327.73,8972.73587564733,354.99412435267004
872.8,1419.8646400760604,-547.0646400760604
1451.25,1724.5439436613105,-273.29394366131055
766.19,2006.3563166954743,-1240.1663166954743
600.25,1067.7652203262135,-467.51522032621347
4762.7,4394.686769540461,368.01323045953905
1977.84,1967.7319828428265,10.108017157173435
2750.53,2557.054501074079,193.47549892592133
2147.27,1192.4193971894472,954.8506028105528
1342.84,2605.4129839174893,-1262.5729839174894
1829.67,2521.5688840619837,-691.8988840619836
1961.55,1569.9878928468015,391.56210715319844
1075.77,2884.9277294300105,-1809.1577294300105
1797.74,2395.4966433063946,-597.7566433063946
3535.7,3498.2250573379906,37.4749426620092
1274.38,2003.3541762914456,-728.9741762914455
920.21,1087.8472125658282,-167.63721256582812
2559.2,3625.374450435896,-1066.1744504358962
869.95,4976.833438589321,-4106.8834385893215
748.39,1716.9206481617591,-968.5306481617591
982.79,1945.6211717203762,-962.8311717203762
365.2,1523.9393224899427,-1158.7393224899427
5777.7,3818.949426901938,1958.750573098062
3127.27,2007.4369497831256,1119.8330502168744
6533.91,2238.1486119265246,4295.761388073475
7212.43,3706.268369294345,3506.161630705655
1507.72,1765.4363159915022,-257.71631599150214
10192.0,17369.084104414167,-7177.084104414167
4993.8,5000.378882992069,-6.578882992068429
1286.9,1603.2618053386427,-316.3618053386426
3559.02,3696.4428629257163,-137.42286292571634
1380.47,2247.739733030172,-867.2697330301719
2680.56,2441.289748827982,239.2702511720181
882.67,1768.3474894324254,-885.6774894324254
835.47,991.8557196258596,-156.38571962585956
2175.89,1870.134885358149,305.7551146418509
966.75,1846.4320074190675,-879.6820074190675
1353.3,2108.8836970299544,-755.5836970299545
6929.75,4120.252515559145,2809.4974844408553
3066.42,3556.6333211101214,-490.21332111012134
2858.37,3278.8070450885516,-420.4370450885517
1442.14,3748.198638439112,-2306.0586384391117
1988.75,2305.7623840375463,-317.0123840375463
1236.3,2463.481172011704,-1227.1811720117041
554.78,1182.3161003091932,-627.5361003091932
1712.12,1578.7728468738114,133.34715312618846
11759.6,14210.965152014325,-2451.365152014325
3248.11,2400.3897377178355,847.7202622821646
1806.6,1469.2329893637611,337.3670106362388
2830.28,4839.302252633179,-2009.0222526331786
2863.08,1435.7226452420446,1427.3573547579554
9561.2,6125.282439795342,3435.917560204659
3144.35,1940.3129618381681,1204.0370381618318
5059.29,2594.1928363478355,2465.0971636521645
4460.07,4961.669890587049,-501.59989058704923
5154.05,4046.907673308324,1107.1423266916763
2431.57,3441.816287414076,-1010.246287414076
3179.23,3033.1265661586767,146.1034338413233
937.59,950.5795000437679,-12.989500043767862
1775.77,2380.3427630861393,-604.5727630861393
5158.33,3909.7966461053506,1248.5333538946493
1458.51,1935.8413592079055,-477.3313592079055
12227.37,6858.6300059145115,5368.739994085489
1378.3,894.5332872170613,483.7667127829386
1241.57,1681.4648966391285,-439.89489663912855
4241.84,1630.9257244957219,2610.9142755042785
21468.43,9924.490162629236,11543.939837370765
6868.93,9868.670860065651,-2999.740860065651
10682.34,5906.405753665869,4775.934246334131
794.0,12533.870084392607,-11739.870084392607
3756.17,2155.680531178477,1600.4894688215231
7786.93,5739.863852927382,2047.0661470726182
415.51,1533.7363561499792,-1118.2263561499792
16784.14,17130.438074271417,-346.29807427141714
987.62,1261.2744280921793,-273.6544280921793
1804.4,2931.098562600047,-1126.698562600047
1450.76,1683.1750609570065,-232.41506095700652
829.86,1520.459069602649,-690.5990696026489
2811.01,5329.17476288482,-2518.1647628848195
6104.8,5982.678013061562,122.12198693843857
15004.87,8185.066234575109,6819.803765424892
8485.63,6244.572537508931,2241.057462491068
4570.91,3328.8875559892485,1242.0224440107513
1039.75,2141.7640902198345,-1102.0140902198345
4600.91,3234.8157007059367,1366.0942992940631
212.46,3502.3645619915274,-3289.9045619915273
1231.08,2894.0120335909046,-1662.9320335909047
2037.82,1820.4300163132557,217.38998368674424
2028.31,1767.983435777892,260.3265642221079
2203.72,1052.3404743696442,1151.3795256303556
866.57,1519.720095214686,-653.1500952146858
1589.33,1193.5776688767396,395.7523311232603
3667.95,3291.9914524497417,375.9585475502581
2526.61,2264.894397558829,261.7156024411711
3031.46,3032.874608501277,-1.4146085012771437
3143.75,1985.0561457495694,1158.6938542504306
8743.62,11874.223541280006,-3130.6035412800047
6820.61,4550.346648637691,2270.2633513623086
3668.86,3613.054895563808,55.80510443619232
744.62,1039.4769612111193,-294.85696121111926
767.09,1578.0012644872163,-810.9112644872163
1451.05,1619.0737038284774,-168.02370382847744
2026.02,827.6917170828303,1198.3282829171696
1848.2,1852.5680706934534,-4.368070693453319
4148.61,4839.497608877252,-690.8876088772522
1087.54,2306.8911236580284,-1219.3511236580284
3321.69,3069.124642580551,252.5653574194489
1201.32,2338.4785997463205,-1137.1585997463205
2329.36,2897.35165726129,-567.9916572612897
1636.57,2739.7236009073326,-1103.1536009073327
6261.72,4183.329663522364,2078.390336477636
2352.75,966.2182479427044,1386.5317520572958
3369.7,2358.7048235924335,1010.9951764075663
1086.04,1400.6568188795204,-314.61681887952045
2340.65,3854.574262051844,-1513.924262051844
1018.37,2386.541001300104,-1368.1710013001043
3591.98,1447.8099603084504,2144.1700396915494
8677.65,7661.534118747125,1016.1158812528747
2483.04,2653.716434361249,-170.676434361249
950.03,2673.487873560406,-1723.4578735604061
1587.06,1796.8507914949498,-209.79079149494987
2080.58,1895.3159721675024,185.2640278324975
4276.69,2943.461970565291,1333.2280294347088
995.13,900.0688534623803,95.06114653761972
3298.92,4021.1877375815698,-722.2677375815697
11755.54,8131.557347764719,3623.9826522352814
9853.42,5277.771416426091,4575.6485835739095
2955.46,2207.4340580817184,748.0259419182817
2414.98,2651.637311500552,-236.65731150055217
621.34,1051.7173207105136,-430.3773207105136
2750.69,3809.103813015516,-1058.413813015516
1129.95,1470.6141763725648,-340.6641763725647
1186.39,1828.0484803998024,-641.6584803998023
1639.64,2277.513257997181,-637.8732579971809
7650.06,7216.328532552988,433.7314674470126
4040.24,3758.5928086717154,281.6471913282844
3120.59,2796.1923125847898,324.3976874152104
1896.38,1630.118960458301,266.2610395416991
1505.39,2615.9990541470715,-1110.6090541470714
927.59,1375.6776283155245,-448.0876283155245
1639.96,3014.816909364211,-1374.8569093642109
2049.44,3838.954992169341,-1789.514992169341
4217.24,2384.843569230814,1832.3964307691858
6489.88,5328.132388427394,1161.7476115726058
5240.33,4662.211736132077,578.1182638679229
3436.13,3607.4076396387854,-171.27763963878533
678.29,2573.5307938447745,-1895.2407938447745
1543.2,2249.103762021052,-705.9037620210518
5647.82,5108.088057789858,539.7319422101418
1483.08,1923.0242263152536,-439.9442263152537
3428.21,3334.08214091587,94.12785908413025
1015.16,3217.12351490291,-2201.96351490291
925.56,1542.3816706010102,-616.8216706010103
8686.41,8029.2725140237435,657.1374859762564
5394.09,5805.190251552637,-411.100251552637
10570.38,7780.379788121889,2790.0002118781103
6086.21,2624.8186492218288,3461.3913507781713
1236.23,978.8450206677737,257.3849793322263
952.52,3561.7179585329163,-2609.1979585329163
644.6,2328.351370530968,-1683.751370530968
1736.68,1021.6192656432997,715.0607343567003
2163.13,1720.362180846045,442.7678191539551
744.56,2030.3245016151864,-1285.7645016151864
708.74,1092.0525039531033,-383.31250395310326
9564.6,8527.018447858201,1037.581552141799
2008.18,3302.0804020553765,-1293.9004020553764
2150.35,2694.1988401135245,-543.8488401135246
7386.44,7610.4142179955315,-223.97421799553194
816.56,1302.1703271585948,-485.6103271585948
5246.67,4772.962121361978,473.7078786380225
2090.07,1373.7154547606808,716.3545452393194
2462.76,1868.854631062647,593.9053689373532
2931.11,4406.509611857423,-1475.3996118574228
5906.43,3589.2320544777517,2317.1979455222486
2124.53,2145.025847438139,-20.495847438138753
2879.51,2186.6440411151343,692.8659588848659
1817.53,1754.5307905317509,62.99920946824909
1361.25,1435.4900511218354,-74.24005112183545
6674.52,3772.9700790675515,2901.549920932449
2825.41,2338.910024147336,486.49997585266374
3405.85,2857.3004558612606,548.5495441387393
2416.86,1253.8537348176571,1163.006265182343
3695.2,3992.3580588379677,-297.1580588379679
1253.88,2225.442316909456,-971.5623169094561
2724.76,2202.8443999642636,521.9156000357366
3596.38,2288.2000628214773,1308.1799371785228
801.42,1318.4401052342264,-517.0201052342264
766.59,1113.0430833197609,-346.4530833197608
1031.62,1776.0785105102104,-744.4585105102105
1413.43,1664.004040838816,-250.57404083881602
4789.44,2478.161704733921,2311.2782952660787
728.79,1391.3949772141534,-662.6049772141535
2151.82,2725.492659968622,-573.6726599686217
2502.29,2754.0551045471793,-251.76510454717936
1205.35,1949.4813119844548,-744.1313119844549
607.96,994.6013072828403,-386.6413072828402
4050.24,2836.244770495093,1213.995229504907
4520.87,3010.7259456015695,1510.1440543984304
2908.89,1206.9530914124957,1701.9369085875041
2925.15,2464.8038798997986,460.34612010020146
4570.03,3130.3281467728016,1439.7018532271982
798.72,1288.3097761664628,-489.5897761664628
1894.02,3787.523864094075,-1893.5038640940752
1871.06,2640.4069437226144,-769.3469437226145
1266.78,2322.7033208488765,-1055.9233208488765
1855.22,1917.1820723003632,-61.96207230036316
12110.8,11948.213334015058,162.58666598494165
2219.14,3052.038242427816,-832.8982424278161
2655.35,6147.119163675935,-3491.769163675935
1299.83,2444.8257351183543,-1144.9957351183543
812.98,1749.4347557370716,-936.4547557370715
518.72,1066.9440289704712,-548.2240289704712
533.78,2120.69444926708,-1586.91444926708
1907.9,2323.6393374120207,-415.73933741202063
795.93,1086.7082670217708,-290.77826702177083
7211.89,4237.211235015156,2974.6787649848447
1279.55,2040.1031227332087,-760.5531227332087
837.85,2001.2841265049108,-1163.4341265049106
4791.76,2947.7957807216917,1843.9642192783085
3274.5,2964.4784478410606,310.02155215893936
2552.89,3987.301567820382,-1434.411567820382
1769.37,2166.409926698898,-397.03992669889794
3337.76,5614.331940672763,-2276.571940672763
1058.7,1260.1351993405221,-201.4351993405221
6440.81,5587.313643899675,853.4963561003251
2530.95,4075.8527454259565,-1544.9027454259567
7249.49,5762.074475656161,1487.415524343839
834.39,1727.8929657117333,-893.5029657117333
2066.96,3967.1700178599767,-1900.2100178599767
1504.09,1130.664719534002,373.42528046599796
4604.45,6534.661404117557,-1930.2114041175573
1988.2,1519.8020591577224,468.39794084227765
569.95,1846.1640789705127,-1276.2140789705127
757.92,2154.9690021322267,-1397.0490021322266
8982.54,6400.737155342407,2581.8028446575936
2748.18,3440.2757921772686,-692.0957921772688
9055.05,9428.609026537137,-373.55902653713747
1584.15,1500.0030741870685,84.14692581293161
2944.16,1795.0985171511356,1149.0614828488642
5794.93,7053.1531021341325,-1258.2231021341322
5694.86,3909.3729192678547,1785.487080732145
3383.37,7560.5448956494765,-4177.174895649477
1455.7,2985.06070826195,-1529.3607082619499
4442.84,4835.531653938737,-392.69165393873664
6893.51,3951.4509256044134,2942.059074395587
1298.01,1596.6975894510351,-298.68758945103514
579.48,992.1864635204871,-412.7064635204871
3254.75,3344.2333920213823,-89.48339202138231
3002.83,2518.8284205916825,484.0015794083174
1990.91,1311.4622139812518,679.4477860187483
6268.55,4317.337423263231,1951.2125767367688
4874.66,3000.860949020466,1873.799050979534
1869.95,2930.949403214851,-1060.9994032148509
1182.77,2675.1069791018513,-1492.3369791018513
3001.42,5097.148286713499,-2095.728286713499
1205.41,1768.5353038197807,-563.1253038197806
7822.47,6612.0533110954675,1210.4166889045327
589.36,3201.0938732998416,-2611.7338732998414
5554.86,4214.242743983255,1340.6172560167442
693.3,1496.730144288272,-803.430144288272
3182.37,3733.105208101821,-550.7352081018212
2134.26,2160.958653075208,-26.698653075207858
1818.17,2701.261619925699,-883.091619925699
6170.42,1852.4593887968022,4317.960611203198
2445.43,1210.2434495827163,1235.1865504172836
1525.03,2108.8129767003475,-583.7829767003475
1604.59,3383.3095262775787,-1778.7195262775788
7891.27,5273.7888631628175,2617.481136837183
6727.05,2587.280458500244,4139.769541499756
3961.31,1413.719492496986,2547.590507503014
5501.88,2914.7237289528725,2587.1562710471276
2390.47,3234.1211643272486,-843.6511643272488
728.49,1218.5977869226554,-490.10778692265535
1609.34,2486.348536831525,-877.0085368315251
2468.87,3156.994072987275,-688.1240729872752
1071.9,2907.8423300371596,-1835.9423300371595
1509.51,3493.0729815449254,-1983.5629815449254
4131.49,2415.8762552077696,1715.6137447922301
4208.58,3863.413104414845,345.1668955851551
3001.36,3587.8087993212257,-586.4487993212256
1331.52,1158.7385415312217,172.78145846877828
2895.42,3109.3915526832334,-213.9715526832333
968.63,1587.3212053908173,-618.6912053908173
716.26,1239.51551711826,-523.2555171182601
5587.26,2343.8606296017197,3243.3993703982806
1512.25,1851.3358982937798,-339.0858982937798
1562.48,2349.6954747300965,-787.2154747300965
9965.2,7993.883740236125,1971.3162597638757
1918.81,1996.66636427269,-77.85636427269014
2300.28,2502.792576143349,-202.51257614334872
4118.29,2424.2687451606903,1694.0212548393097
2668.42,3076.052717278749,-407.6327172787487
6629.0,5935.324776890008,693.6752231099917
1043.78,1402.0876045118926,-358.3076045118926
2011.24,1218.09830162104,793.14169837896
5547.29,12719.287976556607,-7171.997976556607
2458.74,2026.4724936594403,432.2675063405595
3140.33,2709.9714949453005,430.35850505469944
16759.47,15086.223176806214,1673.2468231937873
1826.7,2598.9911010972814,-772.2911010972814
1641.69,1701.2558942408732,-59.56589424087315
2587.25,1246.0770323232352,1341.1729676767648
3589.36,3180.681733514444,408.6782664855559
1067.12,978.2956897932762,88.82431020672368
3486.32,3840.937590482594,-354.61759048259364
1498.81,1096.4352087315924,402.37479126840753
1808.15,1437.3777152007867,370.77228479921337
6322.07,2628.9106576313116,3693.159342368688
775.88,2848.7965542542356,-2072.9165542542355
3632.81,3696.5000924896217,-63.69009248962175
1572.16,3311.2370688121523,-1739.0770688121522
717.2,1528.4630934912364,-811.2630934912363
630.39,1832.303618320282,-1201.9136183202822
4508.11,1833.6283781307072,2674.481621869292
1233.87,2759.869050035877,-1525.9990500358772
1500.54,1559.0429645829765,-58.502964582976574
5838.86,6120.519791410166,-281.6597914101667
1585.94,3231.9091579235114,-1645.9691579235114
7229.57,6309.833837418665,919.7361625813346
1520.48,3355.855722494758,-1835.375722494758
1393.35,1512.4032333061887,-119.05323330618876
3141.48,7465.259740537287,-4323.779740537288
3321.42,3928.908902887875,-607.4889028878747
6348.02,5278.438840853832,1069.5811591461688
4741.25,4692.041464280035,49.20853571996486
1497.14,2906.7459404954516,-1409.6059404954515
1532.39,1304.6731273751677,227.71687262483238
2755.95,2360.862665934675,395.08733406532474
654.82,1221.3611686180407,-566.5411686180406
3999.3,3221.5496751885944,777.7503248114058
2218.6,2271.039827598324,-52.43982759832397
3758.69,4610.131147368157,-851.4411473681571
1375.34,2026.1357976844336,-650.7957976844336
9523.22,8985.607856359786,537.6121436402136
601.91,1244.699838286516,-642.7898382865161
7095.41,5559.026760756093,1536.3832392439072
4542.84,3740.759968036816,802.080031963184
889.98,1676.2693301694503,-786.2893301694503
709.73,3086.358111725333,-2376.628111725333
2035.96,1449.9163102107316,586.0436897892685
3138.2,3449.2387597731145,-311.03875977311463
1782.56,2174.0488408733263,-391.48884087332635
656.97,2725.2257398437014,-2068.255739843701
4270.4,2674.949954501093,1595.4500454989065
6649.57,4360.634464612532,2288.935535387468
675.57,970.0151759676924,-294.4451759676923
8588.82,5916.984395295965,2671.8356047040343
6050.31,6046.270044823893,4.039955176107469
1478.99,1964.523530747873,-485.5335307478731
6262.15,7301.78091527599,-1039.6309152759904
2232.11,1416.2351653948522,815.874834605148
985.47,1344.750639698926,-359.28063969892605
4153.89,2751.5204813262094,1402.369518673791
10801.72,4621.736690012876,6179.983309987123
1264.44,1063.402591657189,201.03740834281098
9015.27,5831.937197239917,3183.3328027600837
6311.63,6323.228000886227,-11.598000886227055
1038.19,1918.4665854512616,-880.2765854512616
780.85,1539.6650637705472,-758.8150637705472
2098.4,2793.079710654021,-694.6797106540207
3305.5,4556.780438525003,-1251.2804385250029
2841.0,2543.7675000511204,297.23249994887965
752.12,1346.8656369413563,-594.7456369413563
1997.18,2004.9188925636622,-7.738892563662148
1112.78,3009.696639584248,-1896.9166395842478
233.33,2127.350059214666,-1894.0200592146662
1068.48,1575.580145326303,-507.10014532630294
4754.8,3866.149206869048,888.650793130952
903.33,1232.4295692666688,-329.0995692666687
668.96,734.8991494196081,-65.93914941960804
3170.44,3113.5302300295502,56.909769970449815
2161.37,1833.267362033527,328.1026379664729
9819.92,7083.894073100035,2736.0259268999653
784.34,654.8549372157521,129.48506278424793
3274.01,2830.736910555824,443.2730894441761
4384.35,5946.921496790543,-1562.5714967905424
2005.35,2231.6767337802744,-226.32673378027448
1092.06,2874.1567796610393,-1782.0967796610394
690.73,2297.8000296336268,-1607.0700296336267
6999.9,8048.9671570296705,-1049.0671570296709
4146.32,2557.9903677763737,1588.329632223626
1232.13,2742.5924045094703,-1510.4624045094702
2717.3,3330.5255426552476,-613.2255426552474
2907.97,2375.8233787442346,532.1466212557652
2058.09,2211.646829051284,-153.55682905128378
2081.73,2462.4214523012715,-380.6914523012715
2418.88,2888.262366645102,-469.3823666451017
399.93,2131.4206896823107,-1731.4906896823106
3755.86,4796.776376936851,-1040.916376936851
4456.38,3034.847358041313,1421.5326419586872
2998.13,2481.1437350382553,516.9862649617448
1522.73,2606.6621929727385,-1083.9321929727384
3107.71,4007.4314730341216,-899.7214730341216
551.28,1103.2395606204602,-551.9595606204603
732.66,1271.8868114523605,-539.2268114523605
1452.07,1850.0677545902472,-397.99775459024727
4965.05,2632.3801702276273,2332.669829772373
3131.19,2518.801215365505,612.3887846344951
2756.5,2338.2192568063315,418.2807431936685
2030.17,3487.912278597505,-1457.742278597505
2635.79,2787.615250194548,-151.82525019454806
4276.33,3999.813947494043,276.51605250595685
1509.78,1837.861109806989,-328.08110980698893
4477.63,3722.1830301660257,755.4469698339744
6345.89,3570.551640325148,2775.338359674852
2929.35,2729.7699092787393,199.5800907212606
2605.14,3289.8976210940164,-684.7576210940165
3015.55,2984.817922181047,30.732077818953258
841.2,3312.8214006519233,-2471.621400651923
6463.33,8206.119452179948,-1742.789452179948
580.0,6497.727672209825,-5917.727672209825
1080.6,1256.1594910696335,-175.55949106963362
4543.94,3072.0897190243822,1471.8502809756174
6254.35,4020.582273215345,2233.767726784655
860.91,1448.2179748897158,-587.3079748897159
2540.11,3371.4369834595186,-831.3269834595185
1409.18,1889.4507812069814,-480.2707812069814
1544.58,2429.652162552572,-885.0721625525721
1611.09,4219.7313141394525,-2608.6413141394523
3310.62,1439.756601741049,1870.8633982589508
1943.81,3142.512127600904,-1198.702127600904
801.2,2160.7534272089333,-1359.5534272089333
2089.34,2917.2854854764496,-827.9454854764494
3914.19,2246.519755324641,1667.6702446753588
1589.56,1740.0749621382088,-150.51496213820883
2168.42,1248.9121298356233,919.5078701643768
1292.2,1695.4018315383319,-403.2018315383318
2477.15,3549.212763825582,-1072.062763825582
7731.65,5703.024687654577,2028.6253123454226
3482.48,2275.313803842751,1207.166196157249
2975.6,3556.9781303096074,-581.3781303096075
447.82,1455.855205578958,-1008.0352055789581
1692.82,1351.6100957183517,341.2099042816483
2608.51,2568.8795949331625,39.63040506683774
1452.85,3716.0513579941107,-2263.201357994111
1399.76,2201.8671214898195,-802.1071214898195
2422.52,2070.776987143589,351.74301285641104
292.99,723.2452747312188,-430.25527473121883
799.91,1848.963345225478,-1049.053345225478
2217.51,2395.33522938075,-177.82522938075
4491.79,5324.004910697186,-832.2149106971856
1000.48,1296.170602335545,-295.690602335545
749.79,1563.6167502498713,-813.8267502498713
3264.65,2290.353392855891,974.2966071441092
4217.46,3107.0604264122894,1110.3995735877106
999.11,1333.6237998634638,-334.51379986346376
957.16,2055.2740355445935,-1098.1140355445937
1199.06,1944.5770044980816,-745.5170044980816
7758.4,10190.2570407267,-2431.8570407267
11967.36,6175.557860167686,5791.802139832314
2599.02,2090.7677365248824,508.2522634751176
4638.59,3345.514531752168,1293.0754682478323
2472.74,1839.3132081568585,633.4267918431412
1487.93,3145.7629225520095,-1657.8329225520094
6397.73,4183.4496511100515,2214.280348889948
2277.44,6116.630424158761,-3839.1904241587613
1823.49,2738.1673373828426,-914.6773373828426
2710.85,1773.9299076249752,936.9200923750248
2531.19,1753.2770640083581,777.9129359916419
6297.88,5851.847167916945,446.0328320830549
16352.5,12762.332869309374,3590.1671306906264
2696.71,1833.9190938130414,862.7909061869586
1508.16,3424.4751373454183,-1916.3151373454182
751.65,1646.0009112762987,-894.3509112762987
12110.34,9807.998493495019,2302.341506504981
816.48,989.3765104272444,-172.89651042724438
1175.61,3944.516844720583,-2768.9068447205827
2255.17,2085.1022212284533,170.06777877154673
14618.33,9435.323854241495,5183.006145758505
2284.87,3503.750180596034,-1218.8801805960343
707.45,1590.5625744032116,-883.1125744032115
1472.77,2129.4864581833813,-656.7164581833813
2270.94,2742.904476811414,-471.964476811414
5807.81,2530.1795177526665,3277.630482247334
5076.61,5673.899499695911,-597.2894996959112
2380.84,2050.89123747907,329.94876252093036
1603.23,2581.9127626609165,-978.6827626609165
5187.87,4690.031276407061,497.83872359293855
1824.39,1711.6657393314756,112.7242606685245
1224.76,1827.5003065258393,-602.7403065258393
2556.96,3642.734402351009,-1085.774402351009
1578.16,5204.075916101686,-3625.915916101686
2760.87,3941.8242166507357,-1180.9542166507358
4240.81,3148.2735852265005,1092.5364147735
10946.24,2559.2758167848046,8386.964183215196
2063.48,1495.071491139647,568.4085088603531
1443.26,1700.9878736226797,-257.7278736226797
506.62,1229.3816756928334,-722.7616756928334
4823.55,3580.26633296599,1243.2836670340103
5271.33,3668.4987320031464,1602.8312679968535
2827.72,4118.663218556271,-1290.9432185562714
4825.14,1707.4371223534545,3117.702877646546
5160.43,4315.2639665946435,845.1660334053568
5458.22,7194.733433227853,-1736.513433227853
2692.31,2385.361982364861,306.94801763513897
4842.2,4296.952804785492,545.2471952145079
888.6,1245.0299628508444,-356.4299628508444
1075.46,1956.8934347525026,-881.4334347525025
1160.7,3508.056610042687,-2347.356610042687
1439.54,5818.06190962313,-4378.52190962313
596.44,1252.8868099092922,-656.4468099092921
4098.73,4836.833641930619,-738.1036419306192
5146.56,5414.366044147119,-267.8060441471189
3616.59,2973.9619608689436,642.6280391310565
2694.18,2231.7997917129446,462.3802082870552
1148.74,1138.7354438785574,10.004556121442647
4190.79,2300.748464606568,1890.0415353934318
4130.97,3001.6459293785497,1129.3240706214506
1665.1,1529.8146776468036,135.2853223531963
5473.76,6785.927166522036,-1312.1671665220356
2977.43,3508.1432246108798,-530.7132246108799
7033.83,4078.769363968184,2955.060636031816
3377.53,1473.1980233905895,1904.3319766094107
2502.87,2784.0260990672236,-281.15609906722375
2908.46,9414.906956458415,-6506.446956458415
3581.49,2882.1263318759893,699.3636681240105
1977.72,1719.9303945036913,257.7896054963087
6731.63,6958.619834778677,-226.9898347786766
1907.15,3512.5086086244187,-1605.3586086244186
662.19,1264.4356293934063,-602.2456293934063
4551.12,9203.028634710901,-4651.908634710901
4655.7,2370.6927889913545,2285.0072110086453
1930.58,2378.0333859583657,-447.45338595836574
6024.25,5613.543785500452,410.70621449954797
3280.76,2759.063415573102,521.6965844268984
3895.79,3234.1978016163557,661.5921983836442
2308.86,3877.917960805177,-1569.0579608051767
833.47,1239.0513282988713,-405.5813282988713
1555.25,2703.880718383236,-1148.630718383236
660.02,1239.9823827248777,-579.9623827248777
1424.54,1693.4241558872538,-268.8841558872539
1550.07,2502.6685575263223,-952.5985575263223
5543.08,3005.043034402639,2538.036965597361
1586.36,1469.2733417159725,117.08665828402741
2333.99,2368.631647794351,-34.64164779435123
2445.21,4368.410261809599,-1923.2002618095994
826.99,998.9229114213487,-171.93291142134865
14395.73,12739.477270687748,1656.2527293122512
2726.8,1259.827740703054,1466.9722592969463
9190.75,7598.2382363765255,1592.5117636234745
1460.7,2016.659344180847,-555.959344180847
3594.16,3127.0443408165625,467.1156591834374
9380.26,6593.803425645236,2786.4565743547646
2324.04,3389.9398222351024,-1065.8998222351024
2086.56,3108.3104682116177,-1021.7504682116178
5948.65,7272.650472355809,-1324.0004723558095
1130.56,1214.502087317072,-83.94208731707204
2932.34,2325.2090818003503,607.1309181996498
3901.74,2418.108913603468,1483.6310863965318
3237.86,5022.205525338432,-1784.3455253384323
5418.97,3899.064048792971,1519.9059512070294
4863.98,3606.71251920038,1257.2674807996195
492.94,965.7249876164468,-472.7849876164468
3017.91,2120.52194021845,897.38805978155
1167.98,1724.1404702360078,-556.1604702360078
1730.99,1744.6528449816606,-13.662844981660555
9203.54,5409.617677350023,3793.922322649978
4362.31,1807.3730355062917,2554.9369644937087
5039.77,3112.4453715232344,1927.324628476766
1450.66,2286.2547638393366,-835.5947638393366
2924.95,3519.617530395337,-594.667530395337
1474.06,1535.8584426914576,-61.798442691457694
2443.1,1828.5940941990418,614.5059058009581
1369.3,1443.332744461502,-74.03274446150203
792.98,1217.3066022616276,-424.3266022616276
3744.45,4520.122428909515,-775.6724289095155
9385.31,8566.658040546487,818.651959453513
847.84,2209.4492985633597,-1361.6092985633595
2802.6,3368.0929597967615,-565.4929597967616
6011.02,6223.030747263786,-212.01074726378556
623.86,1602.3526477209628,-978.4926477209627
2098.65,2780.1303974676007,-681.4803974676006
3335.67,4057.8939180309003,-722.2239180309002
2656.89,2385.038135657054,271.85186434294565
4774.86,7560.561608576263,-2785.7016085762634
3490.99,1819.1572961160045,1671.8327038839952
687.0,2135.6003128924767,-1448.6003128924767
1610.3,1977.3529454033603,-367.05294540336035
611.83,1476.0593278288666,-864.2293278288665
2369.17,2814.1869111431242,-445.01691114312416
647.47,979.7027852081231,-332.2327852081231
756.09,1174.6305699881395,-418.5405699881395
1122.02,2013.5428377667251,-891.5228377667252
1950.88,1389.361465579088,561.5185344209121
1012.05,1914.9463688147007,-902.8963688147007
3623.71,4224.008177732304,-600.2981777323039
1057.56,2408.7567609046746,-1351.1967609046746
445.08,2390.917987562994,-1945.837987562994
14421.77,3289.758560564721,11132.011439435279
2486.26,3844.0609752448368,-1357.8009752448365
1842.62,3121.235635462835,-1278.6156354628351
4698.64,3664.085518178113,1034.5544818218873
3648.84,1942.3963116833309,1706.4436883166693
941.33,1368.927405183025,-427.597405183025
2591.36,5650.7996509759,-3059.4396509758994
7794.91,5874.412841147986,1920.4971588520139
1139.53,1278.740007000336,-139.21000700033596
10476.73,6822.553503480668,3654.1764965193315
6661.02,2634.022759472328,4026.9972405276726
1075.81,879.0473375794644,196.76266242053555
6752.51,10413.090243725706,-3660.580243725706
3475.82,2460.6837902055254,1015.1362097944748
1979.9,1518.5896560139572,461.3103439860429
4267.45,1728.9840553815484,2538.4659446184514
4161.84,4247.067012393618,-85.22701239361777
4598.01,3043.4830350472425,1554.5269649527577
2602.99,2898.928691984616,-295.93869198461607
3885.02,2703.7756595672113,1181.2443404327887
886.07,2042.2948283520059,-1156.2248283520057
892.31,1041.933162997054,-149.62316299705412
2967.48,1620.7708345148758,1346.7091654851242
1924.29,2141.293522665879,-217.00352266587925
3976.65,6120.992883077181,-2144.3428830771813
5228.94,4164.828016746448,1064.1119832535514
1923.5,3014.7962558524882,-1091.2962558524882
3008.86,4896.582995762321,-1887.7229957623208
789.47,1767.1255447756605,-977.6555447756605
906.93,1622.4170197276142,-715.4870197276142
2062.93,1486.5898607286001,576.3401392713997
5000.27,5148.3794260220675,-148.10942602206705
9382.66,9744.246771986429,-361.5867719864291
3761.4,3286.796256188603,474.6037438113972
1865.41,1724.0170454430925,141.39295455690763
6474.83,6551.331954538168,-76.50195453816832
4572.39,2996.0221720322147,1576.3678279677856
2118.69,2421.45884674723,-302.7688467472299
1834.13,2895.397820666054,-1061.267820666054
1817.84,2783.0490766478624,-965.2090766478625
1965.31,4479.039967224771,-2513.7299672247714
338.71,1964.1707254794317,-1625.4607254794316
5365.55,5294.121307197778,71.42869280222203
1311.68,2365.3574161502647,-1053.6774161502647
1110.04,1548.1235048708024,-438.08350487080247
5354.68,6325.080945612048,-970.4009456120475
663.29,3218.2216419541774,-2554.9316419541774
7656.82,4166.438389227279,3490.3816107727207
2802.23,3958.6359030733483,-1156.4059030733483
2273.01,1827.657769476724,445.35223052327615
1052.69,1348.4890084210354,-295.7990084210353
1107.78,1165.4107027791672,-57.63070277916722
623.81,799.4492929889045,-175.63929298890457
6423.27,2028.4741738274242,4394.795826172576
11750.32,8380.994543065714,3369.325456934286
875.67,1769.1452935886225,-893.4752935886225
2344.87,1727.8028730746069,617.067126925393
597.98,1743.9571849215652,-1145.9771849215651
4772.94,2928.1485467012963,1844.7914532987033
1075.19,3075.797470306484,-2000.6074703064837
1139.43,1404.7367765181252,-265.30677651812516
6703.32,4807.177414556659,1896.142585443341
2511.4,1986.7440956936216,524.6559043063785
4500.83,1740.800595283194,2760.029404716806
7118.87,4535.4842734202275,2583.3857265797724
2373.25,3005.9251066420843,-632.6751066420843
1539.46,1509.1879242980635,30.2720757019365
1326.48,2232.1139563484844,-905.6339563484844
881.42,1250.2979445081876,-368.8779445081876
199.83,796.0024152939927,-596.1724152939927
735.22,1268.244364325815,-533.024364325815
2236.93,6661.225204555438,-4424.2952045554375
2696.74,1820.0455633664599,876.6944366335399
1576.75,2264.3282915076925,-687.5782915076925
1532.6,2885.065587848684,-1352.4655878486842
1425.97,1823.795212044334,-397.82521204433397
2002.35,2423.7993835608804,-421.4493835608805
6791.73,4071.117833052435,2720.6121669475647
11319.87,5524.271259581415,5795.598740418586
2132.94,3056.7638694630314,-923.8238694630313
620.18,1172.8477750783995,-552.6677750783996
828.53,1258.992678734558,-430.46267873455804
2534.95,1688.1992217092843,846.7507782907155
2432.24,3050.48302023789,-618.24302023789
1719.95,3993.4996915323622,-2273.549691532362
1963.21,2129.0047714066777,-165.79477140667768
2536.04,1989.8981580307932,546.1418419692068
1588.16,2904.0611416639313,-1315.9011416639312
1776.19,1616.1346408166232,160.05535918337682
3784.37,4985.21855846586,-1200.8485584658602
3604.61,2636.587587168805,968.0224128311952
1156.95,2519.6430225110444,-1362.6930225110443
1355.06,1855.2709374717942,-500.2109374717943
5889.4,5612.734393184502,276.665606815498
2634.88,1332.4106234741546,1302.4693765258455
1032.12,1272.7002577622316,-240.58025776223167
1001.07,1508.0293153491423,-506.95931534914223
2856.63,2822.5070164411914,34.122983558808755
1665.2,2315.0692239366667,-649.8692239366667
4361.23,4587.862341652073,-226.6323416520736
1146.92,1117.6156910588688,29.30430894113124
138.45,995.386241794286,-856.9362417942859
4277.12,5535.664454748615,-1258.544454748615
2228.91,2239.762694731976,-10.852694731976044
2175.22,2434.4316665138394,-259.21166651383965
2702.66,2451.2913211813984,251.36867881860144
2913.64,1492.7124690911414,1420.9275309088584
1666.33,4339.870081364469,-2673.540081364469
3613.73,4664.095665654779,-1050.3656656547787
1332.83,912.7084595636952,420.1215404363047
1035.8,1329.7583548275206,-293.9583548275207
750.0,1813.334591325688,-1063.334591325688
8339.55,4740.124503441834,3599.425496558165
2651.03,3134.6511832138085,-483.6211832138083
10954.2,5227.654560379475,5726.545439620526
2680.97,4562.121000207479,-1881.1510002074788
3567.01,2979.2293723434286,587.7806276565716
1757.27,3141.132894929999,-1383.8628949299991
4444.89,3284.7424056608743,1160.147594339126
2297.87,3774.312169180805,-1476.4421691808052
1316.22,2286.695969202786,-970.4759692027858
603.0,2886.285251188429,-2283.285251188429
9017.68,5747.647073095106,3270.0329269048943
2285.1,1027.4407654108172,1257.6592345891827
1124.53,1235.5239044303628,-110.99390443036282
3300.84,2814.3386311816453,486.5013688183549
1143.66,1572.7015518647374,-429.04155186473736
1431.82,1176.6543403534863,255.16565964651363
6230.88,9594.984865342054,-3364.104865342054
711.8,1783.2383082935735,-1071.4383082935735
2251.37,4220.6312039031645,-1969.2612039031646
1685.07,1535.5344468202745,149.5355531797254
1869.6,1562.2863595702595,307.3136404297404
873.72,810.0254603068123,63.69453969318772
5585.38,4826.215223651946,759.1647763480541
371.52,1573.0325203594841,-1201.5125203594841
8943.56,8586.85699662284,356.7030033771589
10336.39,5071.092636623902,5265.297363376098
1224.75,1488.3080620434707,-263.5580620434707
1790.0,1094.524459068983,695.4755409310169
1977.76,2696.6359955329917,-718.8759955329917
3786.7,5971.396711513784,-2184.696711513784
8975.4,4160.914371459611,4814.4856285403885
4584.19,3578.09743216989,1006.0925678301096
857.45,1438.137598595224,-580.687598595224
2936.9,2523.87931238305,413.02068761695
3989.44,3112.7585513870995,876.6814486129006
8403.99,7572.757368529397,831.2326314706024
13055.04,8134.800226371124,4920.239773628877
2229.26,3090.7085774599545,-861.4485774599543
2093.32,1677.1782799243317,416.14172007566845
1392.34,1149.8979710994345,242.44202890056545
2200.43,2037.3640058147685,163.06599418523138
870.54,846.7045081229049,23.835491877095023
2277.63,2678.015908039635,-400.38590803963507
2200.56,1566.5861022359557,633.9738977640443
870.65,1850.6661619986771,-980.0161619986771
353.58,724.9389763089033,-371.3589763089033
5918.0,3446.3010975181273,2471.6989024818727
987.7,1098.006373125817,-110.30637312581689
3160.13,2448.9017752520126,711.2282247479875
8116.15,6185.524016753717,1930.6259832462829
3118.12,2264.027381315165,854.0926186848351
1627.1,1271.5108211712036,355.5891788287963
4048.41,6307.448481751864,-2259.0384817518643
6397.55,4402.903762501132,1994.6462374988678
1306.42,1447.7905674313483,-141.37056743134826
3535.47,4205.065007808111,-669.595007808111
2303.92,4037.3707586621986,-1733.4507586621985
3947.76,3757.772251762276,189.9877482377242
1008.15,1231.9976549261328,-223.8476549261328
1260.64,2440.9850146934637,-1180.3450146934636
4235.98,2962.392728913827,1273.5872710861727
974.81,1427.5760929330856,-452.7660929330857
2183.48,2243.0281650475445,-59.548165047544444
4019.19,12169.606932132005,-8150.416932132004
3562.59,2981.6554881905004,580.9345118094998
6285.32,4919.367375879261,1365.9526241207386
1649.63,2028.9020898923382,-379.27208989233804
11373.49,8396.707866553135,2976.7821334468645
462.97,1557.518551224689,-1094.548551224689
1681.75,3489.491825688485,-1807.7418256884848
7171.79,4572.293679460985,2599.496320539015
1533.17,2427.4319899136153,-894.2619899136153
1991.24,2413.792871838064,-422.552871838064
1540.85,2352.819683386763,-811.9696833867629
4947.25,3390.7504172866124,1556.4995827133876
905.51,2009.0694827761067,-1103.5594827761067
1557.92,5559.145267394381,-4001.2252673943813
1545.52,2492.3738426967398,-946.8538426967398
691.69,1968.1674376475275,-1276.4774376475275
2113.73,2282.5239889651234,-168.7939889651234
22828.41,3939.0573078929347,18889.352692107066
2668.27,1554.0834867572412,1114.1865132427588
446.04,947.1809773972601,-501.1409773972601
1906.89,1838.647015676876,68.24298432312412
2722.26,1980.6670931367782,741.592906863222
2881.2,2437.881466827013,443.3185331729869
4096.25,2316.478483618888,1779.7715163811122
5622.83,2746.936228939424,2875.893771060576
1028.47,888.7341533823366,139.73584661766347
3753.47,1985.4484507192715,1768.0215492807283
815.52,2085.227360304217,-1269.7073603042172
1913.81,1230.1575435148052,683.6524564851948
8903.79,5971.96497804967,2931.8250219503307
2458.02,3190.6401406399323,-732.6201406399323
2500.44,2361.2411566152755,139.19884338472457
1396.75,1447.794280847624,-51.044280847623895
2269.6,1451.5753555318586,818.0246444681413
2016.69,2354.7545859584047,-338.0645859584047
1932.72,2668.9029493924118,-736.1829493924117
2515.47,2625.497143258084,-110.02714325808438
3882.54,3325.820822346074,556.7191776539262
11679.55,4225.894209525761,7453.6557904742385
3212.4,1807.0575466028622,1405.342453397138
1547.51,3070.979763556841,-1523.4697635568411
8558.79,9835.958493672528,-1277.168493672527
2759.61,3056.1680156036796,-296.55801560367945
2294.12,5346.727748208665,-3052.607748208665
3685.76,5827.99270505863,-2142.23270505863
4599.72,4602.843177658264,-3.1231776582635575
670.68,1036.4601441342224,-365.7801441342225
631.01,2695.179068093174,-2064.1690680931742
595.0,1065.9808012336123,-470.9808012336123
3950.9,3154.479111553121,796.420888446879
984.78,1175.559083749932,-190.77908374993194
726.12,1048.503202034515,-322.38320203451497
922.65,2003.4289565523127,-1080.7789565523126
920.16,1407.4254244048868,-487.26542440488686
6558.81,6406.490832875544,152.31916712445673
1746.02,880.9381257894629,865.0818742105371
5964.58,6841.304028989093,-876.7240289890933
1424.2,2172.310221472042,-748.110221472042
1671.33,1233.0431284398949,438.28687156010506
1932.1,1890.1269419996706,41.973058000329274
2042.41,1438.8035993956487,603.6064006043514
2449.51,3367.5822383018385,-918.0722383018383
803.24,1225.649362044416,-422.40936204441596
3788.79,2712.305853829368,1076.484146170632
4055.41,4515.8252302334595,-460.4152302334596
300.12,2522.8792882424395,-2222.7592882424397
1686.2,1917.5367647080625,-231.33676470806245
6712.68,4855.083796545448,1857.5962034545519
1237.94,2756.170509300168,-1518.2305093001678
3371.89,2611.877398274981,760.0126017250191
1520.05,1688.7969432767343,-168.74694327673433
6422.37,6199.5457446099645,222.82425539003543
463.16,938.3015973383508,-475.1415973383508
1485.39,2193.8034486752395,-708.4134486752394
2455.7,2680.8386946526643,-225.13869465266453
1798.62,2040.0943899569372,-241.47438995693733
1482.61,1656.5756351288999,-173.96563512889998
1559.12,2168.3564775852683,-609.2364775852684
4270.46,2340.606849706234,1929.8531502937662
2982.81,1678.1006986344048,1304.7093013655951
856.1,2141.874631740472,-1285.7746317404722
4002.73,4335.88550330683,-333.15550330683027
2686.32,2696.223817071436,-9.903817071435697
4776.09,2011.8235520306273,2764.266447969373
4589.93,5354.554798578405,-764.6247985784048
2022.36,1169.8069223682123,852.5530776317876
2731.45,2165.9540116077874,565.4959883922124
2388.65,2667.9680073229715,-279.3180073229714
762.34,1079.224057723349,-316.884057723349
446.34,1217.9951561013631,-771.6551561013632
3001.34,2974.769872966264,26.5701270337363
4869.12,1960.2713314164514,2908.8486685835487
1070.86,2009.39835048319,-938.53835048319
1564.68,3218.6090047128796,-1653.9290047128795
5445.3,4131.034238779837,1314.2657612201629
4809.43,5548.871105662701,-739.4411056627005
2057.96,3181.0536270614043,-1123.0936270614043
3306.47,5594.55299359266,-2288.08299359266
5958.17,2864.8628931126377,3093.3071068873624
1142.0,2305.9202367023317,-1163.9202367023317
1563.52,1936.6318613454378,-373.1118613454378
5954.6,6225.2374193384885,-270.63741933848814
4024.68,2872.5496728551084,1152.1303271448915
1413.57,2680.38022050155,-1266.81022050155
2136.48,2279.992691981021,-143.5126919810209
970.44,1727.3731989560795,-756.9331989560794
5209.66,1966.7042401026886,3242.9557598973115
667.96,1904.159281335657,-1236.199281335657
2560.47,1418.322159167088,1142.1478408329117
4935.54,1947.568341391125,2987.9716586088753
4812.92,4039.936301038233,772.983698961767
901.18,2172.029899682184,-1270.849899682184
736.65,1441.7885370975462,-705.1385370975462
3652.02,3346.8097084860583,305.2102915139417
2425.03,1748.8146262732098,676.2153737267904
1246.64,907.738367239599,338.90163276040107
610.87,1910.0961343458805,-1299.2261343458804
621.29,1489.1743040315707,-867.8843040315708
766.98,1057.330120057724,-290.35012005772387
1009.29,1125.377260927771,-116.08726092777101
6197.2,7778.106577889433,-1580.9065778894328
1731.96,2954.4950980090775,-1222.5350980090775
991.83,1026.628845167895,-34.79884516789491
3136.43,3952.184081177024,-815.7540811770241
1128.5,3582.021053179133,-2453.521053179133
2442.77,3223.7685754584422,-780.9985754584422
6467.26,3623.961880433664,2843.298119566336
2373.79,2270.0943350284224,103.69566497157757
8116.39,3101.98911110812,5014.40088889188
2748.05,4609.252200028534,-1861.2022000285342
1738.15,2214.1712554848514,-476.0212554848513
2116.88,3566.121037034123,-1449.241037034123
5469.22,3094.511465493632,2374.7085345063683
11063.68,4186.788265560444,6876.891734439556
2346.65,1990.7863910571941,355.86360894280597
15275.4,10661.994203995882,4613.405796004117
1619.74,3488.3262269073693,-1868.5862269073693
1370.6,1972.941107415238,-602.3411074152382
1907.8,1379.6323494196222,528.1676505803778
2046.82,2805.6219663286665,-758.8019663286666
6315.26,2927.073919203305,3388.186080796695
2357.79,2074.617964999645,283.17203500035475
2082.41,5118.483921529691,-3036.073921529691
9329.48,8284.793804001285,1044.6861959987145
1213.63,1110.0880108341862,103.5419891658139
13661.13,5269.817194295446,8391.312805704554
5377.16,8673.34761896569,-3296.1876189656905
3980.87,9578.591097434766,-5597.721097434766
2411.23,1705.9069420589392,705.3230579410608
768.41,1309.223298620591,-540.8132986205911
2683.19,2451.1165086782994,232.07349132170066
840.55,3502.51497952625,-2661.9649795262503
1141.56,1548.6572638854352,-407.09726388543527
2716.61,2004.710666709008,711.8993332909922
1994.88,1707.3471163157628,287.5328836842373
5738.18,4225.157955766111,1513.0220442338896
1779.13,1698.2444227054605,80.88557729453964
6865.4,4835.109561817964,2030.2904381820354
1763.66,2398.5838617683526,-634.9238617683525
1171.8,1656.7010043575194,-484.90100435751947
666.53,2921.255856394068,-2254.7258563940677
1966.41,3146.741825579857,-1180.331825579857
3078.36,2198.3146109167815,880.0453890832187
1345.32,1744.0700516515508,-398.75005165155085
2132.91,1775.906777346551,357.0032226534488
8496.17,6450.947507688007,2045.222492311993
1556.51,1512.8124557294914,43.697544270508615
9393.58,4108.731633775498,5284.848366224502
3379.08,7269.948094205481,-3890.8680942054807
8446.75,2652.653198173808,5794.096801826192
2610.05,2670.359055868634,-60.309055868634005
611.4,1320.308204510396,-708.9082045103961
1034.33,1893.6412787124405,-859.3112787124405
1933.47,1725.300861925405,208.16913807459514
1391.79,1087.9859077092738,303.8040922907262
2779.43,1306.4231856936435,1473.0068143063563
1737.02,2111.6545308884847,-374.63453088848473
2570.23,1502.4926453909266,1067.7373546090735
11537.43,5534.251937278987,6003.178062721014
3032.99,3608.3809947336536,-575.3909947336538
3176.41,4188.5048208088165,-1012.0948208088166
3104.55,1985.2731440005498,1119.2768559994504
8610.93,6499.299888647008,2111.6301113529926
2136.95,2205.837619310363,-68.88761931036333
1248.72,1021.0379363852029,227.68206361479713
3855.45,3303.358799427261,552.0912005727387
2622.03,3734.0199780306243,-1111.9899780306241
3924.11,2673.378346063208,1250.731653936792
1994.76,2524.5557983074846,-529.7957983074846
5924.68,4564.912124186407,1359.7678758135935
748.42,964.8396363149623,-216.4196363149623
13469.9,5841.897051389476,7628.002948610524
8713.41,10306.181277447999,-1592.7712774479987
1877.8,2626.981172549784,-749.1811725497839
587.26,960.7688642850211,-373.5088642850211
1003.44,1859.946333125027,-856.5063331250269
4748.97,1789.1435121301488,2959.8264878698515
1115.51,1346.6543084931786,-231.14430849317864
2934.56,5866.137427685184,-2931.577427685184
6739.17,5186.7264264577125,1552.4435735422876
2746.01,3395.3084474744787,-649.2984474744785
2210.4,2828.7185672065752,-618.3185672065752
1417.73,1101.5322618950133,316.1977381049867
1085.38,2198.3471846558587,-1112.9671846558585
4368.2,5919.4862854645835,-1551.2862854645837
4904.68,4831.338796029303,73.34120397069728
884.7,1139.4531925387157,-254.75319253871567
1568.34,1457.6714651982134,110.66853480178656
3865.0,4852.355433831586,-987.3554338315862
8597.52,3700.1819540061697,4897.338045993831
10466.52,10057.158123554267,409.3618764457333
1713.87,1193.1137089173458,520.7562910826541
4150.03,6435.304099776188,-2285.2740997761885
6123.73,4327.414190897699,1796.3158091023006
702.04,1462.7259043087379,-760.6859043087379
3557.21,4648.37902582471,-1091.16902582471
3169.95,1989.1272985018702,1180.8227014981296
4455.84,8259.480981487706,-3803.640981487706
12681.44,8261.234442352505,4420.205557647496
1258.65,3657.7767962614193,-2399.1267962614193
945.61,2134.939666602369,-1189.329666602369
4149.82,2066.6227514661205,2083.1972485338792
1985.7,2249.7096662326126,-264.0096662326125
2538.97,3628.464013956471,-1089.494013956471
1708.5,1932.7722876038538,-224.27228760385378
2415.7,1830.1230183483087,585.5769816516911
867.23,1691.643167258914,-824.413167258914
2129.97,2160.2743973198635,-30.30439731986371
1489.24,1396.3302424441115,92.90975755588852
4942.91,4755.618937333237,187.29106266676263
2376.98,2542.0348457695964,-165.05484576959634
4386.81,2370.1385936863862,2016.6714063136142
2072.12,2077.5193563417174,-5.399356341717521
1933.2,1504.3190649410367,428.88093505896336
3969.66,2535.526918990859,1434.1330810091408
1067.19,2057.811828208202,-990.6218282082018
3571.07,4252.173549801266,-681.1035498012657
3806.47,7090.770004733185,-3284.300004733185
4785.5,3140.8925115042894,1644.6074884957106
2239.18,1304.5522703216973,934.6277296783026
6189.89,5604.571200515355,585.3187994846458
2423.76,2188.0213662653327,235.73863373466747
2982.58,1192.4833346015532,1790.0966653984467
2005.08,3508.2495804761247,-1503.1695804761248
4863.8,3485.7258795211524,1378.0741204788478
1571.98,6638.876925898628,-5066.896925898627
5083.09,4028.990901260313,1054.0990987396872
616.91,1271.9891319536991,-655.0791319536992
1687.64,1853.8115352535624,-166.1715352535623
3814.11,6627.846690925499,-2813.7366909254993
6583.56,5264.765871994329,1318.7941280056712
2402.93,2709.4387441981166,-306.5087441981168
2323.09,3001.570381794292,-678.480381794292
5002.43,3679.408590699825,1323.0214093001755
1303.43,1551.6550895487262,-248.22508954872615
7284.95,5147.512212530341,2137.4377874696593
1796.6,2148.9494857750046,-352.3494857750047
1835.88,2650.1920147809997,-814.3120147809996
1043.07,3102.2579548451677,-2059.187954845168
5307.92,4057.347046904263,1250.572953095737
1404.71,1497.2084638858228,-92.49846388582273
2301.38,2690.897323505218,-389.517323505218
980.67,1201.9625372921048,-221.29253729210484
15792.69,10780.470619015357,5012.219380984643
1538.53,1923.16954046673,-384.63954046673007
4983.33,3952.6999082158322,1030.6300917841677
4438.04,3109.085159772764,1328.9548402272358
3060.63,2549.198037357337,511.43196264266317
6294.57,6777.43850171624,-482.86850171624064
913.36,1112.089193139047,-198.72919313904697
3307.34,2739.2636813817994,568.0763186182007
1402.71,3702.2269267890097,-2299.5169267890096
6611.71,6783.594053732862,-171.8840537328624
3925.23,5355.333047040411,-1430.1030470404107
840.36,1415.052009481678,-574.6920094816779
1269.85,2416.8892127845825,-1147.0392127845826
3826.04,3285.5461177740917,540.4938822259082
7835.17,8167.524489274379,-332.3544892743794
2347.67,1600.3721597455415,747.2978402544586
12687.04,12978.335953711447,-291.2959537114457
3442.42,2537.802009856292,904.6179901437081
1213.36,2199.3792760989495,-986.0192760989496
1732.05,2285.767081527005,-553.7170815270049
892.62,1327.0533023517726,-434.43330235177257
2285.56,2208.5364682324303,77.0235317675697
997.03,2558.415168683484,-1561.385168683484
2648.64,4391.6046459401905,-1742.9646459401906
6196.63,2784.4743020429055,3412.1556979570946
1456.25,2185.8407825219456,-729.5907825219456
5241.63,4661.502060203831,580.1279397961689
2037.83,2185.63719156809,-147.80719156809027
2311.8,2902.323009884161,-590.5230098841607
1312.59,2022.6563262644568,-710.0663262644568
1455.85,2126.2413536362883,-670.3913536362884
1198.32,2178.53016175856,-980.2101617585602
1287.16,1343.2721280910503,-56.11212809105018
3258.36,3291.22953370439,-32.86953370439005
915.6,2157.8541501918935,-1242.2541501918936
4029.39,7004.545436971459,-2975.155436971459
280.76,1530.5132575830512,-1249.7532575830512
1912.99,3155.099251973945,-1242.1092519739448
1910.6,1501.9675573304135,408.63244266958645
1849.77,2655.890533372466,-806.1205333724661
2542.54,2529.6204909445205,12.919509055479466
672.33,1584.37733427297,-912.04733427297
2306.46,2407.7681245290833,-101.30812452908322
1483.77,2229.0613191883517,-745.2913191883517
1926.84,1840.4004672934323,86.43953270656766
1508.8,2173.7715012268914,-664.9715012268914
1530.93,1894.0148499789982,-363.08484997899814
11231.39,5193.94015479591,6037.44984520409
3393.4,7508.89432137515,-4115.49432137515
2559.53,4124.638358084681,-1565.1083580846812
1164.92,1163.1345353067397,1.7854646932603373
1074.93,2514.1243646271396,-1439.1943646271395
2980.57,2195.980323933739,784.5896760662613
1352.35,3213.211561289437,-1860.8615612894373
8296.71,8538.256418055846,-241.54641805584652
3388.34,2131.2785096714815,1257.0614903285186
317.41,2516.6926128702053,-2199.2826128702054
1081.92,2119.6727007991676,-1037.7527007991675
1522.55,2364.084928183491,-841.5349281834908
652.56,804.1213543003835,-151.56135430038353
2231.03,4301.745452321533,-2070.7154523215327
784.84,1152.448586174931,-367.608586174931
1012.13,1151.3338519272577,-139.2038519272577
695.0,1776.6903056945578,-1081.6903056945578
4374.48,4786.371960415713,-411.8919604157136
977.17,2157.3140824333145,-1180.1440824333145
1485.58,1423.715087287524,61.86491271247587
575.99,2099.061060592107,-1523.071060592107
4035.2,2422.9082899197865,1612.2917100802133
1297.06,1456.2753656738353,-159.21536567383532
3743.3,4224.10807395409,-480.8080739540901
2663.71,2377.383319820759,286.32668017924107
6424.03,5214.9189642738675,1209.1110357261323
474.22,1123.2729944092866,-649.0529944092866
5158.54,4530.898589283989,627.6414107160108
1297.77,1864.7315890792183,-566.9615890792184
2845.65,2358.9457635423482,486.70423645765186
568.61,1294.650741864069,-726.040741864069
1154.6,3962.3075952003696,-2807.7075952003697
3228.58,1026.284357752254,2202.295642247746
1569.21,2942.162248787104,-1372.952248787104
1867.57,1761.549608599893,106.02039140010697
4637.35,4332.246984788103,305.1030152118974
888.92,2119.8997741545095,-1230.9797741545094
2437.06,4807.699588559016,-2370.639588559016
8437.75,3966.810483224722,4470.939516775278
1926.24,2043.0893021299635,-116.84930212996346
3417.54,3189.106245520952,228.43375447904782
1173.59,1564.759492546163,-391.16949254616316
6047.8,2934.090813894989,3113.709186105011
2350.35,1903.881032164098,446.4689678359018
2183.94,1772.681289040448,411.258710959552
4708.22,3044.6568370903656,1663.5631629096347
2253.6,2844.826631475737,-591.2266314757371
1078.84,1810.0059246220592,-731.1659246220593
1237.16,1218.315955200719,18.844044799281164
9938.88,6706.04457294927,3232.835427050729
2211.0,1525.957338921158,685.042661078842
1636.79,1817.5646977630415,-180.77469776304156
6978.04,1977.4002355938321,5000.639764406168
1328.41,1546.333839635135,-217.92383963513498
2581.04,3335.562528268103,-754.5225282681031
5970.79,8060.365925698257,-2089.5759256982574
1931.36,2750.9234185169626,-819.5634185169627
1552.38,1125.2794717359102,427.1005282640899
3873.86,5529.792800396423,-1655.9328003964233
1169.32,1782.3897475879796,-613.0697475879797
2776.08,2890.0312475206724,-113.9512475206725
949.53,1300.7307441439084,-351.2007441439084
424.36,1245.354692833441,-820.994692833441
1365.4,1163.665771875123,201.73422812487706
3283.96,3948.0422111969665,-664.0822111969665
4651.49,5261.63519195719,-610.14519195719
1595.63,1239.903565360346,355.72643463965414
1601.01,2336.7104976066394,-735.7004976066394
1750.51,2614.037589124907,-863.5275891249069
3797.27,2381.601566058109,1415.6684339418912
740.22,3155.193078353426,-2414.973078353426
3205.45,3245.117891702144,-39.66789170214406
1120.82,2298.367301854861,-1177.5473018548612
7360.31,6558.234463344942,802.0755366550584
701.69,1815.2373210366584,-1113.5473210366583
5131.64,7189.49397808095,-2057.8539780809497
1672.69,1928.0083755927355,-255.3183755927355
4026.09,3629.9790529353113,396.11094706468884
2486.84,1521.9114219050357,964.9285780949645
7293.8,5891.656882931037,1402.143117068963
4153.27,3083.7816329905263,1069.4883670094741
5393.6,2685.348731363714,2708.2512686362866
1947.09,2486.443739832354,-539.353739832354
1764.95,4289.880120480628,-2524.930120480628
8813.06,8683.33201343521,129.7279865647888
1255.36,2628.6517635284363,-1373.2917635284364
1241.88,2265.571657323205,-1023.6916573232047
3372.23,3216.145815002883,156.08418499711706
822.69,1996.5904475567859,-1173.9004475567858
1303.9,2000.1748841681783,-696.2748841681782
1330.93,1797.0327944155406,-466.10279441554053
4986.17,3975.2829453370127,1010.8870546629873
2101.05,4532.569501466169,-2431.5195014661685
1410.87,1884.8541506848806,-473.98415068488066
3814.21,1546.1731039088213,2268.0368960911787
2506.14,1393.906918861347,1112.2330811386528
216.83,997.5289941679495,-780.6989941679494
7456.29,4525.733522672538,2930.556477327462
7635.07,7191.439692849345,443.6303071506545
1432.03,4941.432953082089,-3509.402953082089
1677.74,1560.8527512321946,116.88724876780543
4192.91,2646.4049338873765,1546.5050661126234
1461.9,1795.823940323073,-333.9239403230729
1488.19,2266.9091454124577,-778.7191454124577
7890.87,5307.654481625025,2583.2155183749746
601.55,3419.439893797275,-2817.8898937972754
1520.17,2392.7133616867864,-872.5433616867863
2288.38,1263.9367781937876,1024.4432218062125
6906.02,4114.259794976737,2791.7602050232636
2427.8,2574.8203283884586,-147.02032838845844
1811.93,1621.8773942606251,190.05260573937494
6184.74,9236.053410479846,-3051.3134104798464
3143.33,2124.300926220894,1019.029073779106
851.43,1189.0312193574603,-337.6012193574603
7823.27,6254.449932225968,1568.8200677740324
1228.93,2159.955361591758,-931.0253615917579
699.21,1928.9752825599696,-1229.7652825599696
1063.6,859.6607637059277,203.9392362940722
10813.59,3263.5308238745743,7550.059176125425
1565.29,3353.250735751907,-1787.9607357519071
517.8,1221.2393624997817,-703.4393624997817
2465.37,1811.1852990086322,654.1847009913677
4551.71,4013.910063647983,537.7999363520171
3254.08,2005.9031565332712,1248.1768434667288
2588.68,2954.6664159199204,-365.98641591992055
5094.23,4256.735216159129,837.4947838408707
943.64,1605.2629332778083,-661.6229332778083
2279.8,2760.693788064244,-480.89378806424384
988.65,1707.9732685538272,-719.3232685538272
1808.04,1274.8251045180752,533.2148954819247
8647.34,6599.519458093343,2047.8205419066571
1648.21,1911.2314148430305,-263.02141484303047
2743.09,2748.9588035887887,-5.8688035887885235
1372.85,4972.835210236893,-3599.9852102368927
4293.5,6336.500978311371,-2043.000978311371
336.4,1181.3940300389484,-844.9940300389484
9949.55,6790.577411568161,3158.9725884318386
7657.41,5075.6889515927405,2581.7210484072593
157.18,2069.8085470583114,-1912.6285470583114
2879.14,2807.672998670733,71.46700132926708
4394.78,3580.4075537288795,814.3724462711202
2016.37,2190.1015912783114,-173.7315912783115
1294.73,1602.9604005611875,-308.2304005611875
3178.38,1748.252282442844,1430.127717557156
2488.4,1875.5551270491192,612.8448729508809
6273.74,2997.3062287047155,3276.4337712952843
2600.83,2304.103904679465,296.726095320535
841.63,2536.914580212545,-1695.2845802125448
2073.53,2598.433442635387,-524.9034426353869
3095.34,2733.1177373563423,362.2222626436578
518.64,2347.3897527713593,-1828.7497527713595
4333.46,5205.993181431175,-872.5331814311749
1617.88,1916.642629647016,-298.76262964701596
1427.65,740.0447070584071,687.605292941593
8941.06,4543.668731476213,4397.3912685237865
1822.96,1351.4678147791765,471.49218522082356
5156.14,3633.835315784735,1522.3046842152653
1696.04,2294.1674883721876,-598.1274883721876
1573.82,3006.3291097987344,-1432.5091097987345
1873.36,1558.288996008827,315.0710039911728
836.4,1942.1212984591882,-1105.7212984591883
1669.0,1296.8310604856324,372.1689395143676
7724.12,3449.526885847338,4274.593114152662
2976.53,3585.0335213023054,-608.5035213023052
804.75,1293.3999208725877,-488.6499208725877
2202.23,3162.903879890758,-960.6738798907581
872.29,3080.1288337270094,-2207.8388337270094
2837.53,3122.218137491452,-284.6881374914519
2014.6,2022.2391591229787,-7.639159122978754
3751.23,4477.852346815083,-726.6223468150833
3347.67,1967.4743325622524,1380.1956674377477
1460.43,2872.182385875734,-1411.7523858757338
474.85,868.2698476871321,-393.4198476871321
1592.35,2111.4541456069687,-519.1041456069688
2586.84,1229.7253956795953,1357.1146043204049
1489.05,1016.1559216233653,472.89407837663464
828.55,1198.7576311847865,-370.2076311847866
5107.0,1098.7537804611984,4008.2462195388016
5041.82,9609.197659434087,-4567.377659434087
2285.97,2956.184445939657,-670.2144459396573
1636.65,1626.787624368726,9.862375631274062
1361.48,3637.4757048744113,-2275.9957048744113
688.05,1476.6783757289943,-788.6283757289943
1323.86,1493.5384733916371,-169.67847339163723
1757.81,1124.121712296942,633.688287703058
987.55,3401.746968596523,-2414.196968596523
650.05,5845.543647869625,-5195.4936478696245
1983.81,1476.8744774641018,506.93552253589814
4208.15,3491.93653917253,716.2134608274696
839.7,1335.7873799334307,-496.0873799334306
2582.61,1700.6905660699028,881.9194339300973
881.33,870.4609335679447,10.86906643205532
1081.6,1353.8143064095182,-272.21430640951826
6921.56,6760.814357106426,160.74564289357477
3444.7,4573.333983840779,-1128.6339838407794
3019.29,2165.7327406823947,853.5572593176053
701.55,3739.0503645923613,-3037.5003645923616
1095.52,1362.961017952311,-267.4410179523111
2149.09,2962.364730004474,-813.2747300044739
826.28,1060.2798696689285,-233.99986966892857
1421.79,2066.7782978761093,-644.9882978761093
1009.03,1257.41969183703,-248.3896918370301
1065.56,1727.9012003227563,-662.3412003227563
744.88,2225.354373403981,-1480.4743734039807
3577.93,1240.4007933713106,2337.5292066286893
7207.08,2993.6621864192703,4213.41781358073
5372.25,3838.838624618021,1533.4113753819788
1558.82,2006.894941169473,-448.07494116947305
638.37,1157.4184671057965,-519.0484671057965
1813.03,963.3402083030072,849.6897916969928
2209.62,1260.1946149230334,949.4253850769664
904.3,1436.4453065527584,-532.1453065527585
2090.31,2011.4966867177354,78.81331328226452
1239.97,1019.6618514575125,220.30814854248752
3589.12,4701.982051149124,-1112.8620511491245
3050.5,1438.8055739138724,1611.6944260861276
2531.44,1797.9637687861307,733.4762312138694
4066.4,3581.7387916862153,484.66120831378475
530.49,1436.6319913404107,-906.1419913404106
1380.14,963.4519938537668,416.6880061462333
3744.77,4785.98756106995,-1041.21756106995
1053.35,1977.7014785589352,-924.3514785589352
3533.98,3744.179031194799,-210.19903119479886
2667.01,2887.659488592948,-220.64948859294782
3206.74,2191.166396809992,1015.5736031900078
3303.16,4722.990132278023,-1419.8301322780235
1209.82,1643.8590528743023,-434.03905287430234
431.76,1184.0891517225768,-752.3291517225769
838.48,986.5629310121409,-148.08293101214088
4523.68,4637.836120875088,-114.15612087508816
1976.97,2352.9422986382256,-375.97229863822554
3573.93,2847.608812891721,726.321187108279
5447.55,2734.945518030249,2712.6044819697513
841.13,1266.8801072935187,-425.7501072935187
1920.32,2375.6421384230835,-455.3221384230835
4845.45,2248.852956076724,2596.597043923276
1875.82,2355.3011099860623,-479.4811099860624
465.81,925.9509441774998,-460.14094417749976
3402.42,3561.1445694993777,-158.7245694993776
5851.81,5439.287837080123,412.5221629198777
1373.46,1707.3809525249192,-333.92095252491913
4642.22,1542.5198967867386,3099.7001032132616
2433.85,1736.166537732715,697.683462267285
1845.67,2146.2396992568124,-300.5696992568123
871.59,1856.9031900191987,-985.3131900191987
11314.26,7697.94815445371,3616.31184554629
2662.3,1553.972139197562,1108.3278608024382
3383.89,2580.6584245752874,803.2315754247124
1817.56,935.714031426442,881.8459685735579
1288.22,1701.504609445149,-413.28460944514904
7916.01,5550.0494960185515,2365.9605039814487
715.36,838.573752499746,-123.21375249974596
2484.53,3594.5153453359935,-1109.9853453359933
1408.12,2716.038389720447,-1307.918389720447
6720.75,7400.416015547733,-679.666015547733
1060.88,1192.9128929300452,-132.03289293004514
2337.62,5307.750011071684,-2970.130011071684
1629.33,1641.8276568147376,-12.497656814737638
1250.35,2252.452213643319,-1002.1022136433189
4110.21,3412.5270676895148,697.6829323104853
2774.21,5452.153731944524,-2677.943731944524
837.86,1064.9272529862462,-227.06725298624622
5905.3,4032.0805386745815,1873.2194613254187
835.86,1449.8431145085644,-613.9831145085644
16197.37,19067.193038740137,-2869.8230387401363
1376.34,4107.149701453735,-2730.809701453735
2063.35,2586.621431568564,-523.2714315685639
8105.65,6256.272465191231,1849.3775348087684
1652.68,2371.7372920259827,-719.0572920259826
3287.55,1992.696652796191,1294.853347203809
3496.69,3248.4842575702523,248.20574242974772
1634.13,1519.5024914658954,114.62750853410466
449.44,975.3185011395171,-525.8785011395171
331.08,1407.5703152576762,-1076.4903152576762
7366.2,2634.570261708089,4731.629738291911
869.71,1482.6139233163701,-612.9039233163701
1414.56,2352.876107270463,-938.3161072704629
584.51,1928.1633072672357,-1343.6533072672357
576.9,1687.5214566989264,-1110.6214566989265
1732.25,1145.5957014809326,586.6542985190674
1786.95,1410.3993396008648,376.55066039913527
5816.97,2308.879044854701,3508.090955145299
898.02,1365.8219027737468,-467.80190277374686
4345.68,3769.891659336664,575.7883406633364
6960.51,7647.014001591061,-686.5040015910608
862.7,654.3580148556163,208.34198514438378
2001.32,2166.915068260059,-165.59506826005895
1939.59,1808.1465786577003,131.44342134229964
3365.37,2913.4864235635173,451.8835764364826
1289.1,3589.0883750723656,-2299.9883750723657
1045.4,1954.8636454284097,-909.4636454284096
2390.46,2229.705610434155,160.75438956584503
1617.72,2307.8737931983537,-690.1537931983537
1236.73,1524.7966491146835,-288.0666491146835
8573.37,5583.422320193882,2989.9476798061187
1441.91,1507.8763219978946,-65.96632199789451
981.34,1367.974958891062,-386.63495889106196
4138.85,5538.252561887729,-1399.4025618877286
677.15,1738.5238313118687,-1061.3738313118688
2699.78,3057.975883362241,-358.1958833622407
787.58,1056.4083701517318,-268.82837015173175
617.87,1419.853650767952,-801.9836507679521
6467.05,4609.520213442589,1857.5297865574112
3207.04,2417.992347669272,789.0476523307279
1594.56,1527.0758642437838,67.48413575621612
2052.2,1936.6570841014643,115.54291589853551
2680.42,2072.7184162546882,607.7015837453118
2334.32,2405.8845027471993,-71.56450274719919
1357.23,1642.6845339123442,-285.45453391234423
1435.0,4192.080779516197,-2757.0807795161973
3027.9,1946.5460525359294,1081.3539474640706
942.08,2360.724961966264,-1418.644961966264
1611.02,1800.3221784279906,-189.3021784279906
1146.77,5197.041873231032,-4050.271873231032
977.31,1429.0516940258121,-451.7416940258122
1901.95,1997.3573793322792,-95.4073793322791
407.38,1412.8817702797119,-1005.5017702797119
4975.24,3065.0640113063796,1910.1759886936202
2984.58,2088.611258524056,895.9687414759437
2368.28,2007.3675414604838,360.91245853951636
630.9,1316.1443866181694,-685.2443866181694
5115.72,2382.122453235771,2733.5975467642293
4267.62,4898.657586656678,-631.0375866566783
1931.64,3141.886753769564,-1210.246753769564
4297.62,4001.871663028201,295.74833697179884
2280.98,1303.6034234599877,977.3765765400124
825.62,1511.3214389315897,-685.7014389315897
1037.27,2295.998263969181,-1258.7282639691812
4506.71,4191.380696302774,315.32930369722635
3455.1,2955.3654890216735,499.7345109783264
4086.3,4806.407853516881,-720.1078535168808
1337.8,2071.8634624438973,-734.0634624438974
5107.98,9058.137670948017,-3950.1576709480178
1984.93,2462.273840680957,-477.3438406809571
2509.7,3876.262473445334,-1366.562473445334
2924.18,2729.5674532363932,194.6125467636066
2661.58,3740.517495466825,-1078.937495466825
2433.26,3881.9146924076017,-1448.6546924076015
2879.04,4277.941706309183,-1398.9017063091833
3299.87,19111.751492906755,-15811.881492906756
2244.13,2437.922072122019,-193.7920721220189
1101.46,2135.2993892768236,-1033.8393892768236
2311.1,1858.6567286971067,452.4432713028932
1458.68,1553.8063915716764,-95.12639157167632
1304.27,1133.4105979743636,170.85940202563643
1344.08,2316.3784209145147,-972.2984209145147
1388.16,1644.2488862031068,-256.08888620310677
824.54,1717.6423974223833,-893.1023974223833
3918.29,4750.038521462513,-831.748521462513
8169.51,6314.663833318395,1854.8461666816056
3261.7,2586.851919441287,674.8480805587128
352.35,1077.4600359163112,-725.1100359163112
1261.04,5002.84831298154,-3741.8083129815404
10382.0,6559.102738689691,3822.8972613103087
1178.63,2785.053088150051,-1606.4230881500507
26660.3,8921.351453528636,17738.948546471365
2288.44,3004.018468380523,-715.5784683805227
853.6,1286.1176202270708,-432.5176202270708
4257.41,2686.3850376058035,1571.0249623941963
10964.5,12449.470096793952,-1484.9700967939516
1224.96,1330.5053999968234,-105.54539999682333
11685.09,6484.247399776936,5200.842600223064
4081.32,4515.064441499079,-433.74444149907913
2044.43,4054.6837497133943,-2010.2537497133942
2205.68,5382.962723709104,-3177.2827237091037
4951.0,6830.628783617836,-1879.6287836178362
2368.92,1926.9308375040562,441.9891624959439
2102.31,3112.6501273659865,-1010.3401273659865
1490.53,727.6122028003589,762.9177971996411
6040.78,4482.048235488078,1558.731764511922
1574.11,1825.2759435787332,-251.16594357873328
1831.13,4273.902573541936,-2442.7725735419363
8166.7,7067.129053402551,1099.5709465974487
1338.87,1920.7552788748637,-581.8852788748638
846.18,1594.269292464689,-748.089292464689
9952.63,8486.946146019956,1465.6838539800428
4790.42,3797.702525580771,992.7174744192289
5110.58,5620.869593969014,-510.2895939690143
2656.47,5407.503901530445,-2751.033901530445
753.93,1281.7406036060254,-527.8106036060254
4210.87,7754.268826775173,-3543.398826775173
1256.0,1953.3427139942391,-697.3427139942391
1445.81,1362.6720066532853,83.13799334671467
950.38,2159.9431512584406,-1209.5631512584405
5243.16,3920.549679261407,1322.6103207385927
2710.85,2023.7108256369368,687.1391743630631
2538.51,3265.99673775361,-727.4867377536098
2605.48,3699.8311149927517,-1094.3511149927517
2184.78,3373.6057629907764,-1188.8257629907762
1726.55,3286.5740105594937,-1560.0240105594937
4547.0,2192.369433142055,2354.630566857945
6682.14,2588.626003631983,4093.513996368017
2901.02,3629.618858620029,-728.5988586200292
3195.24,3658.6492811912117,-463.4092811912119
1475.81,2350.2042723891977,-874.3942723891978
882.76,1164.335124696383,-281.575124696383
1704.6,1549.602711895236,154.9972881047638
5580.02,5750.800873723523,-170.78087372352275
770.6,2818.0561455167126,-2047.4561455167127
1470.68,1370.093958030648,100.58604196935198
3204.52,3882.0282023595623,-677.5082023595623
2267.49,3929.540673289249,-1662.050673289249
927.44,2049.366862712043,-1121.9268627120427
3126.73,4832.7537729534615,-1706.0237729534615
1495.07,1295.1898866101953,199.8801133898046
1120.61,3684.5174425344476,-2563.907442534448
2292.98,2993.9975075905304,-701.0175075905304
3451.82,3101.760599943413,350.05940005658704
13654.95,7412.706046873177,6242.243953126824
6233.06,5393.533865252845,839.5261347471551
8473.77,7955.5777660093745,518.1922339906259
1388.45,2614.078751745166,-1225.6287517451658
2676.76,3367.846733032531,-691.0867330325309
807.44,1282.2976008823534,-474.8576008823534
5638.16,5610.029013914868,28.130986085131553
1554.06,2403.4013701749936,-849.3413701749937
10880.74,9429.993541965729,1450.7464580342712
4548.46,3789.225138246897,759.2348617531029
4110.66,3916.2537061103767,194.40629388962316
735.63,1435.5425264048215,-699.9125264048215
1650.5,2588.6087830104016,-938.1087830104016
1727.58,2951.3205389633135,-1223.7405389633136
4021.77,2502.3692026601702,1519.4007973398298
1652.9,5499.988546687448,-3847.0885466874483
3807.49,2728.1981028969476,1079.2918971030522
1600.75,1371.1375908401694,229.61240915983058
3983.75,1818.0323976737416,2165.717602326258
4379.12,1324.5865958722911,3054.5334041277088
1741.43,2825.501546993919,-1084.071546993919
4219.41,4138.83322866574,80.57677133426023
1127.46,2012.7123416819657,-885.2523416819656
3610.56,2395.153766756145,1215.4062332438548
563.85,1159.255216154008,-595.4052161540079
764.19,1443.0043905511068,-678.8143905511067
2992.98,2703.264863258349,289.7151367416509
1073.31,1438.637764242184,-365.327764242184
1852.08,2207.2514727770035,-355.1714727770036
6369.53,4815.26369147854,1554.26630852146
4005.39,5994.431891639293,-1989.0418916392932
663.81,2533.4538182892384,-1869.6438182892384
4199.76,2254.148881586683,1945.6111184133174
710.69,865.0409810324628,-154.35098103246276
529.16,1282.599702121862,-753.4397021218621
1388.18,3033.095026042827,-1644.915026042827
7169.03,10678.41859887038,-3509.3885988703796
2168.21,2579.6690493842866,-411.4590493842866
1828.98,1854.3025372833488,-25.322537283348765
6441.2,4721.835290736502,1719.3647092634974
405.8,942.5365925803404,-536.7365925803404
3657.92,2607.9787901872824,1049.9412098127177
2245.15,1544.753244287544,700.3967557124561
2244.89,2241.3039337860687,3.58606621393119
7711.61,3606.8331016918264,4104.776898308173
6958.03,7959.980738474295,-1001.9507384742956
1542.24,2470.5711220670996,-928.3311220670996
2513.05,2563.996302255891,-50.946302255890714
6966.49,4719.148799573422,2247.3412004265774
943.27,1253.6894507963605,-310.4194507963605
2438.97,3818.072115661484,-1379.1021156614843
1050.01,1969.8137102904852,-919.8037102904852
5114.81,3526.0682369103442,1588.7417630896562
1347.35,2729.292749454729,-1381.942749454729
3056.8,2358.997118858373,697.802881141627
3619.67,1360.1954027941133,2259.4745972058868
2427.37,3528.863653060359,-1101.493653060359
1909.43,1824.973477355422,84.45652264457817
1397.06,1697.2620914269187,-300.20209142691874
908.08,2272.143610935277,-1364.0636109352772
787.12,1681.4577828165907,-894.3377828165907
2985.38,3863.2155430269577,-877.8355430269576
531.45,1201.8148789360548,-670.3648789360548
2844.47,3845.0045791940674,-1000.5345791940676
632.12,1553.5096038993347,-921.3896038993347
2705.28,2932.323434323883,-227.0434343238826
1600.99,2284.0726345794683,-683.0826345794683
745.76,1369.9817166958078,-624.2217166958078
761.41,1293.3382713391666,-531.9282713391666
2646.85,3823.1568836299334,-1176.3068836299335
4555.81,3825.8210030721475,729.9889969278529
2798.0,1156.5144481167451,1641.4855518832549
3690.28,3176.798530329113,513.4814696708872
2100.84,2548.0321034623985,-447.19210346239834
1285.67,1335.5770868483144,-49.90708684831429
1202.58,1361.5937004654247,-159.0137004654248
2780.89,2870.621789605234,-89.7317896052341
886.44,4166.567589958043,-3280.127589958043
1990.36,2437.851652637767,-447.4916526377672
1976.15,3995.882542816722,-2019.732542816722
2041.11,2054.3056701675846,-13.195670167584694
5039.38,4808.132677857126,231.2473221428745
2761.41,3754.154330032034,-992.7443300320342
1087.65,1483.271620512242,-395.62162051224186
953.26,1707.2127575451213,-753.9527575451214
810.4,1482.0578755198353,-671.6578755198353
1308.57,3535.1073229257536,-2226.537322925754
8830.35,3887.8364291610987,4942.513570838902
799.25,1140.9047593093997,-341.65475930939965
1136.27,1972.607279933495,-836.337279933495
720.29,1011.29743782744,-291.00743782744007
3155.72,2698.3401929174447,457.3798070825551
566.05,1031.8786797817252,-465.8286797817252
600.6,2128.914588709438,-1528.3145887094379
1785.87,1795.8219027550472,-9.951902755047286
6903.31,5778.959037565111,1124.350962434889
2622.17,2004.6251812823573,617.5448187176428
1504.24,2920.629614697343,-1416.3896146973432
3450.45,2145.941868508677,1304.5081314913227
1133.99,2476.550473492957,-1342.5604734929568
9692.89,5914.32902057582,3778.560979424179
460.8,1265.589185340882,-804.7891853408821
1554.59,1886.0594684148452,-331.4694684148453
1267.38,2284.560886438615,-1017.1808864386148
2270.53,2483.920509945869,-213.39050994586887
1915.36,2287.895573189129,-372.5355731891293
2945.39,6623.709071139456,-3678.319071139456
1932.09,2488.9580946895817,-556.8680946895818
6258.79,4952.21285977579,1306.5771402242099
2033.28,2899.56936598418,-866.28936598418
606.45,1700.5480518984727,-1094.0980518984727
2557.32,3415.2255179535296,-857.9055179535294
857.22,996.2954512855023,-139.07545128550225
3178.96,4560.1806162212,-1381.2206162211996
4501.23,5113.3084449045955,-612.0784449045959
1588.95,1381.833325618367,207.11667438163295
860.4,1959.0451714932715,-1098.6451714932714
1754.69,1125.327686490669,629.362313509331
829.84,1609.8764504109881,-780.0364504109881
1632.99,4429.679447439371,-2796.689447439371
2810.2,1972.7683037202123,837.4316962797875
3926.3,3527.85301012165,398.44698987835
1306.49,2331.853172683524,-1025.363172683524
2539.13,3419.93058141293,-880.8005814129301
856.53,878.6325429413185,-22.102542941318575
1050.61,2479.0123151753605,-1428.4023151753606
4067.99,4146.659796583659,-78.66979658365926
355.74,2280.6507361016265,-1924.9107361016265
2431.43,1251.3928135866452,1180.0371864133547
2636.61,3003.3534945982615,-366.74349459826135
1934.18,2750.873899484261,-816.693899484261
1342.83,2205.0746170800935,-862.2446170800936
1259.82,1622.8733515468127,-363.0533515468128
3272.25,2166.1961396889433,1106.0538603110567
976.61,1815.1496913040642,-838.5396913040641
5975.82,5615.768481740226,360.05151825977373
1040.41,2180.321439930879,-1139.911439930879
3410.46,2286.9227447171916,1123.5372552828085
13570.6,11545.555505254519,2025.0444947454816
4189.85,4257.494098250449,-67.64409825044822
680.36,1505.3181093382477,-824.9581093382477
1595.4,1582.607053197046,12.79294680295402
1981.08,2401.905754188586,-420.82575418858596
1037.02,3220.907250785059,-2183.887250785059
611.52,1672.5389908799793,-1061.0189908799794
1717.42,2116.3450490248815,-398.92504902488145
1763.5,1969.1947210050057,-205.6947210050057
1443.64,2426.315981525204,-982.6759815252037
1004.08,3848.432186247853,-2844.3521862478533
1495.71,2713.971879049414,-1218.261879049414
776.38,3661.9526298047376,-2885.5726298047375
3695.98,3482.5612973122848,213.41870268771527
12331.45,15101.823541046282,-2770.3735410462814
1905.01,1185.2016338144465,719.8083661855535
949.15,1637.2134179295917,-688.0634179295918
1471.02,2967.5337021076252,-1496.5137021076252
2055.31,2754.8555792288257,-699.5455792288258
784.6,1351.200620385553,-566.600620385553
678.92,2794.4573196028236,-2115.5373196028236
3602.7,1861.3857776013751,1741.3142223986247
1844.51,2847.5663573026677,-1003.0563573026677
1591.03,4052.583855925069,-2461.553855925069
5964.19,4517.585774856335,1446.6042251436647
1120.07,1069.0821781546895,50.987821845310464
1111.09,961.2804100187906,149.80958998120934
7036.75,2324.254179241126,4712.495820758873
1563.0,2078.8080250020143,-515.8080250020143
906.04,2021.0638089791412,-1115.0238089791412
2166.15,3090.418758349023,-924.2687583490228
5626.51,3613.1759795567377,2013.3340204432625
8461.37,9143.527877953027,-682.1578779530264
5905.19,1232.739428101945,4672.4505718980545
1583.11,2111.9283451797237,-528.8183451797238
7378.71,2808.8714564472302,4569.83854355277
4699.49,4259.937574737434,439.5524252625655
1768.42,1841.3154906510863,-72.89549065108622
2098.38,1740.8366328070754,357.54336719292473
6643.38,3512.8606418282297,3130.5193581717704
2560.03,3066.9905714541214,-506.96057145412124
1106.57,2433.223028782823,-1326.653028782823
1160.47,2401.6157665173064,-1241.1457665173064
233.15,1326.1531201937214,-1093.0031201937213
2370.52,3384.6121744459415,-1014.0921744459415
4188.97,3715.815705554697,473.1542944453031
6304.7,2844.405474977027,3460.2945250229727
6036.35,2515.0206765304647,3521.3293234695357
3445.83,3982.850409275846,-537.0204092758459
1325.02,1715.321800006964,-390.30180000696396
2183.38,3564.956692722659,-1381.5766927226591
624.94,1438.5357658309676,-813.5957658309676
770.15,1249.9978095933584,-479.8478095933584
1538.57,2080.89128136001,-542.3212813600101
1384.71,2333.1101546102973,-948.4001546102972
7079.41,5340.813463227263,1738.5965367727367
886.41,4355.857413351174,-3469.447413351174
1643.97,2704.8708308669047,-1060.9008308669047
3183.28,2429.7256473736816,753.5543526263186
5818.29,3017.7655680161524,2800.5244319838475
1163.84,1225.9904835635607,-62.15048356356078
1444.97,3633.4031959086997,-2188.4331959086994
2517.53,2996.7311678600236,-479.20116786002336
1966.48,2034.9324626767198,-68.45246267671973
3450.78,2057.3376766315014,1393.4423233684988
3383.41,3202.6178309241877,180.79216907581213
5089.85,3724.2194429592164,1365.630557040784
1275.55,1943.5019778836202,-667.9519778836202
1036.33,2287.034156451483,-1250.704156451483
3035.67,1662.6420633147206,1373.0279366852794
2065.27,2910.2061849631614,-844.9361849631614
1236.76,1430.677934618482,-193.91793461848192
2085.47,2120.9491310303424,-35.479131030342614
3748.63,3789.330051531065,-40.70005153106467
1166.58,1241.5405067178222,-74.96050671782223
813.95,3202.092679332087,-2388.142679332087
6065.13,7442.070930556851,-1376.9409305568506
15116.85,8592.883396753228,6523.966603246772
1690.56,1184.0011327038683,506.55886729613167
647.89,831.6308673374689,-183.7408673374689
7329.04,6736.39702303764,592.6429769623601
813.64,1181.9269794648026,-368.2869794648026
595.78,1274.1317420760486,-678.3517420760486
1027.68,2657.9759382949564,-1630.2959382949564
1649.12,2703.2052189806873,-1054.0852189806874
1584.64,1669.1869949862285,-84.54699498622836
2017.67,2125.752646495655,-108.0826464956549
748.56,1235.5294287140034,-486.96942871400347
6980.84,5908.418235708294,1072.4217642917065
7375.91,11587.428505874184,-4211.5185058741845
1186.07,1838.831260996038,-652.7612609960381
895.92,1651.4541083525387,-755.5341083525387
1323.61,2204.1201099311384,-880.5101099311385
2756.39,4105.773046948285,-1349.383046948285
4398.3,8030.338043855995,-3632.038043855995
849.67,1413.1189804846567,-563.4489804846568
2261.7,1209.369132191142,1052.3308678088579
3178.22,1525.6733224386185,1652.5466775613813
955.6,2576.9814615386676,-1621.3814615386677
7972.47,8976.13258917092,-1003.66258917092
9599.64,6864.859811710766,2734.7801882892336
913.13,1732.738382262769,-819.6083822627689
1113.44,3667.119811251704,-2553.679811251704
1417.18,4772.052765973143,-3354.872765973143
1492.98,2701.0312560864695,-1208.0512560864695
3166.63,2335.044426234647,831.5855737653533
4312.86,3799.3378401316227,513.522159868377
6763.17,5410.63527225277,1352.5347277472301
3626.51,4020.5789634493763,-394.06896344937604
914.18,1478.4347402955943,-564.2547402955944
1233.64,2708.7217105552195,-1475.0817105552194
1379.07,1467.7267496939282,-88.6567496939283
801.25,2239.4645914574025,-1438.2145914574025
3511.08,5624.993738597148,-2113.913738597148
1348.03,2434.576440635224,-1086.5464406352241
568.03,1535.6677593568124,-967.6377593568125
3773.33,5503.960649425022,-1730.630649425022
2236.06,2656.30557057522,-420.24557057522
6257.58,3649.7111920928824,2607.8688079071176
612.77,975.9504844751764,-363.1804844751764
2125.58,1461.0784865763503,664.5015134236496
4737.09,3573.6815512507233,1163.4084487492769
1511.48,1484.4258400532196,27.054159946780374
6439.63,6435.20648443584,4.42351556415997
834.36,1794.7110151207676,-960.3510151207676
2585.5,2386.1045967671666,199.39540323283336
2826.29,1393.8641663875403,1432.4258336124597
2662.95,2271.796641272438,391.1533587275617
1379.7,1396.333580479803,-16.63358047980296
3268.2,3727.120664307716,-458.9206643077164
4764.42,4060.1656571152434,704.2543428847566
8351.07,8406.359291532637,-55.289291532637435
2646.42,2443.2455130023445,203.17448699765555
3583.8,2731.5716645811153,852.2283354188849
14267.91,3648.3653515188225,10619.544648481176
2388.31,2383.074484611644,5.235515388355907
1218.54,1648.420798989671,-429.8807989896711
1573.35,1527.0968618298234,46.2531381701765
575.48,843.9805762468109,-268.50057624681085
8954.31,8578.847161785794,375.4628382142055
2968.2,2758.5251558862333,209.67484411376654
1574.57,2586.1325880616146,-1011.5625880616146
6654.87,3009.1589088331643,3645.7110911668356
686.4,664.2370350697292,22.162964930270732
1724.14,3125.9470506680213,-1401.8070506680212
801.36,3628.551130404414,-2827.191130404414
686.82,1200.7248572411904,-513.9048572411904
2077.9,1748.6438442032804,329.25615579671967
1203.55,1361.148097666105,-157.5980976661051
750.0,2071.307294080974,-1321.3072940809739
8454.41,6458.350955605067,1996.0590443949332
1088.85,2237.429435682047,-1148.579435682047
2390.59,2464.0019019094984,-73.41190190949828
8139.87,4800.2044645522155,3339.6655354477844
2192.59,2284.651070659179,-92.06107065917877
2401.37,2365.1237629489183,36.24623705108161
1092.16,2575.91822595703,-1483.7582259570297
1514.05,1177.8901533640928,336.1598466359071
17647.79,16547.330244369612,1100.4597556303888
6975.35,6234.9674531671035,740.3825468328969
6021.69,4011.1077031627365,2010.5822968372631
3085.79,1235.4083873394484,1850.3816126605516
833.87,1670.4018476266695,-836.5318476266694
1497.28,2762.2936569459002,-1265.0136569459003
1045.86,1688.0618377105047,-642.2018377105048
6449.39,6813.324386826571,-363.9343868265705
986.34,1610.494312800883,-624.1543128008831
1208.18,2014.5662715416706,-806.3862715416706
1365.8,3898.0573595107103,-2532.2573595107106
2264.63,2895.262630488261,-630.6326304882609
1803.74,1346.2626910181623,457.4773089818377
3841.29,3853.5846135980114,-12.294613598011438
9583.07,6067.068868219994,3516.0011317800054
2471.83,5047.556635206509,-2575.726635206509
609.65,1196.7157367768964,-587.0657367768964
905.22,891.7653350002884,13.454664999711667
2005.08,1923.4516526855152,81.6283473144847
1461.56,1520.331266739493,-58.77126673949306
1966.67,3287.364689000448,-1320.6946890004479
2184.78,1676.0236737264536,508.7563262735466
421.36,2150.1600252401904,-1728.8000252401903
1175.59,1574.2294623368396,-398.63946233683964
1780.13,2112.048877219279,-331.9188772192788
1031.78,1517.4332016022881,-485.65320160228816
2731.15,3242.8524296415594,-511.7024296415593
9448.79,7872.5634727725865,1576.2265272274144
5740.76,3152.8299192200298,2587.9300807799705
2727.93,2156.2699103017435,571.6600896982563
2548.05,1696.707909014388,851.3420909856122
9612.96,5890.299956715534,3722.6600432844652
941.95,2427.2281463301083,-1485.2781463301083
6064.14,3324.1779133479527,2739.9620866520477
2650.77,2566.3086407173187,84.46135928268131
849.31,900.4295871817706,-51.11958718177061
858.31,2033.005194188189,-1174.6951941881891
2808.68,2395.9085059705567,412.77149402944315
1114.59,1527.7447393004682,-413.15473930046824
864.33,1807.3904382375563,-943.0604382375562
749.31,1272.0054235047103,-522.6954235047103
2285.94,1905.5634646351218,380.37653536487824
1529.06,2619.0743686121364,-1090.0143686121364
3378.28,5784.705366282097,-2406.425366282097
7082.48,4862.856272015142,2219.6237279848574
1600.78,2679.1322580678025,-1078.3522580678025
385.04,1003.5830566310859,-618.5430566310858
1621.44,1110.5984898670447,510.84151013295536
1738.22,3961.3533261653347,-2223.1333261653344
5110.59,3511.1071129595057,1599.4828870404945
3015.93,3055.589067710189,-39.65906771018899
2605.5,1934.080985189598,671.4190148104019
2406.11,2049.532103556917,356.5778964430833
1660.23,767.7380156802116,892.4919843197885
2233.23,1970.1427079582245,263.0872920417755
1080.0,1022.5795133670562,57.420486632943835
1271.8,1887.4375554527057,-615.6375554527058
643.82,1860.6649564096936,-1216.8449564096936
676.0,986.4418625398656,-310.4418625398656
1941.27,1555.7109133709407,385.55908662905927
1573.87,3467.355578022132,-1893.485578022132
928.48,1452.8877895516287,-524.4077895516286
3074.59,1630.4791948748189,1444.1108051251813
563.76,913.6182704838034,-349.8582704838034
8188.11,6899.6368874100335,1288.4731125899661
2411.32,1944.9479221524243,466.37207784757584
1200.07,1762.9886712753462,-562.9186712753462
3144.18,2184.412988136365,959.7670118636347
776.02,1146.2483214985193,-370.22832149851934
1916.18,2549.215184772017,-633.0351847720169
1167.28,1423.654644951838,-256.37464495183804
4110.13,2344.02287415626,1766.10712584374
1510.95,2855.8825040947954,-1344.9325040947954
1220.13,1510.5805755740096,-290.45057557400946
4423.87,2261.479311955445,2162.3906880445547
2994.4,1723.3926231275964,1271.0073768724037
9573.66,2601.66458404864,6971.99541595136
509.94,1220.3230394799243,-710.3830394799243
7535.43,5437.615738126625,2097.8142618733755
604.01,1434.1622395604809,-830.1522395604809
1212.48,2310.430229454201,-1097.9502294542008
5697.79,7344.196126102095,-1646.4061261020952
2720.71,3113.680260019859,-392.97026001985887
6360.02,5606.499981528711,753.5200184712894
913.25,1928.0566784346447,-1014.8066784346447
2527.79,3230.6264484644876,-702.8364484644876
1259.8,892.6246318015503,367.17536819844963
6160.33,5129.827178665799,1030.5028213342011
1290.02,4707.44670739455,-3417.42670739455
1465.91,1911.1874317470674,-445.27743174706734
727.13,1351.7617705498267,-624.6317705498267
6675.0,7403.403220825313,-728.4032208253129
1808.13,2051.585116848775,-243.4551168487751
1781.17,1531.308730779887,249.86126922011317
3469.34,6237.254772179204,-2767.914772179204
1016.1,1032.8011182783841,-16.701118278384115
2948.32,2187.616252580509,760.7037474194913
2606.62,3048.044742412147,-441.4247424121472
17312.88,9888.87220355918,7424.007796440821
3649.23,2018.9695287825589,1630.2604712174411
1009.47,1215.4462007632605,-205.97620076326052
2663.73,2312.0926506705214,351.63734932947864
4638.06,5977.884756870394,-1339.8247568703937
1128.68,1401.9119412186114,-273.2319412186114
966.09,11420.668137122519,-10454.578137122518
5789.58,2988.1962268381326,2801.3837731618673
1036.61,2234.092171165039,-1197.482171165039
915.82,1186.7107992870538,-270.8907992870537
1836.31,1986.8778871184973,-150.5678871184973
1336.72,1957.2877186164824,-620.5677186164824
1531.83,3351.1403754882995,-1819.3103754882995
874.4,2349.7405145349517,-1475.3405145349516
4015.57,3821.2720230358186,194.29797696418154
8355.06,4369.911615571784,3985.1483844282156
3178.97,2605.704626505601,573.2653734943988
5139.57,2960.675423959737,2178.8945760402626
1299.33,747.1601394533237,552.1698605466762
864.57,1594.6135503731564,-730.0435503731563
6156.97,5071.374475654942,1085.595524345058
3305.59,1568.9163544967055,1736.6736455032947
1003.98,1996.3966604088348,-992.4166604088348
1282.96,1349.6819834516798,-66.72198345167976
12162.78,5510.692516782892,6652.0874832171085
5579.06,2378.455106179688,3200.6048938203126
2732.27,8820.447715685077,-6088.177715685077
563.76,1009.0812095351422,-445.3212095351422
3365.55,3427.54688402466,-61.99688402465972
1225.46,1544.9052470778113,-319.44524707781125
2606.56,2351.437349949869,255.12265005013114
1076.85,1025.8210914036545,51.028908596345445
2238.46,2322.5826335073734,-84.1226335073734
970.29,1984.1078773171544,-1013.8178773171544
5165.0,1530.6249301046569,3634.375069895343
1082.51,1029.607371241547,52.90262875845292
588.1,2629.578806606851,-2041.4788066068509
4240.72,3856.641377180263,384.0786228197371
5703.83,6541.364506502063,-837.5345065020629
1851.63,2312.953368043827,-461.32336804382703
2862.05,5642.916283689629,-2780.866283689629
4708.41,3483.794715374686,1224.615284625314
1108.78,2362.2692263410086,-1253.4892263410086
1356.57,2439.3059006227804,-1082.7359006227805
2246.91,2579.573848306636,-332.6638483066363
993.33,1458.1250827105393,-464.7950827105393
3094.42,1947.2717879456864,1147.1482120543137
3353.88,3747.4629039354595,-393.5829039354594
1133.77,1178.6694119491765,-44.89941194917651
2795.56,3082.970400399218,-287.4104003992179
686.64,1622.0532802433281,-935.4132802433281
8466.14,6883.207591536501,1582.9324084634982
1302.54,2538.286111235071,-1235.746111235071
1144.18,1696.814905080255,-552.6349050802548
2554.41,1039.600639282912,1514.8093607170879
2181.67,3643.26969276796,-1461.5996927679598
990.16,1629.6432970544402,-639.4832970544402
1437.07,2585.7087022718533,-1148.6387022718534
5566.47,4231.103124055568,1335.3668759444326
1388.11,3146.2289662411335,-1758.1189662411336
902.91,1318.4727598385691,-415.56275983856915
2482.38,2386.4672250530925,95.91277494690758
2087.23,1827.3147541072756,259.91524589272444
6548.79,8552.221219903882,-2003.4312199038823
3577.5,2662.892018997446,914.607981002554
4540.11,2368.3101096929263,2171.7998903070734
2934.18,3540.4247296756275,-606.2447296756277
5389.66,3560.9095207412706,1828.7504792587292
408.91,1262.6613127639957,-853.7513127639957
2988.95,3611.6293203967875,-622.6793203967877
3454.03,3006.0622665685496,447.9677334314506
8283.74,6859.028110016705,1424.711889983295
1446.07,1934.9926992667818,-488.9226992667818
1330.16,1309.2331996523828,20.926800347617245
860.2,3815.737291821517,-2955.537291821517
3006.64,8672.199162131352,-5665.559162131352
545.57,2575.215832314634,-2029.645832314634
2499.15,2680.748434696352,-181.5984346963519
3122.79,2434.5788577497374,688.2111422502626
11155.69,10623.773695040885,531.9163049591152
931.48,871.4602915275664,60.01970847243365
2811.33,2051.691324244518,759.6386757554819
3793.76,5276.745788180616,-1482.9857881806156
1521.33,1928.1820465152027,-406.8520465152028
4640.16,1392.1776396754494,3247.9823603245504
2104.79,1988.276441127766,116.51355887223394
7052.05,5288.84563536466,1763.2043646353404
697.0,2914.4124879489277,-2217.4124879489277
23075.22,11057.16074352397,12018.059256476032
851.86,1007.9302717057559,-156.07027170575589
3283.29,2033.546783255267,1249.743216744733
1178.1,1868.1928441699017,-690.0928441699018
9064.81,6230.057969817643,2834.752030182356
3465.22,3751.662655809695,-286.4426558096952
2404.37,4006.0330796383296,-1601.6630796383297
2506.05,3733.071257942377,-1227.021257942377
3044.08,2906.0871361129603,137.99286388703968
3527.91,2773.806026653028,754.103973346972
2576.97,3398.446689239997,-821.4766892399971
4359.41,4256.700185301156,102.70981469884373
4704.79,1567.5645695255523,3137.2254304744474
16336.82,7231.6336291915095,9105.18637080849
719.78,962.4596879037323,-242.67968790373232
663.38,2215.9354802921075,-1552.5554802921074
1657.08,1017.5839420212209,639.496057978779
2074.27,2931.261363835781,-856.9913638357812
280.08,2338.7858880234503,-2058.7058880234504
1315.14,1051.8593442192214,263.2806557807787
1617.12,939.8156786763428,677.3043213236571
3377.64,2357.5715593762393,1020.0684406237606
2881.33,2057.041022183812,824.288977816188
6492.05,6951.692327985367,-459.64232798536705
5727.15,2222.455161785705,3504.6948382142946
685.42,1898.9115300496737,-1213.4915300496737
2764.35,3493.3957854112573,-729.0457854112574
11793.05,6733.302653128575,5059.747346871424
937.33,1055.8611653050718,-118.5311653050718
3805.09,2285.807923461572,1519.282076538428
5436.48,2702.077812799474,2734.4021872005255
2261.27,1762.8858940959713,498.38410590402873
2499.25,1927.9379615371013,571.3120384628987
7077.89,3574.7195561652425,3503.170443834758
669.42,1762.4514853325838,-1093.031485332584
1627.46,774.7028654259535,852.7571345740465
1603.01,2715.8284101583918,-1112.8184101583918
724.67,1920.2037178418964,-1195.5337178418963
4754.13,5802.00276112302,-1047.8727611230197
6053.69,3558.051971101746,2495.6380288982537
609.0,1122.5693172774313,-513.5693172774313
3070.07,2243.228298479914,826.8417015200862
2623.3,2933.1573774983904,-309.8573774983902
2797.06,3958.836307223403,-1161.776307223403
6845.48,5886.351604219781,959.1283957802189
1762.31,3156.5112517622492,-1394.2012517622493
1192.27,1780.8287479684482,-588.5587479684482
1302.28,2989.066737604929,-1686.7867376049292
929.55,1468.28004157868,-538.7300415786801
2594.69,1343.4016180856463,1251.2883819143537
3068.06,2270.927388807478,797.1326111925218
2678.75,2897.962331789857,-219.21233178985722
3711.06,3056.757248913563,654.3027510864367
2746.77,1972.860324226295,773.909675773705
4354.33,3854.672681306638,499.65731869336196
1711.74,2205.050235058208,-493.3102350582078
3096.24,3849.9898802492157,-753.749880249216
1788.15,3436.636475925206,-1648.486475925206
1858.54,2298.4854375030823,-439.9454375030823
8506.13,6956.985037281515,1549.1449627184838
8538.99,3357.2708328709764,5181.719167129024
611.37,2693.275096347797,-2081.905096347797
1030.35,1430.1491114653627,-399.7991114653628
849.14,964.6883935335755,-115.54839353357556
7916.83,4268.698915489636,3648.1310845103635
5134.12,4933.6995863238135,200.4204136761864
1979.32,1363.8485651631224,615.4714348368775
703.1,964.6729249936117,-261.57292499361165
2851.23,1410.80461795015,1440.42538204985
3778.67,2934.4305044873586,844.2394955126415
2399.21,1509.4058558142272,889.8041441857729
7103.17,3951.3519957361054,3151.8180042638946
1042.94,1608.2073633327752,-565.2673633327752
976.97,1326.4668173426123,-349.4968173426123
4123.19,1933.0843512623424,2190.1056487376572
3235.4,1752.5825939140682,1482.817406085932
1181.16,2344.4877448913608,-1163.3277448913607
3217.13,2776.349037288374,440.7809627116262
1054.8,1403.4968203623785,-348.6968203623785
1474.07,2895.8599057727447,-1421.7899057727448
691.58,2265.685512178719,-1574.105512178719
879.14,1355.6165615211378,-476.4765615211378
8193.14,4622.849302836865,3570.2906971631346
684.52,1352.604071571429,-668.0840715714289
13632.0,6955.253130401478,6676.746869598522
2710.89,1179.9979816496996,1530.8920183503003
600.83,1610.1052602416476,-1009.2752602416475
3148.9,4023.5447447755405,-874.6447447755404
2698.68,3731.7030029346142,-1033.0230029346144
677.7,1591.707469030616,-914.007469030616
8208.67,7876.445250040947,332.22474995905304
563.76,1628.8065821867337,-1065.0465821867338
5135.65,4881.284382963271,254.3656170367285
3030.39,1789.945485099052,1240.444514900948
8598.3,7571.28876117145,1027.0112388285497
2752.44,2864.606468998311,-112.16646899831085
3802.3,2348.0464941995533,1454.2535058004469
14530.86,11704.56807245142,2826.29192754858
1816.69,2825.9444668578208,-1009.2544668578207
1005.89,1310.8476443905465,-304.95764439054653
3879.81,2572.215711428829,1307.594288571171
3767.73,4316.272128612525,-548.5421286125252
6954.14,7749.115080790939,-794.9750807909386
1065.2,831.5029952623715,233.6970047376285
1184.33,1662.1368333959451,-477.8068333959452
2638.55,2404.612993474589,233.9370065254111
1511.51,1666.6781706418367,-155.1681706418367
1642.2,3518.404272185251,-1876.204272185251
1485.33,2930.442929003763,-1445.112929003763
1413.3,1866.9550029038471,-453.65500290384716
4669.14,3603.9525410455153,1065.187458954485
808.26,1212.0754389126657,-403.81543891266574
5885.91,3411.228819219522,2474.681180780478
3553.07,3679.6549613009515,-126.58496130095136
2307.53,3036.52563050041,-728.9956305004098
1585.0,1053.195610112812,531.8043898871881
785.31,1433.2175358040095,-647.9075358040095
1491.93,2552.0834034901227,-1060.1534034901226
1073.2,1404.6876588856883,-331.48765888568823
5517.84,4128.446775605834,1389.3932243941663
960.73,2122.8819302044562,-1162.1519302044562
3485.53,2817.880189722249,667.6498102777514
715.13,1534.9890792989047,-819.8590792989047
3470.06,3363.1317882455564,106.92821175444351
6164.98,3550.775038549876,2614.2049614501234
965.2,1616.1073226465576,-650.9073226465575
891.5,1498.011407705275,-606.5114077052749
5277.33,4464.506934797397,812.8230652026032
6392.67,3905.048917987019,2487.621082012981
2356.51,1722.2653259559183,634.2446740440819
5000.52,2469.7771218816792,2530.742878118321
801.86,940.7687035953651,-138.90870359536507
2041.51,2206.9262746861527,-165.41627468615275
1768.42,906.2853977905044,862.1346022094957
997.15,2061.398453331496,-1064.248453331496
867.74,2125.2576801246823,-1257.5176801246823
7517.04,3619.983600366174,3897.056399633826
3577.45,1799.1627686970442,1778.2872313029557
687.83,1339.3801407556166,-651.5501407556166
3710.12,2402.766402238387,1307.353597761613
6978.69,8921.837376821375,-1943.1473768213755
10239.88,4651.6201258658,5588.259874134199
2489.58,3277.2688282823565,-787.6888282823566
781.83,2648.1228151770088,-1866.2928151770088
1476.35,1344.8895946121593,131.46040538784064
5609.37,3930.1987649315515,1679.1712350684484
1442.44,2416.94718882579,-974.5071888257899
1817.87,2623.6443677803522,-805.7743677803523
593.46,1000.4590808087481,-406.9990808087481
7620.23,7562.443412702048,57.78658729795188
3432.0,2524.250270312083,907.7497296879169
2764.3,3024.3686052738058,-260.0686052738056
825.79,1082.4893704778046,-256.6993704778047
1110.71,1282.9324096207363,-172.22240962073624
2839.38,5581.950801053784,-2742.5708010537837
1343.36,3781.913077041614,-2438.5530770416144
2570.8,2620.7015854849537,-49.90158548495356
1019.36,2247.1564080557564,-1227.7964080557563
1421.02,3408.0390163752386,-1987.0190163752386
2333.65,1497.1741670854492,836.4758329145509
2067.81,2895.6644499691265,-827.8544499691266
4313.72,2586.4496127522475,1727.2703872477528
1096.17,1686.5169250291954,-590.3469250291953
2485.97,2056.906651398789,429.0633486012107
2885.62,2249.494947651177,636.1250523488229
3234.84,2889.4795387063073,345.3604612936929
3315.84,2622.535979662973,693.3040203370269
3799.21,6269.132070441684,-2469.922070441684
879.25,1556.7707098616136,-677.5207098616136
1527.7,3060.8300242290147,-1533.1300242290147
847.91,1369.9182632646125,-522.0082632646125
2437.29,2539.3826397750977,-102.09263977509772
1691.4,2353.5172710961383,-662.1172710961382
2743.35,2754.9301782871316,-11.58017828713173
1443.93,2681.4107736576602,-1237.4807736576602
1162.48,1486.1317471621214,-323.6517471621214
1708.25,2916.6800266100154,-1208.4300266100154
1343.28,1984.4014945736576,-641.1214945736576
1934.45,2481.625923936902,-547.1759239369019
3398.35,2173.788955649315,1224.5610443506848
5041.26,2647.38259055523,2393.8774094447704
9431.57,7249.414130149753,2182.1558698502467
7781.33,4276.163657190808,3505.1663428091915
2065.84,1874.3427160542099,191.4972839457903
1021.55,1024.662288885543,-3.1122888855429665
1434.19,1912.795086049756,-478.605086049756
5286.88,3238.171004249378,2048.7089957506223
6006.25,2351.9255240631255,3654.3244759368745
1536.49,1362.502863304988,173.98713669501194
1966.39,1531.9881503862996,434.4018496137005
1765.16,2427.39915904016,-662.2391590401601
2421.53,3542.5913608642395,-1121.0613608642393
5814.71,3094.4286135120283,2720.2813864879718
2859.95,2018.287972942982,841.6620270570179
2069.48,2197.2807909419525,-127.80079094195253
666.8,914.4136305490902,-247.6136305490902
1331.53,1347.6844901999589,-16.1544901999589
2013.48,1725.1912995863772,288.2887004136228
2928.65,3348.673370324671,-420.02337032467085
9223.81,6368.810506534048,2854.9994934659517
1186.84,1434.453618521648,-247.61361852164805
3727.15,3304.644909556939,422.5050904430609
2125.18,5155.739698042317,-3030.5596980423175
5176.93,2486.515714173441,2690.414285826559
822.74,1082.1736186412113,-259.4336186412113
4531.01,4269.55686110732,261.4531388926798
2166.63,3287.888684088343,-1121.2586840883428
4150.08,2061.0449276677045,2089.0350723322954
2293.88,2182.432912787136,111.44708721286406
5884.07,8819.070491061442,-2935.0004910614425
2743.2,4115.410985358776,-1372.2109853587763
1739.26,5028.513396362378,-3289.253396362378
3983.13,2530.6804852980767,1452.4495147019234
1771.43,4548.835046694558,-2777.4050466945573
897.15,1482.2977000143944,-585.1477000143944
5800.04,4183.18813499738,1616.85186500262
3517.37,3218.1680594759746,299.2019405240253
7378.29,7963.644968756988,-585.3549687569885
3958.8,2702.9119823735305,1255.8880176264697
2713.67,2094.972855876334,618.697144123666
3629.6,4883.402563262157,-1253.802563262157
2573.05,4094.169783720308,-1521.1197837203076
2324.22,1872.1608423601976,452.05915763980215
4412.44,4606.7933149536375,-194.3533149536379
1040.14,692.2882618507548,347.8517381492453
11132.43,10606.86907403571,525.5609259642897
2882.62,7348.354605581945,-4465.734605581945
2305.68,1878.8550410508806,426.82495894911926
3467.85,2188.942031993931,1278.907968006069
1628.72,1332.945456325975,295.7745436740249
439.53,879.534636925948,-440.00463692594803
1917.0,3137.7345508670196,-1220.7345508670196
1262.65,1921.895954760396,-659.245954760396
3738.52,4374.635101822379,-636.1151018223786
1666.88,1670.974238139525,-4.094238139524805
2574.77,1317.323177990881,1257.446822009119
5016.46,5405.0509616900545,-388.5909616900544
3233.75,3349.2836927776298,-115.53369277762977
926.71,1393.2390166535718,-466.5290166535717
5295.9,4266.257997906749,1029.642002093251
1639.98,1768.6988385730654,-128.71883857306534
2842.8,4116.364616697719,-1273.5646166977185
1525.92,1625.7644738740194,-99.84447387401929
3629.9,2106.860130289798,1523.0398697102023
547.25,773.306663838938,-226.056663838938
3482.17,2819.611397509582,662.5586024904183
3219.2,4177.147723466735,-957.9477234667356
2074.83,2826.348031296639,-751.518031296639
1319.22,1978.4013206697014,-659.1813206697013
6801.14,3709.126180035995,3092.0138199640055
702.03,1053.2985959164614,-351.26859591646144
4264.57,2382.98318395208,1881.58681604792
3183.64,2257.64743201488,925.9925679851199
19811.44,17938.994953742746,1872.4450462572531
905.82,1275.4433970713374,-369.6233970713373
593.85,1646.8337665872946,-1052.9837665872947
3702.84,4387.177457166441,-684.3374571664408
2715.19,2300.9964101764763,414.1935898235238
2176.5,2000.1071513090722,176.39284869092785
1089.1,1123.1060366753827,-34.0060366753828
512.01,1753.9667064373377,-1241.9567064373377
1302.97,1599.4598788722337,-296.4898788722337
8854.17,20256.49370827754,-11402.32370827754
4248.81,3604.986095669432,643.8239043305684
3940.82,2583.6140845576,1357.2059154424
4470.55,1728.380804009904,2742.1691959900963
5201.75,6246.534255224855,-1044.7842552248549
4872.29,2650.5895576853977,2221.7004423146022
961.76,1312.4399507779115,-350.6799507779115
7167.97,3071.7438400108654,4096.226159989135
2370.79,2257.544337958875,113.24566204112489
3258.79,3036.5378697382694,222.2521302617306
1994.91,3211.589513395131,-1216.6795133951307
2218.58,3027.3706863993016,-808.7906863993016
867.89,989.9084121234199,-122.01841212341992
1739.42,3627.586298117304,-1888.166298117304
723.94,1602.148012175979,-878.2080121759789
8216.86,3756.7544335504117,4460.105566449589
2709.1,1607.3366084567404,1101.7633915432596
1844.52,1865.5153017807083,-20.99530178070836
2093.7,2134.576905424231,-40.876905424231154
9132.81,7033.052802906418,2099.7571970935815
2110.39,1805.8535990745204,304.5364009254795
624.73,1867.125765801147,-1242.395765801147
1103.58,1897.3135321190146,-793.7335321190146
1275.16,2261.312631421875,-986.1526314218747
4482.2,5523.602466785883,-1041.402466785883
1728.91,2361.216205880417,-632.3062058804169
7910.67,4940.7713886427555,2969.8986113572446
4403.7,6309.393221621868,-1905.6932216218684
4929.32,3657.4993128655615,1271.8206871344382
2721.2,3101.0867501069915,-379.8867501069917
875.0,1656.5982862118371,-781.5982862118371
4568.68,5146.090727868378,-577.4107278683778
1673.4,3173.513387444989,-1500.1133874449888
4187.88,3817.7710104238117,370.1089895761884
2660.63,3922.2271703097213,-1261.5971703097212
943.72,2252.672621649046,-1308.952621649046
4771.64,3485.0248809752684,1286.615119024732
3004.73,2955.368955344367,49.36104465563312
1696.72,2274.7056524405684,-577.9856524405684
5999.19,5064.178204992774,935.0117950072254
1526.27,2474.0684091555713,-947.7984091555713
4626.12,3551.0963786622788,1075.0236213377211
526.87,1108.6906038352363,-581.8206038352363
10340.38,10833.235905807867,-492.8559058078681
2462.52,3048.6520081637814,-586.1320081637814
1106.7,2270.7123929743457,-1164.0123929743456
4113.43,4404.289295405369,-290.85929540536836
1763.41,2360.270956660312,-596.860956660312
1674.87,1326.7832376307686,348.08676236923134
1594.02,1508.8199276084576,85.20007239154234
2489.93,2182.3876264053015,307.54237359469835
2750.98,2662.8886315173263,88.09136848267372
2040.48,2218.996996760249,-178.51699676024919
2097.97,2016.679728719745,81.29027128025473
3369.9,3874.506900081486,-504.60690008148595
413.31,1512.426806781232,-1099.116806781232
2262.9,1741.9793501155345,520.9206498844655
2777.47,1761.2367471432153,1016.2332528567845
602.84,1745.8434077116035,-1143.0034077116034
6267.97,6278.416044450507,-10.446044450506633
2117.85,2167.7620320819474,-49.91203208194747
1311.23,1885.9181062644639,-574.6881062644638
1069.33,2292.973500863515,-1223.6435008635149
1326.37,2235.186895669117,-908.816895669117
713.71,1325.7423891526932,-612.0323891526932
1553.45,2062.097897331851,-508.647897331851
461.49,1482.415310341179,-1020.925310341179
2926.55,1410.896676559603,1515.6533234403971
1988.12,1787.9389131446005,200.18108685539937
4289.0,4893.207494575105,-604.2074945751046
2482.67,2084.25316549542,398.41683450458004
3106.21,1372.2292841341614,1733.9807158658386
1101.2,1887.8987610589306,-786.6987610589306
2909.01,3005.532511175304,-96.52251117530386
1806.62,2098.3170973709325,-291.6970973709326
4744.38,4234.712719943171,509.66728005682944
4834.75,1897.1165576404628,2937.633442359537
1435.14,1957.4310996212334,-522.2910996212333
5394.32,2613.103126201045,2781.2168737989546
2512.71,5409.7197915801025,-2897.0097915801025
721.91,1684.3908569023322,-962.4808569023322
516.79,943.5204054606063,-426.73040546060633
6807.79,4922.10919504925,1885.68080495075
1298.84,2845.2553091864006,-1546.4153091864007
3131.25,4062.527429455193,-931.2774294551932
6252.63,6464.020208745958,-211.39020874595826
8787.79,6233.745344230699,2554.044655769302
1210.14,2561.880735550685,-1351.740735550685
10965.17,12156.498288005505,-1191.3282880055049
4491.27,5681.803416329112,-1190.5334163291118
1158.57,1289.9516816041657,-131.3816816041658
3045.6,1404.74191100939,1640.85808899061
5159.54,4334.847995797052,824.6920042029478
1676.45,2073.8653689923317,-397.41536899233165
3167.41,2440.031190075121,727.3788099248791
1114.79,2337.8473101270406,-1223.0573101270406
2738.17,3069.8494199576467,-331.6794199576466
1434.54,1985.142729636724,-550.602729636724
5417.5,5056.982468540998,360.5175314590024
4037.72,5350.391337638518,-1312.6713376385183
3578.47,2796.093766597352,782.3762334026478
2566.21,1284.4447341280077,1281.7652658719924
1299.3,2270.068944916124,-970.7689449161242
719.14,1891.2593374947298,-1172.1193374947297
2645.94,1763.4631583982534,882.4768416017466
4689.92,3420.765452565655,1269.1545474343452
1341.73,1914.8964777105546,-573.1664777105545
1574.53,2753.3041668601904,-1178.7741668601905
2085.28,1303.5490872894566,781.7309127105436
2933.51,2026.0617650800393,907.4482349199609
4051.89,5117.02481060594,-1065.13481060594
3565.41,3998.5200483146104,-433.1100483146106
1379.49,1418.457297232077,-38.967297232077044
1698.81,1837.2851970349723,-138.47519703497233
943.25,1010.428750410878,-67.17875041087802
2692.32,2033.1532247603382,659.166775239662
3852.79,2147.0189754157104,1705.7710245842895
2696.58,3892.151335745089,-1195.571335745089
1157.45,1644.8332546206739,-487.3832546206738
5890.9,4151.805727389529,1739.0942726104704
2877.4,1703.781561197832,1173.6184388021682
2476.8,1569.6941541194683,907.1058458805319
4959.39,4630.068442961369,329.321557038631
1563.56,2816.3918915140157,-1252.8318915140158
6404.09,4028.5311521717626,2375.5588478282375
1422.75,2461.7327109752378,-1038.9827109752378
1255.92,900.0033776529009,355.9166223470992
2372.06,3369.8501591244412,-997.7901591244413
483.24,1080.7326682033486,-597.4926682033486
783.96,1395.6546952948484,-611.6946952948483
411.42,635.9895301552276,-224.5695301552276
1226.43,1750.851530105163,-524.4215301051629
1746.54,3084.2405432329165,-1337.7005432329165
5116.83,1218.9164450178102,3897.9135549821895
5736.39,4437.905583564363,1298.4844164356373
685.69,1716.8508897307502,-1031.1608897307501
549.0,1275.6958357165165,-726.6958357165165
244.82,1303.3993202597665,-1058.5793202597665
4259.52,5746.052612140991,-1486.5326121409908
6159.16,5415.410217503258,743.7497824967422
6143.89,3946.9618574180686,2196.9281425819318
612.69,1575.3467430150738,-962.6567430150737
4360.82,4227.836373924819,132.98362607518084
3905.84,4320.344966048726,-414.5049660487257
4012.73,2436.9329980101256,1575.7970019898744
6033.64,5522.577124831827,511.0628751681734
3723.78,6101.237656014514,-2377.4576560145138
1932.75,3866.449684131948,-1933.6996841319478
2600.09,5150.014821174406,-2549.924821174406
1428.46,1339.5171529905135,88.94284700948651
6057.73,5210.978276561099,846.7517234389006
1866.16,4436.244198003793,-2570.084198003793
3211.0,3021.8591886756208,189.14081132437923
1394.23,2625.2103922126016,-1230.9803922126016
9093.79,5660.924656890849,3432.8653431091516
859.61,1042.5700859101412,-182.96008591014117
2185.28,4922.109214118752,-2736.8292141187517
5134.7,3548.2652118340898,1586.43478816591
2532.33,2081.9230139765987,450.40698602340126
626.29,661.3625100718168,-35.07251007181685
1853.9,2533.9184231822987,-680.0184231822986
694.0,915.9538727197765,-221.95387271977654
1540.53,3115.532480565382,-1575.0024805653818
3184.69,6225.477306884954,-3040.7873068849535
3985.56,2017.6816463888556,1967.8783536111443
649.41,1421.3875239635004,-771.9775239635004
6792.78,4177.195934426432,2615.5840655735674
938.62,1717.039596505391,-778.419596505391
2752.6,1333.5921420149907,1419.0078579850092
1569.7,1813.3314476526996,-243.63144765269953
6615.34,6275.034075429119,340.30592457088096
1385.16,815.970093005605,569.1899069943951
527.88,1991.2432445390036,-1463.3632445390035
4067.17,7759.7325049398105,-3692.5625049398104
851.07,1611.403751593616,-760.3337515936161
2137.71,2482.112944441005,-344.4029444410048
2160.35,2877.235493636017,-716.8854936360171
1613.17,1068.6051664994427,544.5648335005574
1724.94,1769.9270700702107,-44.98707007021062
2893.42,2210.3576083074063,683.0623916925938
540.2,1242.564612989143,-702.3646129891429
1823.58,2827.9233585576853,-1004.3433585576854
1224.89,3978.1214970771384,-2753.2314970771386
843.66,1829.6686738646947,-986.0086738646947
441.55,1277.8239258617255,-836.2739258617255
984.95,2080.562885909594,-1095.612885909594
7493.57,7157.816744166906,335.75325583309404
2946.13,1967.065572460898,979.0644275391021
2085.64,2608.762543940211,-523.122543940211
836.01,754.1341876738508,81.87581232614923
2029.82,2838.396630456041,-808.5766304560409
2247.67,1613.82454785254,633.84545214746
1296.88,3549.1455852485087,-2252.2655852485086
807.02,1458.5652056974052,-651.5452056974052
2005.96,2600.049267019853,-594.0892670198527
527.53,2334.69460463834,-1807.16460463834
344.93,1438.0767119273794,-1093.1467119273793
904.15,1016.3538632136746,-112.2038632136746
865.43,3195.8550271264903,-2330.4250271264905
8838.57,3588.4781341174144,5250.091865882585
12019.28,8813.080475232922,3206.1995247670784
927.35,1306.7435210295305,-379.39352102953046
1526.54,2292.124711697194,-765.584711697194
4219.19,4995.288361529815,-776.0983615298155
1011.42,2685.6666865407833,-1674.2466865407832
610.19,3973.863261847502,-3363.673261847502
3119.58,1943.698384590112,1175.881615409888
2317.38,2893.690898125862,-576.310898125862
4865.84,3875.6380387289,990.2019612711001
812.71,2526.2026465911445,-1713.4926465911444
827.72,1087.7603433770498,-260.0403433770498
531.58,842.9080337489589,-311.3280337489589
6361.17,4558.461553589149,1802.7084464108511
2743.58,1853.4449656625502,890.1350343374497
2133.7,6430.96205403428,-4297.2620540342805
824.7,1768.4875443039666,-943.7875443039666
2161.73,1308.4123797623254,853.3176202376746
2046.68,1081.2871207226108,965.3928792773893
3887.69,3378.387179692556,509.3028203074441
3440.95,1814.8274018538575,1626.1225981461423
11976.85,10276.93882093065,1699.9111790693496
815.1,1802.05760342159,-986.9576034215901
575.19,1999.6264686470759,-1424.4364686470758
2327.23,3797.4133888267233,-1470.1833888267233
2287.04,3010.58258000643,-723.54258000643
823.89,1116.0403530401006,-292.15035304010064
3740.67,2980.813480900822,759.8565190991781
2211.47,2957.7531733711235,-746.2831733711237
741.29,1424.050380647848,-682.760380647848
3881.03,4377.487260691752,-496.45726069175225
1337.66,2666.7494629483454,-1329.0894629483453
3982.05,4568.012374147045,-585.962374147045
677.64,1331.5837360198066,-653.9437360198066
2159.99,3803.335665535879,-1643.345665535879
1069.73,2165.5285341813906,-1095.7985341813906
3644.64,3723.1597820162206,-78.51978201622069
566.28,1091.5873390414347,-525.3073390414347
1386.79,1873.883653819269,-487.0936538192691
3313.45,1797.189727594171,1516.2602724058288
2535.08,1926.9135045483567,608.1664954516432
369.44,1035.1895627350184,-665.7495627350183
2204.58,1083.850027859493,1120.729972140507
2741.29,3399.3929232313862,-658.1029232313863
1042.49,1669.7424935915126,-627.2524935915126
1535.05,1479.856306516964,55.193693483035986
3041.95,2186.774787401894,855.1752125981056
1686.97,4042.2882968662534,-2355.318296866253
1620.49,2815.2802163522338,-1194.7902163522338
3823.7,1894.3110050819496,1929.3889949180502
4063.61,3071.7552037054297,991.8547962945704
2049.67,3044.406116103602,-994.736116103602
2688.52,4280.0663707088825,-1591.5463707088825
928.54,1250.5484405426537,-322.0084405426537
13769.15,4993.381878519354,8775.768121480645
1091.69,1238.269921589691,-146.5799215896909
3184.56,2158.6825567257306,1025.8774432742694
2211.27,947.8462055087576,1263.4237944912425
4586.58,7620.547105084085,-3033.9671050840852
2681.51,2545.9360363120336,135.57396368796663
980.11,1453.847424493064,-473.73742449306394
3373.7,3635.0861878794003,-261.3861878794005
1282.69,2496.5550280014704,-1213.8650280014704
5210.45,2568.8006664850354,2641.6493335149644
885.03,1811.8507653158451,-926.8207653158452
2271.82,2567.7382840228934,-295.9182840228932
1077.92,2518.6114326903344,-1440.6914326903343
2810.54,3061.7415304513306,-251.20153045133065
3455.26,2769.2395413621657,686.0204586378345
3285.42,3471.278205544826,-185.85820554482598
2491.99,3807.3628492253274,-1315.3728492253276
5169.54,3871.4112163410555,1298.1287836589445
2963.55,3951.4555807737665,-987.9055807737664
557.7,964.8050108474602,-407.1050108474601
8524.39,6271.013294396318,2253.3767056036813
3605.41,2587.186147414606,1018.2238525853941
3842.45,6210.943209013606,-2368.4932090136062
15523.43,10466.712230257612,5056.717769742389
11170.31,6171.977353287676,4998.332646712323
2602.97,3729.9412052911357,-1126.971205291136
3681.96,1300.4215217224698,2381.53847827753
2700.53,1566.0295378366166,1134.5004621633836
1430.06,2468.1845996290003,-1038.1245996290004
1943.92,2155.0130922218636,-211.09309222186357
6135.53,4721.915227565249,1413.614772434751
3596.66,3963.1508848175267,-366.4908848175269
2299.58,3051.6605838544247,-752.0805838544247
378.25,1473.3917479563247,-1095.1417479563247
2081.48,2117.2787902494424,-35.79879024944239
2504.3,1810.8539077458818,693.4460922541184
545.44,1008.7827531339219,-463.34275313392186
2070.57,3940.218010143306,-1869.6480101433058
1919.37,3450.6307341443357,-1531.2607341443359
1734.13,1942.4663326754674,-208.33633267546725
2015.97,1730.5629350166614,285.4070649833386
1609.77,1543.7141091359174,66.05589086408258
1663.08,1456.1087267592106,206.9712732407893
1554.99,1339.6613624604252,215.32863753957486
14186.65,9468.007457782225,4718.6425422177745
797.45,1266.5842293786636,-469.1342293786636
577.16,958.4062894196599,-381.2462894196599
2252.51,2256.7626370399166,-4.252637039916408
7509.75,2972.143197290889,4537.606802709111
1476.96,3034.791667829153,-1557.831667829153
3190.75,3695.615096884878,-504.86509688487786
2392.7,2128.7030375378117,263.9969624621881
2835.09,2032.2810140713061,802.808985928694
915.19,2886.356760880369,-1971.166760880369
931.88,831.5686388421217,100.31136115787831
6738.9,3914.8678805216764,2824.0321194783232
4421.13,3562.6512360528627,858.4787639471374
965.49,1418.440616022212,-452.950616022212
2832.78,4932.242231343397,-2099.462231343397
923.61,1365.5758235523347,-441.96582355233465
3364.5,1288.7574881456967,2075.7425118543033
3424.87,2482.899949428996,941.9700505710039
1927.62,1551.9447582657208,375.6752417342791
986.11,1474.7708032937524,-488.66080329375234
3023.04,3693.148420065932,-670.108420065932
4284.88,1780.1971301161661,2504.682869883834
558.54,977.6604097392344,-419.12040973923445
2231.02,1261.628925791382,969.391074208618
3072.4,1831.7972691498485,1240.6027308501516
556.26,3657.6907987677077,-3101.4307987677075
1331.93,1197.2257051787851,134.70429482121494
2744.75,2395.5873452609876,349.1626547390124
863.61,2208.1730380661447,-1344.5630380661446
4064.61,2940.7737185809883,1123.8362814190118
1700.14,2536.0874277184953,-835.9474277184952
1655.92,2249.292443605449,-593.372443605449
359.76,1056.9540728231734,-697.1940728231734
2238.02,4407.180992863241,-2169.160992863241
1172.35,1895.5610638464332,-723.2110638464333
1349.67,1329.247086124503,20.422913875496988
1016.91,2254.8079723105275,-1237.8979723105276
14995.06,13031.924751068986,1963.1352489310138
1156.57,3759.990692680016,-2603.420692680016
3231.0,1803.8861131563622,1427.1138868436378
13941.61,11301.565306714103,2640.0446932858977
609.66,1075.6842583307985,-466.0242583307985
762.48,1150.4702243970105,-387.9902243970105
544.35,994.6724951915645,-450.3224951915645
936.36,2360.6068642181617,-1424.2468642181616
2381.03,3004.3814557119395,-623.3514557119393
509.84,1607.6917478564774,-1097.8517478564775
861.17,1183.919278495708,-322.74927849570815
5696.69,4945.359045773231,751.3309542267689
1200.15,1378.676152997265,-178.52615299726494
4657.82,4357.151315509797,300.6686844902024
1401.62,2423.177227479355,-1021.5572274793553
1409.55,1498.4620208052784,-88.91202080527842
10746.79,6025.881257649764,4720.908742350237
497.8,1027.3613931074278,-529.5613931074279
1940.38,2130.3225976815565,-189.94259768155644
1279.52,2065.5834982863444,-786.0634982863444
1116.54,2589.9705228510215,-1473.4305228510216
721.9,1886.5830740033819,-1164.683074003382
1570.8,2595.5511284757326,-1024.7511284757327
1318.34,2266.6959662142326,-948.3559662142327
3183.43,1065.2481919110858,2118.1818080889143
1302.41,2229.7349249761346,-927.3249249761345
2649.2,2080.0142438494026,569.1857561505972
980.49,1517.2726489542492,-536.7826489542492
1412.06,2561.0456624573126,-1148.9856624573126
1737.68,1423.850538241092,313.8294617589081
1629.69,1681.3614069298853,-51.67140692988528
5418.2,3723.724931398422,1694.4750686015777
6010.74,5103.70702166623,907.0329783337702
11410.65,11855.382782901985,-444.73278290198505
4228.52,7651.858265740651,-3423.338265740651
1052.27,2503.6296359349544,-1451.3596359349544
920.19,1219.3932801018495,-299.2032801018495
1079.03,1972.3834841676146,-893.3534841676146
5278.2,4234.532456138113,1043.6675438618868
7106.8,3928.299694195643,3178.500305804357
3214.5,2981.808574463215,232.69142553678512
3996.93,3544.1785160813606,452.7514839186392
3912.23,2047.721310121376,1864.508689878624
1834.51,3405.659172379919,-1571.1491723799188
3195.32,4227.242971706074,-1031.922971706074
2620.64,1736.1238800851697,884.5161199148301
1278.13,4411.078365926483,-3132.9483659264824
2040.48,3489.0608285564435,-1448.5808285564435
2631.69,1849.4666939361066,782.2233060638935
1950.76,2505.3057017335223,-554.5457017335223
3877.23,4526.319050631979,-649.0890506319788
5372.55,3681.925294612118,1690.6247053878824
8798.36,4369.034724132277,4429.325275867724
2071.96,4041.1718218139417,-1969.2118218139417
1585.31,1066.8447871201906,518.4652128798093
1971.81,2402.0538189151666,-430.2438189151667
1616.27,1489.890311861954,126.37968813804605
552.1,1750.7431958642455,-1198.6431958642456
1523.55,1362.1183170842041,161.43168291579582
339.81,1077.9933834017522,-738.1833834017523
173.13,1151.477316930433,-978.3473169304331
8443.54,7206.684040435905,1236.8559595640954
739.3,974.6039824508399,-235.30398245083995
8513.68,6396.043992832223,2117.6360071677773
5931.8,4307.639799122586,1624.1602008774144
980.53,3062.39534203036,-2081.86534203036
1881.75,2634.318163651653,-752.5681636516529
1453.12,901.47061222334,551.6493877766599
15957.15,5942.925718689712,10014.224281310288
1707.5,1529.5305935110937,177.96940648890632
1250.93,2146.654748559935,-895.7247485599348
5965.33,4469.3972477532725,1495.9327522467274
879.23,4187.081348743717,-3307.851348743717
1625.87,1537.1931251304711,88.67687486952877
1247.13,2958.888097155779,-1711.758097155779
7811.16,5085.457224645028,2725.702775354972
3300.84,2616.1912633667757,684.6487366332244
1132.43,1494.7336221861256,-362.3036221861255
7676.73,4920.358475319686,2756.371524680314
4140.33,3028.6329965904524,1111.6970034095475
2753.37,3104.3824750176414,-351.01247501764146
7465.82,3067.7511304171235,4398.068869582876
8574.3,6167.79176281931,2406.5082371806893
1121.68,1881.5361865897491,-759.8561865897491
2714.41,4592.727812684937,-1878.317812684937
1107.44,1570.2116857480726,-462.7716857480725
1691.37,1813.0768876517664,-121.70688765176646
1523.93,1323.4005145754952,200.52948542450486
3519.23,9290.852023810987,-5771.622023810987
2469.6,2333.2008832105075,136.39911678949238
4304.3,3930.8507638604533,373.4492361395469
1625.26,3685.921179702378,-2060.661179702378
1861.99,3157.4597078876386,-1295.4697078876386
2262.02,1941.9526874595233,320.0673125404767
951.54,1729.1975936213732,-777.6575936213733
453.2,1027.5942758091003,-574.3942758091002
3380.91,2897.3989330206505,483.5110669793494
610.78,1043.7926208785566,-433.0126208785566
3891.84,3029.154230846818,862.6857691531823
2228.12,2831.6746481972855,-603.5546481972856
1472.02,2364.540749985395,-892.520749985395
1670.26,1834.0136054720917,-163.75360547209175
6591.15,4185.917207226311,2405.2327927736887
5067.05,4440.643404078888,626.4065959211121
620.89,1101.9911212519137,-481.1011212519137
798.97,1291.3473815333844,-492.3773815333843
5324.98,6544.200414541908,-1219.2204145419082
6627.77,9193.031123849136,-2565.2611238491354
806.57,1134.7127417335114,-328.14274173351134
343.35,1035.6090972832121,-692.2590972832121
5634.57,4822.148143879826,812.4218561201733
1958.66,2605.178266299128,-646.5182662991281
1339.38,2482.0865256773427,-1142.7065256773426
6213.63,3096.918418954621,3116.7115810453793
2443.24,2411.186675836535,32.05332416346482
5333.0,2224.0720132569318,3108.9279867430682
1218.05,1570.3357365097477,-352.2857365097477
195.18,2000.363412689051,-1805.183412689051
8568.7,2550.406927683302,6018.293072316699
693.52,1481.4274010610584,-787.9074010610584
1037.64,1475.7789951442091,-438.13899514420905
1906.57,2280.3170823724076,-373.7470823724077
5568.78,6201.335525637268,-632.5555256372681
3718.55,7763.355456119021,-4044.805456119021
821.28,1602.2518052771388,-780.9718052771389
1965.86,1287.7081204859016,678.1518795140983
1791.7,983.1808160180474,808.5191839819527
535.54,1526.0568779085643,-990.5168779085643
1030.11,2386.411377336315,-1356.3013773363152
2288.1,2656.3428296955985,-368.24282969559863
14752.78,6596.456500883681,8156.32349911632
1454.54,2344.722004399811,-890.1820043998109
2262.49,4005.9409534186157,-1743.4509534186159
779.49,1504.332278999587,-724.842278999587
913.31,1226.2808986778325,-312.97089867783257
3943.95,4410.47141721773,-466.52141721773023
8367.25,14576.960153977245,-6209.710153977245
472.19,1274.0016232703404,-801.8116232703403
3871.88,4324.007793982657,-452.12779398265684
2152.23,3026.124172230726,-873.8941722307259
1685.15,1131.171462898143,553.978537101857
2878.27,7911.223660673598,-5032.953660673598
9818.86,3494.4112159079414,6324.448784092059
6714.52,6953.043375337974,-238.52337533797345
1532.02,2830.3263417398125,-1298.3063417398125
1837.35,1173.1322322394135,664.2177677605864
5227.85,7922.420783845586,-2694.5707838455855
2085.36,3030.135056280413,-944.7750562804131
811.1,3458.2455605038813,-2647.1455605038814
1220.98,3038.320299954304,-1817.340299954304
5405.49,5775.650364179917,-370.16036417991745
1347.6,1353.0186342860334,-5.418634286033466
2655.01,1570.6900584642956,1084.3199415357046
2075.26,1722.9347019946094,352.3252980053908
15013.38,11618.440386788066,3394.9396132119327
1658.93,3140.6534415163537,-1481.7234415163537
1462.64,2000.8805746599564,-538.2405746599563
2322.58,3571.1075934632595,-1248.5275934632596
1011.4,1410.2473445390867,-398.84734453908675
4556.91,3959.2101078546293,597.6998921453705
2374.05,1575.6684067796648,798.3815932203354
2520.34,1630.7023926886495,889.6376073113506
1657.13,1344.2635780826643,312.86642191733586
3706.35,3020.705523015347,685.644476984653
1502.91,1712.5799981283164,-209.66999812831637
1574.52,1910.4447348423314,-335.9247348423314
5706.77,4461.166806859833,1245.6031931401676
4322.78,3597.4108416963054,725.3691583036943
1045.93,1170.7546291985336,-124.82462919853356
2102.32,2227.1232061691803,-124.80320616918016
1324.84,803.966393860356,520.8736061396439
2455.09,2556.3650298220496,-101.27502982204942
2830.9,1568.3356764622222,1262.564323537778
1095.89,2333.390645513505,-1237.500645513505
1378.27,2123.3818737853812,-745.1118737853812
1556.75,1658.7531476772442,-102.00314767724421
1883.23,3295.0739539375286,-1411.8439539375286
1114.83,2910.7996218845356,-1795.9696218845356
378.76,1682.803246090484,-1304.043246090484
2954.62,4038.6927268312124,-1084.0727268312125
197.07,1741.7869895522053,-1544.7169895522054
7829.13,7606.355946306218,222.77405369378175
2335.75,1269.5542531561557,1066.1957468438443
2894.9,2034.4707552870746,860.4292447129255
4952.3,2870.5282745644804,2081.77172543552
1567.46,1317.4331100061208,250.0268899938792
3643.81,1557.7334874959163,2086.0765125040834
2616.63,3942.650865523905,-1326.0208655239048
4289.98,2842.3609554014006,1447.619044598599
1099.04,1583.5032496639462,-484.46324966394627
5885.68,7433.024389980025,-1547.344389980025
1650.75,2369.375621542408,-718.6256215424082
5056.38,5951.533167322476,-895.1531673224763
2147.2,4209.8936166069725,-2062.6936166069727
1069.97,1541.7676526762614,-471.79765267626135
989.26,967.1998988869816,22.06010111301839
1761.73,1744.5910835510308,17.138916448969212
3374.81,3240.976039329247,133.83396067075273
3748.98,2747.575375609529,1001.4046243904709
2680.0,3833.3778203579413,-1153.3778203579413
3486.69,2603.492138021804,883.1978619781962
7256.32,6704.0958259301515,552.2241740698482
8646.52,4617.885280675995,4028.6347193240053
1890.46,1934.2299872479464,-43.76998724794635
3095.13,5433.064602641035,-2337.934602641035
6482.37,2647.246930809186,3835.123069190814
11428.89,10810.035217875531,618.8547821244683
1512.04,3369.4843205085394,-1857.4443205085395
898.55,2494.0778098872047,-1595.5278098872047
3055.15,2324.8490741416686,730.3009258583315
958.04,1053.5578309700331,-95.51783097003317
1626.55,2515.2232231184407,-888.6732231184408
6537.98,7426.723554847397,-888.7435548473977
2842.53,2494.722354587391,347.8076454126094
1442.7,1943.0909554334542,-500.3909554334541
960.13,1852.1419543788331,-892.0119543788331
5138.76,5839.417192271623,-700.657192271623
2307.17,2925.4474205192614,-618.2774205192613
1023.46,1356.3749520314555,-332.9149520314554
5202.59,4819.304462276006,383.2855377239939
4035.33,5398.909812499582,-1363.5798124995817
2838.17,1929.3515051083434,908.8184948916567
4592.39,3481.458592839763,1110.9314071602375
1187.54,1872.9785916721855,-685.4385916721856
588.2,1508.7902790875848,-920.5902790875848
550.74,747.5130279123662,-196.77302791236616
2535.04,2735.550682251436,-200.5106822514358
7599.04,2499.173840367712,5099.866159632288
975.82,1374.6994740406137,-398.8794740406137
6234.55,4139.068078132038,2095.4819218679622
1502.58,2094.6180886630586,-592.0380886630587
1026.29,1972.8165885243054,-946.5265885243055
2837.93,2355.6800709661557,482.2499290338442
1753.02,1667.5491346874705,85.47086531252944
1114.16,964.0375429520033,150.12245704799682
3355.44,3322.1769397039448,33.2630602960553
2643.38,2814.3988693599113,-171.01886935991115
3761.55,2568.8447852796708,1192.7052147203294
1073.9,1794.598951378087,-720.6989513780868
3052.8,2283.9076689680765,768.8923310319237
875.37,1962.270795785233,-1086.9007957852332
4929.93,5576.024790437776,-646.0947904377754
2663.54,3793.2326835166045,-1129.6926835166046
761.95,1853.938047471822,-1091.988047471822
790.25,1626.3202748896326,-836.0702748896326
1875.11,1643.3855476957378,231.72445230426206
335.99,1594.5361871200514,-1258.5461871200514
693.18,2556.2296576207723,-1863.0496576207725
717.11,1781.2083377222407,-1064.0983377222406
1824.33,1303.0293469924684,521.3006530075315
3984.34,2167.757485544671,1816.5825144553291
523.54,1757.3269738796305,-1233.7869738796305
2445.99,1539.2399966288235,906.7500033711763
3701.91,3458.511470584244,243.398529415756
740.2,1494.5564623763048,-754.3564623763048
3702.53,2272.975011388724,1429.5549886112763
580.31,883.6652150514685,-303.3552150514686
4805.15,2463.141150178889,2342.0088498211107
1509.41,1692.7119122809347,-183.30191228093463
8769.83,6846.881712930071,1922.9482870699285
2642.72,2567.5016102606805,75.21838973931926
524.33,1327.4784305076694,-803.1484305076693
7850.82,5027.668753752773,2823.1512462472265
11092.23,3317.660463519941,7774.569536480059
2780.44,3696.184448239869,-915.7444482398691
1929.09,1953.4962548144533,-24.406254814453405
1957.49,1942.2668312867033,15.223168713296673
6584.68,5425.9898716319385,1158.6901283680618
1412.06,2670.0841737931482,-1258.0241737931483
5388.35,4057.37326786813,1330.9767321318704
3173.72,3074.7410167044377,98.9789832955621
5225.7,4504.658959130474,721.0410408695261
1332.98,2214.925977590065,-881.945977590065
16044.14,10451.565564892768,5592.574435107232
1353.6,2029.8081608738287,-676.2081608738288
254.54,1824.1480880231313,-1569.6080880231314
1584.05,3846.987427319942,-2262.937427319942
2119.07,2344.2415881938296,-225.1715881938294
1488.6,2431.6161665080836,-943.0161665080836
5906.68,3444.7437615475055,2461.9362384524948
1022.11,1888.3077568206434,-866.1977568206433
1596.17,1977.5658323828598,-381.3958323828597
875.59,1442.2385854202444,-566.6485854202443
1244.03,4535.268082962796,-3291.2380829627964
2436.61,1482.0879872903035,954.5220127096966
1280.53,2763.9517953389436,-1483.4217953389436
2588.77,1984.8951061773682,603.8748938226317
5321.49,2886.880202949333,2434.6097970506667
3603.72,2539.905518753659,1063.8144812463406
1497.51,1550.3815797315149,-52.871579731514885
591.58,1280.7250252664908,-689.1450252664907
1820.38,1763.1609522741633,57.219047725836845
2829.12,2614.945016042341,214.1749839576587
649.01,4160.017812400637,-3511.007812400637
3794.67,4688.6041829598835,-893.9341829598834
2314.33,5272.499510209007,-2958.169510209007
4086.24,1951.9885997090662,2134.251400290934
619.56,1296.689459914078,-677.1294599140781
1221.58,2247.9274032414196,-1026.3474032414197
3457.98,2896.3449014403072,561.6350985596928
624.98,708.5615285627616,-83.5815285627616
888.25,1335.7046229301761,-447.45462293017613
5275.27,2914.491380573529,2360.7786194264713
11670.31,8010.348945647243,3659.961054352756
4300.62,6758.938326056883,-2458.318326056883
2181.93,5135.3666107971985,-2953.4366107971987
915.05,1052.3034457627366,-137.25344576273665
4608.26,4650.344247532771,-42.08424753277086
971.78,2855.989782023468,-1884.2097820234678
2232.13,2245.473335099347,-13.34333509934686
6992.25,3905.615687672726,3086.634312327274
4453.05,2652.9783898235773,1800.0716101764228
3423.57,4046.5088352861535,-622.9388352861533
628.76,951.7559341145211,-322.9959341145211
2719.93,3402.4882015863695,-682.5582015863697
5304.63,6376.955113760332,-1072.325113760332
19841.53,18279.0615579909,1562.4684420090998
6175.24,4637.629397129997,1537.6106028700024
8017.88,7828.758842707726,189.1211572922739
5858.01,2933.54878429289,2924.46121570711
12381.91,7729.272670380561,4652.637329619439
545.45,1641.4640308382875,-1096.0140308382875
3956.06,3112.232656506568,843.8273434934317
1270.8,2555.632367877586,-1284.8323678775862
964.13,1450.014130910121,-485.8841309101209
2090.32,2092.88828010456,-2.568280104560017
962.06,932.5129467759551,29.547053224044816
2859.39,1857.261101390425,1002.1288986095749
668.25,1444.5332530471708,-776.2832530471708
996.02,3089.958447336698,-2093.938447336698
844.36,1703.468887595776,-859.1088875957761
1653.03,1805.4733953144846,-152.44339531448463
1268.59,1161.702614517933,106.88738548206697
1239.7,2472.743389209572,-1233.0433892095718
8339.46,8050.715988917421,288.74401108257825
4208.22,3562.328395774427,645.8916042255732
870.61,1118.0251641406037,-247.41516414060368
4786.29,3261.2892121792,1525.0007878207998
818.5,1360.4219479794217,-541.9219479794217
1216.66,1636.8160129608293,-420.15601296082923
909.03,2493.909213960374,-1584.879213960374
594.18,830.5580340329293,-236.37803403292935
6103.07,3539.776141964308,2563.2938580356918
4018.77,1580.3387511725275,2438.4312488274727
859.78,1373.3193692524703,-513.5393692524704
3521.69,2826.2788080201763,695.4111919798238
2369.11,2887.4594752845737,-518.3494752845736
1564.65,1534.8721912649632,29.777808735036842
1815.42,3348.10558505421,-1532.6855850542102
4023.36,4751.016316145075,-727.6563161450745
6654.57,7908.082948653113,-1253.5129486531132
1278.24,1984.4189193184327,-706.1789193184327
3792.72,3584.8924263676827,207.82757363231713
485.97,1132.9930915141156,-647.0230915141155
1959.86,2898.130713732901,-938.270713732901
1218.24,1408.8894667134596,-190.64946671345956
2163.77,2902.4279146112017,-738.6579146112017
3546.24,3201.4662851065455,344.7737148934543
5855.52,2816.0303392594333,3039.489660740567
1251.62,893.3434494777414,358.2765505222585
1976.03,2835.004727405726,-858.9747274057261
5220.38,1835.862514593085,3384.517485406915
2633.19,1605.2189108279833,1027.9710891720167
866.83,1296.7748421533263,-429.94484215332625
673.15,1257.5009899759793,-584.3509899759794
5437.01,5420.320176248518,16.689823751482436
942.21,1318.5433541661635,-376.3333541661634
4059.61,1942.4118429926905,2117.1981570073094
1162.06,1706.4261197599353,-544.3661197599354
577.47,2958.6092161693946,-2381.139216169395
2086.56,4387.855694101273,-2301.295694101273
1085.11,1949.9691395399254,-864.8591395399255
803.35,1318.2063415932203,-514.8563415932202
12145.5,7357.196671698354,4788.303328301646
12432.48,6807.7440113259845,5624.735988674015
3151.96,3458.587763998795,-306.62776399879476
4309.29,3102.578015039937,1206.711984960063
2641.59,2667.0997146434975,-25.50971464349732
1473.87,2469.992027682181,-996.1220276821809
352.18,2115.2804265606246,-1763.1004265606246
3104.74,4609.817066818154,-1505.077066818154
765.3,4652.951079556683,-3887.651079556683
1547.03,2491.1014565774067,-944.0714565774067
4913.96,1933.2503631062868,2980.709636893713
594.11,1153.7483563795863,-559.6383563795863
1528.29,1162.743873913154,365.546126086846
4433.84,5667.668331061509,-1233.8283310615088
1774.77,1488.174618979596,286.5953810204039
1933.27,1851.9751813869022,81.29481861309773
2017.37,2538.8959058060727,-521.5259058060728
4891.47,3280.7264072695475,1610.7435927304527
3183.0,2193.4833707162547,989.5166292837453
1794.53,2392.3052776060285,-597.7752776060286
1334.91,4148.177137473867,-2813.2671374738675
2519.71,2042.7389151003429,476.97108489965717
2601.86,2111.6898733088597,490.17012669114047
1847.96,3261.6567926879316,-1413.6967926879315
1236.0,1776.4455953675752,-540.4455953675752
1188.0,1892.0009503010583,-704.0009503010583
2192.8,3549.1530969212536,-1356.3530969212534
3771.67,2909.378147427335,862.291852572665
536.06,734.5594283531605,-198.4994283531605
6167.16,2327.666614915625,3839.493385084375
2814.99,2297.404827023028,517.585172976972
5421.67,3769.8066243501708,1651.8633756498293
561.01,1548.0739468898137,-987.0639468898137
6612.46,7092.8997941916505,-480.43979419165044
3379.56,2163.5913984057083,1215.9686015942916
3073.84,3043.7130524825893,30.126947517410827
6228.31,3204.1900847620504,3024.11991523795
2103.99,1270.9204145679041,833.0695854320957
3445.44,2094.8576732785364,1350.5823267214637
4911.95,6108.041857468628,-1196.0918574686284
2136.89,1972.737550859577,164.15244914042296
513.51,1677.3802803383305,-1163.8702803383305
4346.14,4493.170692783599,-147.03069278359908
2692.57,2632.6945719296928,59.87542807030741
1883.15,1213.2562652383745,669.8937347616256
1661.44,2341.6944714216465,-680.2544714216465
1774.72,2230.8011752659118,-456.0811752659117
1057.54,1091.4823678159576,-33.942367815957596
881.93,1606.5600475251758,-724.6300475251759
1799.82,1972.1664906945837,-172.34649069458374
1332.16,3762.12631918358,-2429.96631918358
1386.13,2195.7971202311805,-809.6671202311804
10038.53,5899.752908842071,4138.77709115793
2799.36,2954.734582046645,-155.37458204664472
967.44,1585.814464815466,-618.3744648154659
1165.92,2275.62416564386,-1109.70416564386
1832.27,1304.5511036983978,527.7188963016022
1840.35,2236.0486231719033,-395.69862317190336
1696.62,1713.2865424800245,-16.666542480024646
871.73,3045.951427289128,-2174.221427289128
4611.23,6097.535179096442,-1486.3051790964428
9383.8,5894.243320209779,3489.55667979022
827.32,1632.112674962249,-804.792674962249
6093.34,4034.9674802550485,2058.3725197449517
2132.7,2744.8618738637306,-612.1618738637308
1564.12,1315.2938135972643,248.82618640273563
1347.15,1535.8191153586083,-188.66911535860822
580.94,3257.565955024427,-2676.6259550244267
3946.34,3218.04324916236,728.29675083764
4414.66,3666.9100981864203,747.7499018135795
7844.58,5399.460700035059,2445.119299964941
2495.87,2344.0578144837145,151.81218551628535
1282.3,1500.0804190477866,-217.7804190477866
1244.41,1753.0729445811246,-508.6629445811245
2296.39,2256.6250052134296,39.76499478657024
516.22,1398.579976737038,-882.3599767370379
1704.39,1964.5528048631506,-260.16280486315054
9746.69,7018.245746951777,2728.444253048224
3371.63,2434.4349446282886,937.1950553717115
1105.21,2295.292631451187,-1190.082631451187
5802.39,6092.967425824264,-290.5774258242636
2956.44,2510.534929829611,445.9050701703891
1468.75,4012.8284718211394,-2544.0784718211394
880.12,1448.3083255544873,-568.1883255544873
1341.15,1673.5934266949448,-332.4434266949447
2246.3,1630.504673275698,615.7953267243022
3735.38,3747.8519196148113,-12.471919614811213
1238.58,1918.6250109137097,-680.0450109137098
4472.62,3630.9008897819745,841.7191102180254
12970.28,4723.63105193188,8246.64894806812
508.87,1659.7062060670705,-1150.8362060670706
1361.63,1626.4799019011891,-264.849901901189
605.12,885.119572329602,-279.99957232960196
2982.45,2900.0489845201646,82.40101547983522
1870.25,2164.8199484098623,-294.56994840986226
5216.54,3824.4584718367987,1392.0815281632013
8303.04,4729.306763834931,3573.7332361650697
3806.95,3292.4161546516384,514.5338453483614
10030.36,5525.38694892753,4504.97305107247
1876.68,3283.6211638092964,-1406.9411638092963
1190.01,3263.110940481526,-2073.100940481526
1441.93,1477.3941207559246,-35.46412075592457
3006.71,1926.1163038521213,1080.5936961478787
987.84,1150.2171287660706,-162.37712876607054
1351.87,1751.5966098239821,-399.72660982398224
5986.48,3179.2242673196306,2807.255732680369
1499.33,1758.08050110694,-258.75050110693996
955.39,2744.4599203038115,-1789.0699203038116
814.48,1392.922320947494,-578.442320947494
2812.66,1924.551511096079,888.1084889039209
1314.33,1208.1522910117703,106.1777089882296
12020.29,7478.832152268132,4541.457847731869
1001.44,1028.2796495042292,-26.8396495042291
1975.71,2662.203088634208,-686.4930886342081
837.73,1750.8203601775056,-913.0903601775055
3458.44,3775.1933769511493,-316.7533769511492
3870.21,3771.8317125998838,98.37828740011628
1026.26,2192.7139810443614,-1166.4539810443614
745.51,2020.3194577602385,-1274.8094577602385
5196.22,3483.0780779546535,1713.1419220453467
644.5,1369.481762922683,-724.981762922683
10664.23,7635.074894171597,3029.155105828402
1933.02,1912.5914901985377,20.42850980146227
3558.53,1926.5339526722742,1631.996047327726
10656.23,9759.884073324884,896.3459266751161
6197.85,3299.850961536839,2897.9990384631615
2346.82,4291.362486279423,-1944.542486279423
9612.72,6228.077851477101,3384.6421485228984
842.63,1043.0319834624424,-200.40198346244244
874.9,1691.6484333919898,-816.7484333919898
816.94,715.7107657446414,101.22923425535862
334.42,743.2979715557141,-408.87797155571405
1821.49,2771.005792028582,-949.5157920285822
5762.73,2570.3288087178275,3192.401191282172
3935.61,3281.4461735763025,654.1638264236976
961.83,932.9515883344951,28.878411665504927
1902.03,3685.598627715053,-1783.5686277150533
2807.66,2295.9763907147317,511.6836092852682
885.85,2608.99728617891,-1723.1472861789102
5127.19,4515.650885962069,611.5391140379306
2086.69,4403.5917709031655,-2316.9017709031655
970.24,1428.0863484440383,-457.8463484440383
2273.48,2806.1517467612343,-532.6717467612343
3534.87,1797.5553396036946,1737.3146603963053
873.47,779.8794215503269,93.5905784496731
4939.82,3394.0895370455164,1545.7304629544833
2549.92,2558.0690747463045,-8.14907474630445
1170.97,2498.8772196737677,-1327.9072196737677
20492.01,9890.336896807214,10601.673103192785
3670.49,1964.699968571597,1705.7900314284027
672.37,1505.9440960918619,-833.5740960918619
3037.03,1863.122702651309,1173.9072973486911
2562.16,2778.378962556776,-216.2189625567762
2402.75,2194.5672306149113,208.1827693850887
1271.05,1318.7639416522802,-47.713941652280255
1832.06,1882.4247179059446,-50.364717905944644
717.22,1248.04034454563,-530.82034454563
1039.74,2437.7846092842183,-1398.0446092842183
3388.16,3314.379970877361,73.78002912263901
918.27,1068.2772564957531,-150.00725649575315
926.47,1863.613490352681,-937.143490352681
3966.25,2390.394461563294,1575.855538436706
836.02,920.2872587832659,-84.2672587832659
3377.95,2124.600537008775,1253.3494629912248
6865.5,4760.589305040623,2104.910694959377
2109.98,5196.022446173539,-3086.042446173539
2891.46,2360.579003634122,530.8809963658782
4821.21,2260.517307508503,2560.692692491497
3337.34,2276.4551042548264,1060.8848957451737
13324.34,4953.100827686823,8371.239172313177
2509.51,3116.5097082459483,-606.9997082459481
1168.14,1683.5257651401623,-515.3857651401622
5409.39,3370.550332929819,2038.8396670701813
615.66,1161.7831125249554,-546.1231125249554
684.52,950.4612471151395,-265.9412471151395
3963.12,3182.12205561601,780.9979443839898
3247.8,4270.286155970547,-1022.4861559705469
6164.25,3377.897859378124,2786.352140621876
3128.07,2764.390902197391,363.67909780260925
2993.2,3004.529337101461,-11.329337101461078
4211.02,3978.6136453999043,232.40635460009617
2394.18,2471.231329363236,-77.05132936323616
4328.45,6531.193807765965,-2202.7438077659654
4041.89,2254.408733093454,1787.481266906546
7238.38,3446.7940977805642,3791.585902219436
2027.52,3007.0575789986683,-979.5375789986683
1305.2,2811.9289139410953,-1506.7289139410952
1043.71,1320.7114305573443,-277.0014305573443
847.0,7711.750776359945,-6864.750776359945
2077.81,5467.742016710457,-3389.9320167104574
4733.51,3270.7428045114907,1462.7671954885095
2960.93,2270.571685108452,690.3583148915477
856.29,2267.340255429563,-1411.050255429563
1420.43,2087.1111991546604,-666.6811991546604
1779.12,3089.663532230447,-1310.543532230447
3429.27,4513.883822658943,-1084.6138226589433
6455.68,5776.126843844081,679.5531561559192
4299.22,1935.849959378117,2363.370040621883
2705.16,2763.1398261002228,-57.97982610022291
1455.41,2545.669340356698,-1090.2593403566977
1910.25,4296.918544479592,-2386.668544479592
970.55,1181.2991295028094,-210.7491295028094
3686.55,3883.3617911366855,-196.81179113668531
971.8,2014.7235138651063,-1042.9235138651063
3038.74,5098.888941433892,-2060.148941433892
4874.0,3015.5370351853417,1858.4629648146583
2654.29,2292.059663763197,362.23033623680294
2794.2,5719.099480717137,-2924.8994807171375
3445.91,2383.962043792858,1061.947956207142
18865.8,8744.603845706335,10121.196154293664
8178.4,7909.146788523939,269.25321147606064
2681.42,1256.8645015545444,1424.5554984454557
1893.1,1589.7978714852798,303.30212851472015
4478.61,6156.9682523723795,-1678.3582523723799
2312.87,4671.625914567014,-2358.755914567014
5402.18,2390.7093899600036,3011.4706100399967
1989.7,1859.8023362479605,129.89766375203953
1165.32,2500.0575333098213,-1334.7375333098214
2671.17,2405.1243393630093,266.04566063699076
1309.1,4219.772474581664,-2910.672474581664
4930.04,5473.216916113429,-543.1769161134289
2197.08,1715.4064269122534,481.6735730877465
2485.36,3610.511980685218,-1125.151980685218
2488.79,2437.8289051748056,50.96109482519432
1837.66,1411.055667516501,426.6043324834991
2188.8,3578.986445152249,-1390.1864451522488
1383.49,1701.2558563660348,-317.76585636603477
3350.08,4281.856987908694,-931.7769879086936
4101.18,3900.7362759693633,200.443724030637
1469.82,2409.6245241018805,-939.8045241018806
2992.39,3125.424499950808,-133.0344999508079
842.94,1898.9219504679434,-1055.9819504679433
4727.87,5499.019274638782,-771.1492746387821
4516.16,1912.4282792057822,2603.731720794218
1199.28,2333.891960448341,-1134.6119604483408
1251.56,2490.5910850852842,-1239.0310850852843
2368.76,1944.4192116890495,424.34078831095076
6495.92,5076.738050648986,1419.1819493510138
7225.31,9366.810829551005,-2141.5008295510042
1628.55,2372.3249953114614,-743.7749953114615
1498.01,2071.0952898969845,-573.0852898969845
1255.52,1771.026628488333,-515.506628488333
518.93,1480.0529429075139,-961.1229429075139
1087.8,1148.898751525583,-61.09875152558311
3425.58,3437.4668973543166,-11.886897354316716
5392.25,7321.09130505673,-1928.8413050567297
888.47,1674.3570576442767,-785.8870576442766
2736.47,2492.133548210188,244.3364517898117
4476.02,2910.5727601216463,1565.4472398783541
1652.88,1037.2506320994803,615.6293679005198
892.38,1658.5877888807988,-766.2077888807988
391.36,1487.9921726108955,-1096.6321726108954
2596.37,3600.5437570149697,-1004.1737570149699
544.1,1627.4189824993753,-1083.3189824993751
3519.53,2261.9604472489514,1257.5695527510488
1973.78,2382.6125820104203,-408.8325820104203
3053.83,4129.515313857227,-1075.685313857227
1644.75,8362.79992379557,-6718.04992379557
7843.58,3590.3217382143953,4253.258261785604
2060.48,1408.875252628261,651.604747371739
1239.17,1222.6689357921634,16.501064207836635
3868.09,4764.481922249078,-896.3919222490777
2375.92,2630.2504754646657,-254.3304754646656
1132.44,3332.3924927417606,-2199.9524927417606
733.48,1425.2975957892409,-691.8175957892408
777.12,2014.347328836384,-1237.227328836384
366.92,2119.1628684707894,-1752.2428684707893
4569.8,2699.3648454871773,1870.435154512823
5824.75,5627.051068321261,197.69893167873943
2359.13,3066.443876256304,-707.313876256304
542.01,1464.8876773914035,-922.8776773914035
7241.85,6096.7961660187575,1145.0538339812429
752.08,1344.122001601154,-592.0420016011539
1139.54,5549.230035549268,-4409.690035549268
130.0,2215.7091728337114,-2085.7091728337114
4222.99,4767.064076401872,-544.0740764018719
1448.7,3025.5647137678957,-1576.8647137678956
4995.25,2015.0041516565761,2980.245848343424
755.53,1106.5006515382665,-350.97065153826657
3090.28,3384.799966511358,-294.5199665113578
1449.88,2611.0405465482872,-1161.1605465482871
1875.19,2326.4873329227116,-451.2973329227116
3286.68,3297.448122124218,-10.76812212421828
5053.88,4760.615735219037,293.26426478096346
759.28,1772.7699040277191,-1013.4899040277191
9109.19,7641.093985623959,1468.0960143760412
1783.27,2504.393526031082,-721.1235260310818
818.96,1620.7926103657992,-801.8326103657992
731.56,1126.583012304442,-395.0230123044421
3670.28,4443.022620127882,-772.7426201278818
1447.75,2038.3760660696714,-590.6260660696714
1319.38,1567.648201390227,-248.26820139022698
3096.31,3832.9683471186677,-736.6583471186677
741.49,1067.6905515028332,-326.20055150283315
10128.09,2799.698219541546,7328.391780458454
2144.24,1658.0507089281882,486.18929107181157
3581.06,4722.34252346883,-1141.2825234688303
2840.56,4674.744373457795,-1834.1843734577947
910.65,1817.972868732467,-907.3228687324671
4438.48,4602.480701430191,-164.00070143019184
1695.32,2365.7807392175637,-670.4607392175637
2884.02,5309.180573146333,-2425.160573146333
1678.23,2438.0975152470887,-759.8675152470887
1603.15,6481.401456331913,-4878.251456331913
8947.84,7314.284060265776,1633.555939734224
1624.41,2012.7681296368403,-388.3581296368402
601.45,2512.052765498608,-1910.602765498608
1080.0,2774.704232983352,-1694.704232983352
1400.04,2288.057888914038,-888.0178889140379
1380.2,1690.443657157398,-310.24365715739805
3672.4,3973.208159189326,-300.80815918932603
5651.35,3148.9191188701398,2502.4308811298606
1106.74,789.9175445224162,316.82245547758384
1212.28,1674.8851382738076,-462.6051382738076
6077.86,2480.2279374660375,3597.632062533962
3789.03,2749.631182007922,1039.3988179920784
518.41,954.215389262548,-435.80538926254803
2696.88,4876.71964026551,-2179.83964026551
1837.42,2564.444681402607,-727.0246814026068
699.58,1056.6810131783648,-357.1010131783647
4663.51,7596.588342290799,-2933.078342290799
14768.03,9440.958481923713,5327.071518076287
3762.3,2235.6521646095457,1526.6478353904545
1042.18,4677.972388540363,-3635.7923885403625
1000.06,1232.6379422978218,-232.5779422978219
397.04,1558.2013982892295,-1161.1613982892295
5890.93,7805.218762758284,-1914.288762758284
5809.77,5542.417350556323,267.35264944367736
3460.48,3027.8717994509134,432.60820054908663
3639.94,2804.3891406391417,835.5508593608583
4315.7,3482.492859102431,833.2071408975689
3680.55,2988.2168082891844,692.3331917108158
1541.06,2614.3472023193776,-1073.2872023193777
1914.64,1259.6742460086048,654.9657539913953
833.68,2148.2180857730905,-1314.5380857730906
866.4,793.2048035066568,73.19519649334313
876.42,1437.9216705068322,-561.5016705068323
3089.16,2093.0482772340915,996.1117227659083
1767.92,4485.776377041709,-2717.8563770417086
2648.85,1717.2771505550807,931.5728494449193
3297.19,2414.9127937418407,882.2772062581594
1704.91,2291.3070942545087,-586.3970942545086
5237.72,5066.740478311109,170.9795216888915
4756.61,5572.608397749848,-815.9983977498487
2809.57,3602.9324789875245,-793.3624789875244
1213.56,1606.5171105532352,-392.9571105532352
1038.88,1425.525521960677,-386.6455219606769
5883.15,3688.4041678006547,2194.745832199345
971.25,1783.7684417055805,-812.5184417055805
12223.56,6920.6397288050175,5302.920271194982
1999.47,3474.4143763436623,-1474.9443763436623
1663.06,3074.623902599727,-1411.563902599727
1372.44,1344.4715813400987,27.968418659901317
2074.4,1812.6761083165752,261.7238916834249
4312.47,1686.2161278605788,2626.253872139421
1541.76,2059.046410407662,-517.2864104076618
1111.41,1080.302076844903,31.10792315509707
1169.19,1824.2383483473388,-655.0483483473388
1364.18,1846.769782485121,-482.58978248512085
4223.76,3740.795668718434,482.96433128156605
2137.37,2281.945056416439,-144.5750564164391
1430.29,2001.9918211009472,-571.7018211009472
4008.52,6536.140766858584,-2527.6207668585844
639.01,2191.210497316068,-1552.200497316068
5751.09,4420.408007822487,1330.6819921775132
2902.63,3068.778446776427,-166.14844677642668
1936.86,2588.8049468167674,-651.9449468167675
7111.69,9231.191789331411,-2119.5017893314116
1474.47,1177.0016609403508,297.4683390596492
9098.16,5913.738893622458,3184.421106377542
1689.37,1411.1554565426065,278.21454345739335
1036.91,1617.4615900346291,-580.551590034629
526.3,1183.6587559536742,-657.3587559536743
16453.31,2514.3262047200037,13938.983795279997
1152.73,2089.4379638586975,-936.7079638586974
7247.33,4763.777775101307,2483.5522248986927
560.3,1614.7670328929,-1054.4670328929
1841.15,2925.025851065208,-1083.8758510652078
22302.6,4964.69866223927,17337.90133776073
870.14,1637.3519387703193,-767.2119387703193
1798.54,1883.1242456623106,-84.58424566231065
1663.91,2049.636629382803,-385.72662938280314
3475.41,2630.9697174629846,844.4402825370153
2311.72,1641.1487607986026,670.5712392013972
3528.52,2422.3178902297755,1106.2021097702245
16373.95,9194.454332620817,7179.495667379184
9140.96,10145.058253389434,-1004.0982533894348
1292.66,2277.2083473339285,-984.5483473339284
1940.12,4112.8971516250795,-2172.7771516250796
1273.26,3610.5939839140538,-2337.3339839140535
850.92,1809.3751971549823,-958.4551971549823
2838.05,2358.3842761523233,479.6657238476769
2678.55,1635.102817289123,1043.447182710877
1339.09,2698.593175238026,-1359.5031752380262
557.66,2458.9968148048665,-1901.3368148048667
775.53,1407.700902453003,-632.170902453003
952.32,1209.5858136626466,-257.26581366264656
5590.09,3768.083734322626,1822.0062656773744
4599.52,5081.392869687514,-481.87286968751323
3256.19,4054.6559044638225,-798.4659044638224
1872.95,1372.3915798604899,500.5584201395102
2895.7,2620.8029503326434,274.89704966735644
890.09,1155.329273164293,-265.23927316429297
9846.04,4067.0649326192433,5778.9750673807575
3422.93,2248.9089079339083,1174.0210920660916
1692.4,2377.5807139912054,-685.1807139912053
2188.3,3100.661348821076,-912.3613488210758
1611.66,1967.6151591268356,-355.9551591268355
3645.91,2293.0201369836536,1352.8898630163462
3936.57,4060.6879237663593,-124.11792376635913
1400.88,1874.773723699649,-473.89372369964894
4894.06,4174.263747723871,719.796252276129
3931.77,4409.108097507127,-477.33809750712726
1586.02,2205.915773377265,-619.895773377265
2015.91,1564.4736302688582,451.4363697311419
741.13,964.5013132226844,-223.37131322268442
1641.19,1586.8145093092742,54.37549069072588
3913.23,3416.5026789792983,496.72732102070177
11618.12,8433.53132345622,3184.588676543781
6488.8,6171.191638230586,317.60836176941393
5914.69,5253.028768832882,661.6612311671179
2312.53,2135.0333850811276,177.49661491887264
850.87,1900.2917102274812,-1049.421710227481
728.63,1015.8064166733275,-287.1764166733275
1893.39,1192.969932664678,700.4200673353221
2002.29,3209.180139420399,-1206.890139420399
1414.47,2563.0232223812654,-1148.5532223812654
683.21,1761.0000649015526,-1077.7900649015526
918.91,1294.296036276015,-375.38603627601503
1072.93,2409.0805044559283,-1336.1505044559283
6747.27,1153.6227282874154,5593.647271712585
10311.03,6810.41761702643,3500.6123829735707
1710.18,1542.2090703345868,167.97092966541322
5427.31,7041.447109804655,-1614.1371098046548
7253.61,7386.504715597891,-132.89471559789126
5999.66,3783.5978965639333,2216.0621034360665
3940.34,4413.535004239514,-473.19500423951376
2651.52,4185.080955597461,-1533.560955597461
390.0,1672.1889665485335,-1282.1889665485335
1657.25,4483.641017631027,-2826.3910176310274
2855.39,3470.955751167741,-615.5657511677409
5857.21,3891.7804230279658,1965.4295769720343
2737.27,2640.9233424587446,96.34665754125535
1504.57,1800.1707199432633,-295.60071994326336
2229.76,2985.037467312581,-755.2774673125809
1034.01,2472.6657226170364,-1438.6557226170364
732.91,1730.5820830661753,-997.6720830661753
4989.16,5117.696471974264,-128.5364719742638
4245.9,4068.570452819036,177.3295471809638
534.93,1644.6964980261707,-1109.7664980261707
5891.87,2369.7868346127198,3522.08316538728
5166.79,5745.514370821958,-578.7243708219585
2497.62,2807.4649058945524,-309.84490589455254
353.23,806.979122073289,-453.74912207328896
4742.53,1675.096716207623,3067.4332837923766
4262.81,4425.2706240286425,-162.4606240286421
795.33,3217.7148518791714,-2422.3848518791715
1612.48,1091.3580690015006,521.1219309984995
811.75,2112.3745682867097,-1300.6245682867097
3108.47,3352.40865620406,-243.9386562040604
2048.07,5726.910002584024,-3678.840002584024
6763.8,3351.7819657662285,3412.0180342337717
1329.84,1563.7710202469486,-233.93102024694872
1562.32,1550.8296246827895,11.490375317210464
2370.83,2472.155642450012,-101.32564245001186
798.98,1667.5362728149685,-868.5562728149685
3010.22,3020.915549488883,-10.695549488882989
1508.7,3390.9507911821743,-1882.2507911821742
1761.63,3741.553277421108,-1979.9232774211077
752.54,1599.096444070145,-846.5564440701451
1713.69,1015.0383955252279,698.6516044747722
791.71,4452.777574640881,-3661.0675746408806
5989.01,4675.484508055424,1313.525491944576
5565.82,3137.609735360042,2428.2102646399576
1822.99,2037.1320669949325,-214.14206699493252
6086.48,6936.28503936114,-849.8050393611402
16946.2,6535.837684747706,10410.362315252296
3030.07,2224.870200554583,805.1997994454173
1373.69,1277.585044187049,96.10495581295095
2813.93,2381.0293044312,432.9006955687996
2694.81,6320.721836090137,-3625.911836090137
3122.09,2215.612751207492,906.4772487925084
3523.03,2505.4850782689036,1017.5449217310966
2409.34,2521.830419871132,-112.49041987113196
1478.28,1500.3579579681737,-22.077957968173678
594.39,3103.112690630937,-2508.722690630937
6866.22,5731.084809965014,1135.1351900349864
13376.8,7375.201251965,6001.5987480349995
607.19,1347.1436179914288,-739.9536179914287
2684.95,1800.1013273569883,884.8486726430115
1738.94,1753.5706830168901,-14.630683016890089
1657.67,4062.6443458027375,-2404.9743458027374
1039.33,1218.8291766721038,-179.49917667210389
956.5,993.8154059383244,-37.315405938324375
10402.27,11271.928271086637,-869.6582710866369
808.67,964.2371099505448,-155.56710995054482
337.9,907.2100495204139,-569.3100495204139
3659.92,5417.746143979625,-1757.8261439796252
2307.49,2541.9327459943747,-234.44274599437495
8039.67,4787.752715436078,3251.9172845639223
2341.13,2467.3673954954716,-126.23739549547145
2159.08,1965.8824327096252,193.19756729037476
5779.84,4151.751933976384,1628.0880660236162
8514.6,9147.393235247475,-632.7932352474745
3056.4,2978.605012415402,77.79498758459795
1168.58,3148.7201051190077,-1980.1401051190078
2034.05,3244.9416895424424,-1210.8916895424425
2202.77,2039.2379724802033,163.53202751979666
2289.63,2078.430272186852,211.199727813148
995.42,1754.016695749919,-758.5966957499191
4665.17,6645.869696501976,-1980.6996965019762
2122.92,2468.1900397887803,-345.2700397887802
1244.73,1492.509220809639,-247.7792208096389
8150.4,4919.947869764533,3230.452130235467
2204.61,4093.042250481042,-1888.432250481042
2926.04,2497.383125924874,428.65687407512587
660.0,1103.4659936354724,-443.4659936354724
846.73,1415.764892474529,-569.034892474529
805.81,1562.6580727157223,-756.8480727157223
2324.92,1114.5957927109043,1210.3242072890957
3839.66,4349.862974750538,-510.2029747505385
11210.94,4526.2597036374755,6684.680296362525
4077.65,1733.289402880447,2344.360597119553
7556.44,3457.546735159331,4098.893264840668
1349.06,1537.3646919749683,-188.30469197496836
3096.65,2352.6523774807747,743.9976225192254
2529.66,1700.4531432451504,829.2068567548495
1343.46,3621.23310186558,-2277.77310186558
2272.11,3250.986683039008,-978.8766830390077
2742.56,1511.9571146651983,1230.6028853348016
871.81,2185.8901005146217,-1314.0801005146218
996.72,4065.563915925032,-3068.843915925032
2337.35,2673.1103866339176,-335.76038663391773
1151.23,2906.7230745595944,-1755.4930745595943
442.57,2289.31593832799,-1846.74593832799
1924.72,2973.1282296854447,-1048.4082296854447
6298.3,5745.344313105583,552.9556868944173
997.87,1153.5660163689847,-155.69601636898471
2119.97,2421.562207761546,-301.592207761546
9811.18,4122.187333139614,5688.992666860387
4833.79,4743.129770854132,90.66022914586756
1695.54,2079.389844081474,-383.8498440814742
3922.48,3477.5847078371253,444.89529216287474
4100.48,3377.1034659318816,723.376534068118
1534.74,3239.1980810159794,-1704.4580810159794
1879.22,856.7331101908435,1022.4868898091565
1435.16,1367.8007724843394,67.35922751566068
3277.37,2369.4909768534985,907.8790231465014
4074.1,5939.792882264107,-1865.692882264107
954.64,1152.1380984099646,-197.49809840996465
1463.77,1493.7130861857784,-29.943086185778384
1854.48,2377.720026280678,-523.2400262806782
1212.94,727.7132102774001,485.22678972259996
4675.67,3585.9013712015635,1089.7686287984366
2135.81,2662.945970875123,-527.1359708751229
1451.62,1619.0126933784868,-167.3926933784869
1434.98,1643.0149252057256,-208.03492520572559
678.17,798.6600763494251,-120.49007634942518
5336.4,5855.118173839567,-518.7181738395675
2560.94,1469.2276748528682,1091.7123251471319
2274.37,2071.0417231979914,203.32827680200853
6162.87,4300.989187076905,1861.8808129230947
1696.14,1320.4665708988252,375.67342910117486
11428.64,9811.482134330981,1617.157865669018
1718.99,2593.9551736165345,-874.9651736165345
3487.81,3099.966786060791,387.8432139392089
452.14,1430.5748906807294,-978.4348906807294
2676.2,2163.1951421378794,513.0048578621204
1064.38,4403.21945574854,-3338.83945574854
5780.46,7706.3408232352995,-1925.8808232352994
988.36,1142.1154168828693,-153.75541688286933
1962.04,3977.529290616502,-2015.4892906165019
663.19,1578.93403796711,-915.74403796711
725.84,1154.0860665817286,-428.24606658172854
2207.2,2656.5333186800726,-449.3333186800728
7367.49,3186.095387264395,4181.394612735605
4985.4,8327.827309540626,-3342.427309540626
1204.0,1977.8413111695666,-773.8413111695666
967.98,1296.619166957643,-328.63916695764306
828.32,1093.7601288460253,-265.44012884602523
5492.7,2277.3313138411613,3215.3686861588385
2903.22,2177.830874847785,725.389125152215
2801.25,2429.193878254649,372.056121745351
2226.94,2218.2127425085455,8.727257491454566
580.64,1367.2698301228259,-786.6298301228259
5459.93,2432.0714977883185,3027.8585022116818
1709.9,1209.7645836615334,500.1354163384667
8561.84,6138.53048147215,2423.30951852785
3933.11,1245.6044345871678,2687.5055654128323
2478.88,4202.48515642842,-1723.6051564284198
2808.58,1832.1458403982892,976.4341596017107
820.9,999.6833042897107,-178.7833042897107
2190.08,2187.4497132189,2.6302867811000397
3235.9,2846.9393324827197,388.9606675172804
1570.93,988.908690257816,582.021309742184
1580.01,1058.4089745317372,521.6010254682628
2118.39,1523.467179811437,594.9228201885628
8489.74,4571.6860518016365,3918.0539481983633
1258.34,1600.5358973313464,-342.1958973313465
2731.27,2414.070130359806,317.1998696401938
4546.41,1187.352138183519,3359.057861816481
2189.2,2039.2183656987818,149.98163430121804
1421.08,1581.604628744648,-160.524628744648
1071.18,3131.98866936678,-2060.80866936678
1276.7,1657.6567037328814,-380.95670373288135
3384.77,5395.0398307786245,-2010.2698307786245
2558.39,2242.89953523496,315.4904647650401
1695.46,1485.5903123211108,209.86968767888925
934.95,1641.5790727236135,-706.6290727236135
1194.24,1639.8784857793094,-445.63848577930935
586.37,1381.5003500974083,-795.1303500974083
6816.27,4524.422253565309,2291.8477464346915
4852.24,4328.374128799451,523.865871200549
611.3,1087.4146188012478,-476.11461880124784
3604.53,3212.7769916212233,391.75300837877694
1526.19,2154.20050330337,-628.0105033033701
3125.68,2825.380353351734,300.29964664826593
1733.95,1763.5662130992177,-29.616213099217703
1331.76,1472.5482035566515,-140.78820355665152
3112.67,1558.8751322137462,1553.794867786254
7787.15,7023.727014544158,763.4229854558416
1868.72,3024.29269100609,-1155.57269100609
4750.66,3292.379071318481,1458.280928681519
5241.97,3949.804711770048,1292.1652882299522
2966.42,4334.3110197103115,-1367.8910197103114
3200.96,3533.0661629782935,-332.10616297829347
539.82,1789.5741603220615,-1249.7541603220616
1688.64,2537.7018927426175,-849.0618927426174
1539.98,2165.137613814702,-625.157613814702
1683.67,1310.6335741329578,373.0364258670422
2374.11,3866.9407127703,-1492.8307127702997
904.9,2818.1321428266683,-1913.2321428266682
1269.67,2423.9332747417498,-1154.2632747417497
2367.77,1709.8247933006544,657.9452066993456
4865.9,3209.994142992538,1655.9058570074617
494.41,1247.0091495084555,-752.5991495084554
899.31,1197.8194260098226,-298.5094260098226
745.75,1135.2238723645492,-389.47387236454915
6120.75,5428.758242702426,691.9917572975737
1692.75,1240.077144245863,452.6728557541369
2305.31,2990.433870239581,-685.1238702395813
1425.21,2608.8167056710813,-1183.6067056710813
2021.92,4944.128513720028,-2922.2085137200283
1791.05,1073.5518347518437,717.4981652481563
4481.05,4268.027861439555,213.02213856044546
1014.59,1330.0479220618115,-315.4579220618115
2105.04,1676.4682738862273,428.5717261137727
2583.92,4251.380141569916,-1667.4601415699162
1790.83,3473.635676824012,-1682.8056768240122
1493.45,1345.8824243396473,147.56757566035276
2346.9,3114.5570225147626,-767.6570225147625
2519.39,3906.527696560223,-1387.137696560223
1560.67,3118.5167519543957,-1557.8467519543956
4053.75,3415.6917105618945,638.0582894381055
2072.49,1996.7927403213491,75.69725967865065
1404.6,1890.3515098548778,-485.7515098548779
31710.15,10072.961351589536,21637.188648410465
315.64,1527.1956077097989,-1211.555607709799
773.8,1061.6509067558216,-287.8509067558216
1135.57,1572.9120589272575,-437.34205892725754
3874.8,4136.112466786928,-261.31246678692787
5445.16,3177.703531674031,2267.4564683259687
2113.94,3393.7060396135016,-1279.7660396135016
1132.38,1711.8897644023177,-579.5097644023176
1645.28,2200.04774654742,-554.7677465474201
1588.33,1743.144346389191,-154.8143463891911
1118.77,2024.803713023148,-906.033713023148
1938.24,1451.0132499800493,487.2267500199507
1872.58,2131.072344484982,-258.4923444849819
1761.97,2214.873800934819,-452.90380093481895
7052.7,3760.251030533761,3292.448969466239
2774.02,1365.638121574647,1408.381878425353
1796.17,1573.3407798128499,222.8292201871502
8718.77,5802.089070855017,2916.6809291449836
2550.16,2201.508805911911,348.6511940880887
766.09,1522.1011332078149,-756.0111332078149
2140.2,2894.089513161781,-753.889513161781
1481.84,1493.467617376173,-11.62761737617302
2842.34,1871.6213783122269,970.7186216877733
2382.95,2031.9902869167852,350.95971308321464
2936.66,2091.9784824661756,844.6815175338243
2368.76,2712.5277126266483,-343.76771262664806
1298.07,1984.4094497416088,-686.3394497416089
3692.29,2435.3475382491542,1256.9424617508457
3328.46,4716.320976206769,-1387.860976206769
8091.48,9322.099350314002,-1230.619350314002
2970.74,2834.6204537827484,136.11954621725135
3688.09,2542.9405661599803,1145.1494338400198
7318.37,4202.696752055543,3115.673247944457
4722.74,5054.507805390044,-331.7678053900445
610.02,1631.5167287958611,-1021.4967287958611
2018.15,1508.540195039054,509.6098049609461
3995.45,3553.094061012061,442.35593898793877
3633.39,3089.258997654861,544.1310023451388
6478.4,8334.011574672628,-1855.6115746726282
793.89,1442.4549952654056,-648.5649952654056
2059.34,2599.708202163654,-540.3682021636537
5262.59,4661.828117010459,600.7618829895409
2209.26,2044.7386832743464,164.52131672565383
1636.46,1530.4041659839654,106.05583401603462
3060.73,5341.994761628823,-2281.2647616288227
10061.75,6619.500011010599,3442.2499889894007
1316.27,2322.5291116980748,-1006.2591116980748
2821.41,4205.631208084363,-1384.2212080843628
801.36,911.863348594311,-110.50334859431098
886.67,1949.6856755418676,-1063.0156755418675
1380.79,1645.6646381280882,-264.87463812808824
2188.91,2227.37048136275,-38.460481362750215
1603.52,3054.5410388856058,-1451.0210388856058
705.59,803.3257002113311,-97.73570021133105
577.46,1380.137161377511,-802.6771613775109
1368.23,1063.354579129779,304.875420870221
979.74,1685.8897735556423,-706.1497735556422
1238.99,1946.7820827418593,-707.7920827418593
2945.67,2179.7752084865165,765.8947915134836
2527.64,2085.9219172201283,441.71808277987157
1856.18,1549.427236395748,306.7527636042521
1605.68,1419.9146072232686,185.76539277673146
8415.91,4055.2284837249435,4360.681516275056
2232.01,1800.5818071717638,431.42819282823643
5202.91,1663.9694332034003,3538.9405667965993
1463.03,1214.9396935653006,248.09030643469941
1513.73,1372.5149527643014,141.21504723569865
957.2,1925.5933074653742,-968.3933074653742
2272.73,2055.5013685505555,217.2286314494445
646.05,1140.7089322289712,-494.65893222897125
1376.38,1044.7763712313376,331.6036287686625
1300.38,1510.286282269834,-209.9062822698338
528.2,821.1179849415826,-292.9179849415825
1132.22,1414.9287928051062,-282.7087928051062
1261.29,1594.980672293689,-333.690672293689
2211.64,1949.3830547011291,262.25694529887073
1816.99,1631.2479922620828,185.74200773791722
703.15,1711.7968391763868,-1008.6468391763868
689.33,1065.9523013347573,-376.62230133475725
2383.83,3094.776938998005,-710.946938998005
3211.64,1695.1734537452123,1516.4665462547875
1728.68,2489.7192367333923,-761.0392367333923
1090.44,1839.9198473585484,-749.4798473585483
979.79,1921.782105773465,-941.992105773465
1301.33,1989.8101032302113,-688.4801032302114
872.55,903.5178164100679,-30.96781641006794
1584.47,1834.853054616418,-250.3830546164179
2187.33,3965.9950397854764,-1778.6650397854764
523.43,1591.2320220483855,-1067.8020220483854
707.43,2461.0847093255265,-1753.6547093255267
6368.4,6300.36775432913,68.03224567087
1252.97,2343.283440225855,-1090.313440225855
1370.69,1729.2690984522678,-358.5790984522678
3188.54,2718.193974192366,470.34602580763385
853.13,1449.2488642351548,-596.1188642351548
5000.75,3585.0298063713067,1415.7201936286933
1016.59,1340.6600902144608,-324.0700902144607
861.41,1643.924469791078,-782.5144697910781
915.84,2521.786136745621,-1605.946136745621
2533.19,1724.5071952400178,808.6828047599822
817.43,1672.8359358077525,-855.4059358077526
2775.39,4795.471076761466,-2020.0810767614662
4310.67,1594.560321222606,2716.109678777394
400.69,1530.4976078393884,-1129.8076078393883
2812.67,4497.253200585927,-1684.5832005859265
5303.39,3706.723533955303,1596.6664660446972
2183.09,1133.4022458304694,1049.6877541695308
363.37,931.2271342139721,-567.8571342139721
2994.01,2361.9481657783713,632.0618342216289
6055.09,4838.404780950028,1216.6852190499721
564.82,1042.3390866963819,-477.5190866963818
2444.27,3822.9029590932087,-1378.6329590932087
6738.05,3504.88949032224,3233.1605096777603
1268.82,1126.9239908790569,141.89600912094306
2694.54,3008.1422645808625,-313.60226458086254
1182.93,1549.8567046948117,-366.92670469481163
3890.22,9037.987234302529,-5147.76723430253
6254.05,4775.913671730894,1478.1363282691063
4629.81,1790.1849033616431,2839.6250966383573
830.32,1043.594087014107,-213.27408701410684
7604.55,3883.1153094037095,3721.4346905962907
1165.94,1483.350030105916,-317.4100301059159
1504.23,1651.3197991703219,-147.08979917032184
1930.1,3959.5066162128123,-2029.4066162128124
2780.07,2681.1459175027576,98.92408249724258
11646.95,10337.795271611783,1309.1547283882173
6964.19,4747.568882158554,2216.621117841446
3669.86,2001.380000216106,1668.479999783894
7200.03,2718.8153811762268,4481.214618823773
6865.61,6055.282473594901,810.327526405099
7076.88,10074.349745297328,-2997.469745297328
637.06,1070.6441578319013,-433.5841578319014
636.64,1292.8918736983387,-656.2518736983387
504.37,3068.5898428457476,-2564.2198428457477
1896.56,1969.7033467470792,-73.14334674707925
4153.86,5681.776383929902,-1527.9163839299026
2805.58,1954.7516287203305,850.8283712796695
1328.66,2713.2801838195714,-1384.6201838195714
867.96,1902.152672766374,-1034.192672766374
3622.16,3625.3080528988958,-3.148052898895912
719.05,2731.3572446419766,-2012.3072446419767
2264.32,1795.9015865619203,468.4184134380798
3122.42,1906.9906353125227,1215.4293646874773
3403.52,4448.285318482476,-1044.7653184824762
2223.87,1732.6680385762427,491.2019614237572
9562.53,10662.19900604116,-1099.6690060411602
3180.54,2721.1244469370736,459.4155530629264
9352.39,15945.27015752779,-6592.88015752779
4494.3,3378.1013883578917,1116.1986116421085
3322.33,4416.818309777627,-1094.4883097776274
1897.55,2552.621934835766,-655.0719348357659
1036.92,1627.8092709231728,-590.8892709231727
2039.79,2688.161218874854,-648.3712188748541
4477.41,1804.0561923832784,2673.3538076167215
863.03,1266.1939711565008,-403.1639711565008
2520.38,1497.1876327546765,1023.1923672453236
4537.56,2198.9908105132786,2338.569189486722
684.59,1260.8050748435815,-576.2150748435814
775.99,1513.7889886783848,-737.7989886783848
359.81,1353.6235188277406,-993.8135188277406
1199.93,1160.441580693419,39.488419306581136
3927.59,3172.598626094444,754.991373905556
776.78,1905.8197899717695,-1129.0397899717696
1279.27,2513.0063344292607,-1233.7363344292608
868.63,1686.1465973756801,-817.5165973756801
3064.22,4084.403751183749,-1020.1837511837493
1143.73,2005.8095152874093,-862.0795152874093
2234.8,1996.8995124694613,237.90048753053884
8798.87,2581.9533373213612,6216.916662678639
1836.26,2379.9468659496583,-543.6868659496583
10789.87,6852.79154766245,3937.0784523375505
3787.22,5030.928104398206,-1243.7081043982066
3739.78,3455.234794169063,284.545205830937
4680.36,4949.95491672278,-269.59491672278
1714.35,1350.533259458189,363.816740541811
1063.44,3175.3386110953843,-2111.8986110953842
13858.46,13056.622891513025,801.8371084869741
1192.01,935.0606928864925,256.94930711350753
1578.52,1585.1812089533846,-6.66120895338463
1556.89,4091.942832919535,-2535.052832919535
6181.36,4827.223643441941,1354.1363565580587
2226.87,2503.10374391443,-276.2337439144303
851.88,1984.9453388256675,-1133.0653388256674
2658.6,5696.360414401663,-3037.7604144016627
2973.76,2748.418760918555,225.3412390814451
3325.98,2160.4385542706304,1165.5414457293696
701.9,1335.8317550186075,-633.9317550186075
3652.28,3879.2736166856976,-226.99361668569736
3984.26,2846.7596597080487,1137.5003402919515
1196.1,1806.6087285262975,-610.5087285262975
4568.97,3663.946556317812,905.0234436821884
3606.48,4247.185151187968,-640.7051511879677
657.13,846.8336988269089,-189.70369882690886
3363.19,2590.5177502710967,772.6722497289034
394.92,1221.716041938875,-826.7960419388749
1378.9,8900.347980939216,-7521.447980939216
14556.13,14228.661940707541,327.46805929245784
624.63,1551.082535359632,-926.452535359632
1473.42,1263.5838659153949,209.8361340846052
1210.84,2228.383465177356,-1017.543465177356
1026.08,1395.7453899898987,-369.6653899898988
1310.5,1036.1680579809072,274.3319420190928
671.01,1861.7887924474078,-1190.7787924474078
1490.63,1842.9906107080417,-352.3606107080416
1315.83,1343.4228721775423,-27.592872177542404
1252.43,3258.25754017772,-2005.8275401777198
2115.95,2359.199848156286,-243.24984815628613
3162.01,7436.4933924937395,-4274.483392493739
4275.88,2042.4664387032028,2233.4135612967975
3700.12,4130.557788421514,-430.4377884215137
4745.07,1561.4091862840858,3183.6608137159137
1484.01,1504.146869015085,-20.13686901508504
1347.51,2952.5867419327915,-1605.0767419327915
1611.78,1900.1311058570525,-288.3511058570525
1270.48,1927.1581393605888,-656.6781393605888
1639.23,5382.685678124707,-3743.455678124707
919.95,1124.5722140543785,-204.62221405437845
1006.31,3624.1198994749507,-2617.8098994749507
675.72,1483.2780105319102,-807.5580105319102
952.98,1564.7289135447174,-611.7489135447174
1849.97,2278.7830254240885,-428.81302542408844
898.89,1850.9299518184746,-952.0399518184746
16569.9,8011.34411081456,8558.555889185442
3727.56,4887.431882738761,-1159.8718827387606
2119.58,1638.5569146531323,481.0230853468677
798.42,1943.8636748396548,-1145.4436748396547
3575.09,3186.2039332515646,388.8860667484355
1883.36,1668.2253489878412,215.13465101215866
1843.08,2385.030274625735,-541.9502746257349
1928.33,1061.5508877775126,866.7791122224874
1249.53,1696.906885069324,-447.3768850693241
1711.01,1653.2498426841487,57.7601573158513
2294.27,1553.1616574915463,741.1083425084537
985.74,1642.2548133737514,-656.5148133737514
3226.23,2769.6881965573166,456.54180344268343
836.4,2493.672022716892,-1657.272022716892
1647.6,1844.8204150341994,-197.2204150341995
1970.29,2056.0091368800277,-85.71913688002769
7229.05,5623.950910567837,1605.099089432163
853.82,1706.1605113402504,-852.3405113402504
4808.28,4125.956711841059,682.3232881589411
2128.22,2357.1119619469896,-228.8919619469898
4121.23,3460.983655515958,660.2463444840414
2678.73,2432.1976072199686,246.5323927800314
18270.03,10138.98214359708,8131.047856402918
3835.45,2387.818097959971,1447.6319020400288
4975.68,1330.5955110183613,3645.084488981639
9097.96,9627.176049919353,-529.2160499193542
1620.01,889.0566515933583,730.9533484066417
744.86,1863.3635626873138,-1118.5035626873137
3739.86,10465.278755531797,-6725.418755531797
1239.0,1127.0857105203997,111.91428947960026
623.29,828.3971996787502,-205.10719967875025
876.75,2567.5673024991383,-1690.8173024991383
7261.61,8002.710017988499,-741.1000179884995
4068.52,4278.3525031384725,-209.83250313847248
4286.0,3428.2567046644353,857.7432953355647
1153.68,1903.5200101208964,-749.8400101208963
1199.12,1372.9164547711018,-173.79645477110193
2001.32,3123.893818982849,-1122.5738189828492
1714.65,4128.692906691766,-2414.0429066917663
7901.87,13298.604869258957,-5396.734869258958
14378.6,4519.897683293999,9858.702316706002
2409.72,3457.25561208223,-1047.5356120822303
2498.08,3160.1364995488193,-662.0564995488194
972.2,2130.7798308923084,-1158.5798308923083
1342.93,1872.8944936413852,-529.9644936413852
5429.42,5800.45432368097,-371.0343236809704
1890.3,1929.0128043451514,-38.712804345151426
3569.46,2365.1942350483746,1204.2657649516254
2270.48,1521.5137144873854,748.9662855126146
2363.42,4017.5670019139766,-1654.1470019139765
1045.37,1000.7050851886613,44.664914811338576
609.45,1058.0414706002343,-448.5914706002343
2808.82,1290.1492880622393,1518.6707119377609
2401.74,3434.283878291419,-1032.5438782914193
3478.14,2813.824989106154,664.3150108938457
449.05,1075.6713572994,-626.6213572994
3137.63,3538.5321556817858,-400.90215568178564
590.0,5957.031771763271,-5367.031771763271
10954.62,10156.435278121391,798.1847218786097
921.84,1600.0623490719686,-678.2223490719686
1430.25,2337.784310388093,-907.5343103880932
1759.66,2645.5277232675953,-885.8677232675952
798.54,1365.84092862737,-567.30092862737
3967.65,10279.19437153154,-6311.54437153154
5630.17,2230.7941619145295,3399.3758380854706
6101.18,6775.907344652362,-674.7273446523614
728.77,1385.734498935511,-656.9644989355111
449.86,1222.2988499182163,-772.4388499182163
1078.08,1601.6312702327893,-523.5512702327894
1531.77,1828.1526769712068,-296.3826769712068
1052.62,1691.6522891048346,-639.0322891048347
2219.62,2556.6939679748734,-337.07396797487354
5633.63,4986.752476328878,646.8775236711217
7735.78,6901.715549757675,834.0644502423247
4617.95,3950.5343825638565,667.4156174361433
942.99,1921.173097010181,-978.183097010181
3560.07,2648.649219369528,911.4207806304721
3844.22,1869.0954834295103,1975.1245165704895
2463.24,2223.279873235714,239.96012676428563
6986.42,2475.2993440504565,4511.120655949544
2908.39,3661.206854507889,-752.8168545078893
2527.91,2129.7352543783263,398.17474562167354
7674.92,2408.7937775591063,5266.126222440894
907.78,1554.6079317431263,-646.8279317431263
819.73,1133.8260124252763,-314.0960124252763
1899.63,2717.649760473075,-818.0197604730747
2109.06,1481.7658331885355,627.2941668114645
2443.75,2713.0359892662623,-269.2859892662623
3388.6,2467.96942003284,920.63057996716
770.58,1105.4839881982268,-334.9039881982268
2141.49,4658.2606102209475,-2516.7706102209477
2804.74,2833.751671316949,-29.011671316949105
22989.62,19452.401745053405,3537.2182549465942
862.59,2216.8496257288894,-1354.2596257288892
757.15,910.569930279874,-153.41993027987405
10545.15,4802.821453387996,5742.328546612003
1212.31,1864.6371998081343,-652.3271998081343
550.35,2629.3725070647115,-2079.0225070647116
3369.39,5448.551605761641,-2079.1616057616416
9252.88,6280.686582637479,2972.1934173625204
740.92,1331.7857660425382,-590.8657660425382
4575.77,3065.2761269967473,1510.4938730032532
1458.23,2835.7518669275996,-1377.5218669275996
1998.22,2642.5505612224792,-644.3305612224792
3067.31,2518.539338623457,548.7706613765431
3934.23,1937.9381472809685,1996.2918527190316
24046.29,14374.641877057144,9671.648122942857
1304.54,1391.1809210491674,-86.64092104916745
758.46,1553.067177674517,-794.6071776745171
5343.05,2840.481756618321,2502.568243381679
505.85,837.8673075712426,-332.01730757124255
915.77,2654.5760541364193,-1738.8060541364193
2783.75,1602.8760626388744,1180.8739373611256
649.57,2183.0321182840744,-1533.4621182840742
702.98,1642.302168710439,-939.322168710439
1779.58,1759.7711438815898,19.808856118410176
6535.52,3234.435758564878,3301.0842414351223
2385.45,2673.3001409880385,-287.8501409880387
1405.98,3672.8516289779627,-2266.8716289779627
2695.61,1521.670611169617,1173.9393888303832
2714.23,2468.589414798994,245.64058520100616
999.61,1903.145824484912,-903.535824484912
1633.37,1883.5367623284492,-250.1667623284493
519.66,1123.2423315682408,-603.5823315682409
1039.92,1272.5625637064518,-232.6425637064517
3089.73,2422.2743325707092,667.4556674292908
2542.47,2751.810364377474,-209.3403643774741
2892.26,2167.5399677023097,724.7200322976905
6818.73,6093.944284478537,724.7857155214624
2754.08,2232.4303133161166,521.6496866838834
1936.87,1951.8684752622787,-14.998475262278816
2316.43,2077.791927963015,238.6380720369848
935.91,1884.639553415596,-948.7295534155961
9722.56,9259.350073230527,463.2099267694721
3578.01,1960.095030498988,1617.9149695010121
4950.76,3735.314055185871,1215.4459448141292
2630.04,2872.8219292439976,-242.78192924399764
1317.15,2237.310468460017,-920.160468460017
2393.02,2665.7567341041245,-272.7367341041245
2411.44,4125.080115126389,-1713.6401151263885
2939.02,2398.6692203698285,540.3507796301715
5806.6,4410.631062000845,1395.968937999155
1679.02,2263.891261125458,-584.8712611254582
5493.25,6669.66413045667,-1176.4141304566701
1047.45,1405.9650914267954,-358.5150914267954
17099.99,13677.261999035401,3422.7280009646
3803.6,4877.654664459968,-1074.0546644599685
3154.86,2190.9136200905214,963.9463799094788
1055.72,1691.7281203436803,-636.0081203436803
5052.35,5071.59880560856,-19.24880560855945
2465.62,2805.73054170519,-340.1105417051899
4665.86,8255.923981198433,-3590.063981198434
727.48,1148.778381997733,-421.29838199773303
1677.07,2020.0698927619433,-342.99989276194333
3066.89,1448.9910598763918,1617.898940123608
628.87,1386.5432897459384,-757.6732897459384
4642.8,2680.082766082855,1962.7172339171452
1401.18,2408.92143972087,-1007.7414397208697
2616.97,2526.5154493913224,90.45455060867744
8118.93,7214.6623871746715,904.2676128253288
2793.88,3228.161849126969,-434.28184912696906
4761.33,1940.5310872301588,2820.798912769841
1015.89,2086.8112587982837,-1070.9212587982838
5015.78,5029.6922471997805,-13.912247199780722
931.87,1260.013201113119,-328.14320111311906
2890.92,2777.281751044382,113.63824895561811
468.87,1270.5683738657528,-801.6983738657528
6510.59,2846.290204675164,3664.299795324836
656.46,1315.7014627618607,-659.2414627618607
2244.49,2499.647357751629,-255.1573577516292
3722.06,6355.863894697024,-2633.803894697024
3633.29,1436.3816782374217,2196.9083217625785
2049.63,1990.1675609289805,59.46243907101962
3144.88,5862.403563745266,-2717.523563745266
872.89,1183.659783411652,-310.76978341165193
1381.56,1737.6037815604893,-356.0437815604894
1360.57,1931.3397447744276,-570.7697447744276
3303.74,3404.9163689799952,-101.17636897999546
9571.28,5988.532705805731,3582.7472941942697
2165.81,1476.3793006179792,689.4306993820207
5987.88,5498.710275327447,489.16972467255346
4044.14,2369.2194173389225,1674.9205826610773
2105.2,3580.276428851836,-1475.0764288518362
1971.62,1720.5948669783843,251.0251330216156
502.15,2910.5958415243385,-2408.4458415243384
6039.97,6171.897664584317,-131.92766458431652
2091.47,4170.589457255367,-2079.1194572553673
5444.02,2885.887759481763,2558.1322405182373
4909.67,3349.5514547087687,1560.1185452912314
853.48,1509.9587699442495,-656.4787699442495
616.06,1292.0842940723646,-676.0242940723647
928.76,1246.0668658059014,-317.30686580590145
3881.44,2514.171542945994,1367.268457054006
7735.46,6508.508142148829,1226.9518578511706
1520.61,1818.1859770557455,-297.5759770557456
2194.09,1710.7864256295804,483.3035743704197
1342.67,1138.6126575127005,204.0573424872996
835.27,1499.297875679776,-664.0278756797761
12071.7,8586.659271695362,3485.040728304639
1576.21,3234.6926874034757,-1658.4826874034757
874.86,1446.7717796950717,-571.9117796950717
1390.92,3191.9428804672875,-1801.0228804672875
1223.86,1677.77632227966,-453.9163222796601
1187.76,1175.5193380614085,12.24066193859153
4647.02,2081.8372473746795,2565.182752625321
923.07,2289.4499686641925,-1366.3799686641923
2926.29,3573.7873875270143,-647.4973875270143
357.35,1100.1132354862798,-742.7632354862798
639.33,2529.5486086910005,-1890.2186086910006
1145.33,2909.205301891957,-1763.875301891957
1016.69,1717.8499524028082,-701.1599524028081
7636.48,9830.50782849446,-2194.0278284944598
647.14,1832.0273153312605,-1184.8873153312607
813.63,1290.280273069067,-476.6502730690671
1264.28,1428.6086017980642,-164.32860179806426
739.4,1118.5916150852931,-379.19161508529317
585.62,1541.3019505047641,-955.6819505047641
770.2,2581.7779440625886,-1811.5779440625886
1885.33,1765.0951019409001,120.2348980590998
925.71,2582.007176416319,-1656.297176416319
824.11,1406.3685241407306,-582.2585241407306
1666.18,1614.3643970169414,51.815602983058625
2738.14,1260.747935701868,1477.3920642981318
2266.47,3200.9076060176358,-934.437606017636
2785.29,3637.681715553501,-852.391715553501
2080.71,2479.551220646582,-398.84122064658186
6465.33,4038.5712519812373,2426.7587480187626
10008.92,14039.34030719819,-4030.42030719819
3078.0,2855.031243318901,222.96875668109897
937.64,2228.1124145801477,-1290.4724145801479
1078.59,1300.5208008223615,-221.93080082236156
3408.64,3949.3110692932933,-540.6710692932934
2173.44,2018.0414821465613,155.39851785343876
9320.78,8609.560740951034,711.2192590489667
4591.23,4218.910483810423,372.31951618957646
1790.53,2988.1490598671926,-1197.6190598671926
697.69,1217.2170044905024,-519.5270044905023
2045.8,2304.427289329626,-258.62728932962614
1406.4,3937.908986728118,-2531.508986728118
7924.36,7824.039444411787,100.3205555882123
8005.65,3231.787175890583,4773.862824109417
514.12,2934.406078522365,-2420.286078522365
8240.85,6019.417086561775,2221.432913438225
2051.11,1330.5494692829245,720.5605307170756
560.25,2142.347015776662,-1582.097015776662
13021.56,4597.503245069956,8424.056754930043
1313.35,2351.3387593477637,-1037.9887593477638
3715.62,2837.981995305384,877.638004694616
3263.79,3410.833765296008,-147.04376529600813
957.25,1061.2058874684174,-103.95588746841736
10637.32,8996.537012410372,1640.7829875896277
1829.65,1039.9953522999735,789.6546477000265
1679.52,2160.1713716994086,-480.6513716994086
3649.37,3331.3289788343336,318.0410211656663
829.16,1323.5123001341622,-494.3523001341622
3508.46,2113.3848822775512,1395.0751177224488
2315.99,2023.5313331493667,292.4586668506331
3447.76,7816.050526326496,-4368.290526326496
514.1,1150.233972600096,-636.133972600096
3133.31,3992.4854814851255,-859.1754814851256
1942.35,2110.2469341592405,-167.89693415924057
950.56,2253.9104520348883,-1303.3504520348883
3309.99,2546.7882972763596,763.2017027236402
796.1,1704.0428736150643,-907.9428736150643
11414.78,12304.595698062105,-889.8156980621043
1605.4,1522.029399847834,83.37060015216616
4676.42,2663.0803321530807,2013.3396678469194
1050.9,1681.8470189453778,-630.9470189453777
1228.04,2035.2571724086254,-807.2171724086254
2517.18,1493.1496833789092,1024.0303166210906
3395.83,2703.2620065651995,692.5679934348004
1470.8,3206.0934158284867,-1735.2934158284868
1823.1,1719.6833340320543,103.41666596794562
2216.85,2573.539825546012,-356.6898255460119
6608.59,8825.385193050177,-2216.7951930501767
704.15,827.107885810381,-122.95788581038107
336.83,1063.200900075262,-726.3709000752622
5007.2,3328.8415879677223,1678.3584120322776
2995.96,1923.834013145447,1072.125986854553
2456.55,2951.7719507720267,-495.2219507720265
5210.16,1862.3747153189047,3347.785284681095
702.79,1748.8545325473222,-1046.0645325473222
1765.07,2638.3796309625486,-873.3096309625487
1469.47,1043.972203443491,425.497796556509
396.65,1102.3654181390696,-705.7154181390696
1458.39,1915.7949965958105,-457.4049965958104
1378.62,1455.1717772068046,-76.55177720680467
10418.41,6400.3209960474405,4018.0890039525593
5351.25,8065.6833480513515,-2714.4333480513515
537.15,941.0252095817222,-403.8752095817222
9683.27,12417.653770335839,-2734.3837703358386
1050.45,6363.4775640589505,-5313.027564058951
4673.67,2836.3651172790696,1837.3048827209304
5589.36,4244.891543107464,1344.4684568925359
2523.88,3617.106910678741,-1093.2269106787408
559.01,1151.8206231067124,-592.8106231067125
1809.98,1973.7015184087231,-163.7215184087231
724.13,1419.092035101551,-694.9620351015509
3494.77,3357.90553060842,136.86446939157986
1483.02,1309.249619903238,173.77038009676198
9065.13,9746.476104561021,-681.346104561022
2201.5,3770.8656825084167,-1569.3656825084167
3202.07,4680.601553117205,-1478.531553117205
1244.49,3547.796465834401,-2303.306465834401
4220.38,3815.886317645928,404.493682354072
1062.28,1716.0622813289012,-653.7822813289013
1405.44,2703.8131158770666,-1298.3731158770665
3529.9,2857.2550156608477,672.6449843391524
9939.69,4787.339277891749,5152.350722108252
1050.37,2099.275319551265,-1048.9053195512652
4650.56,9123.06660732535,-4472.50660732535
6852.92,8506.268546605055,-1653.3485466050552
1784.88,1281.4206642878437,503.4593357121564
945.6,884.1981761537029,61.401823846297134
3032.85,2466.468721551145,566.381278448855
1698.48,3269.867447264865,-1571.387447264865
1116.3,2044.4792121614926,-928.1792121614926
22717.59,15826.978617280076,6890.611382719924
2799.23,2789.36479402389,9.865205976109792
539.19,3013.328815337451,-2474.138815337451
1158.04,2283.3721821704967,-1125.3321821704967
886.74,1144.413848491551,-257.6738484915511
920.4,1840.3621364974415,-919.9621364974415
2147.54,1937.7323715319428,209.80762846805715
1757.88,2694.202429554937,-936.3224295549371
3794.48,3296.89003222592,497.5899677740799
5505.86,1399.8580281010386,4106.001971898961
2088.56,1848.8834575548744,239.6765424451255
1670.98,1036.0018917253055,634.9781082746945
662.33,2317.261838359088,-1654.931838359088
1181.18,2258.6380040145195,-1077.4580040145195
1029.79,1283.7332433043107,-253.94324330431073
2580.85,3420.7867522136935,-839.9367522136936
192.56,1402.7879668282553,-1210.2279668282554
12931.99,8806.523718735432,4125.466281264567
4998.5,7624.961543063035,-2626.4615430630347
2861.67,2681.2536559002397,180.4163440997604
701.85,2643.5323328422805,-1941.6823328422806
1280.48,5955.216557556689,-4674.736557556689
1100.62,1819.7662584793566,-719.1462584793567
6722.73,7775.515614697564,-1052.7856146975646
2253.13,4017.9118459182487,-1764.7818459182486
4021.22,3681.005320495313,340.21467950468696
6484.32,8233.046413114986,-1748.726413114986
3730.88,4882.26474747794,-1151.3847474779395
1587.32,2434.9337927591537,-847.6137927591537
1906.61,1283.045613380383,623.5643866196169
580.89,1336.1808021073696,-755.2908021073696
1222.5,2442.6160387239056,-1220.1160387239056
2341.01,3505.16898756687,-1164.1589875668697
842.29,2019.8628480637528,-1177.5728480637529
574.51,1292.2190225495044,-717.7090225495044
403.8,1024.5695252554563,-620.7695252554563
1972.38,1973.063903442389,-0.6839034423887824
1561.42,5927.659583394597,-4366.239583394597
3714.62,2576.443556569507,1138.1764434304928
9908.83,3346.997921402202,6561.832078597798
2009.61,1808.9986276302648,200.61137236973514
2117.14,1612.5387200663217,504.60127993367814
26362.6,8848.25779033528,17514.34220966472
9143.77,8124.173879321951,1019.5961206780494
942.33,1231.5471979542253,-289.2171979542253
3753.51,3812.206852000192,-58.69685200019194
7107.84,4389.706135517512,2718.133864482488
2694.38,2565.532978543785,128.84702145621532
2026.62,5402.57525413563,-3375.9552541356297
2111.04,5082.025403559611,-2970.985403559611
783.29,2920.0206325026456,-2136.7306325026457
2646.85,2613.5733582678345,33.276641732165444
351.0,1655.8823216892772,-1304.8823216892772
1262.89,1605.4542132849215,-342.5642132849214
5121.74,2959.994196016654,2161.745803983346
646.18,2384.4625691854817,-1738.2825691854819
908.73,1206.6728291146992,-297.9428291146992
1209.06,1891.6692196497008,-682.6092196497009
2103.32,2487.3169778359456,-383.9969778359455
7020.55,6394.205803839715,626.3441961602848
1162.37,1536.4494322336843,-374.07943223368443
538.87,1832.286000816482,-1293.4160008164822
1603.32,2249.5777789920608,-646.2577789920608
1998.44,2096.309088592238,-97.86908859223786
4289.45,2142.52615981424,2146.9238401857597
2395.85,2549.733984277742,-153.883984277742
869.22,1807.7541903418198,-938.5341903418198
993.26,1388.715157209484,-395.455157209484
2670.47,1871.7077945967976,798.7622054032022
2350.67,2184.5541273969657,166.1158726030344
462.48,703.3205631437329,-240.84056314373288
1669.46,3747.295046453325,-2077.835046453325
1978.26,2167.693298132858,-189.43329813285823
3561.17,1755.4918633795369,1805.6781366204632
1484.22,2162.7028758277092,-678.4828758277092
2832.84,4625.660262404075,-1792.820262404075
538.39,1304.4854636197156,-766.0954636197156
1226.39,1439.69661860447,-213.3066186044698
2527.95,1035.542760431292,1492.4072395687078
1170.95,1186.8191876788808,-15.869187678880735
1375.95,2109.277853933163,-733.3278539331629
1419.88,1466.1325050440762,-46.25250504407609
11332.41,5363.068295677657,5969.341704322343
1281.58,2526.5894138063823,-1245.0094138063823
929.33,2759.261316303425,-1829.9313163034249
1317.37,2345.8537090879654,-1028.4837090879655
1304.4,2268.163536982508,-963.763536982508
3871.79,2950.248135664825,921.541864335175
14899.99,9659.114415935135,5240.875584064865
2652.26,1731.4865148369859,920.7734851630144
2486.64,3902.9415868000083,-1416.3015868000084
781.49,987.9376218946252,-206.44762189462517
4839.52,2991.6598025331723,1847.8601974668281
1269.65,1549.683398001975,-280.033398001975
5147.57,1825.0693262453556,3322.500673754644
2094.48,1888.9412849830444,205.53871501695562
823.79,1213.2769998372419,-389.4869998372419
1487.77,3091.8714282978553,-1604.1014282978554
3554.1,3715.720970226424,-161.6209702264241
4725.26,4120.806295881473,604.4537041185276
846.28,6569.0006184389595,-5722.72061843896
1258.12,1639.0687098834007,-380.94870988340085
1664.33,1093.950926737877,570.379073262123
766.49,983.4520861768211,-216.96208617682112
2063.14,2203.923338712504,-140.78333871250425
7080.22,8547.38768921837,-1467.1676892183705
3654.55,1884.810142960115,1769.7398570398852
2103.85,2326.8389597481982,-222.98895974819834
657.26,1401.353651698817,-744.093651698817
5581.8,4059.4948460700152,1522.305153929985
3630.52,2567.289371392639,1063.2306286073608
4147.72,6928.781411182359,-2781.061411182359
14392.04,9127.050792076177,5264.989207923823
912.64,1494.2037682451798,-581.5637682451799
1287.14,1476.734675149443,-189.594675149443
8478.84,10310.448308592999,-1831.6083085929986
2812.27,1815.0846961326765,997.1853038673235
1748.48,2994.156575438415,-1245.676575438415
1859.55,2263.9548308837107,-404.4048308837107
2995.95,2217.939431372947,778.0105686270526
4637.77,2598.064952225387,2039.7050477746134
2064.0,2342.301917061698,-278.3019170616981
2939.12,4378.019242723883,-1438.8992427238827
281.0,2521.7268562749014,-2240.7268562749014
6440.27,2380.4892024866203,4059.78079751338
1306.4,1561.001156587428,-254.60115658742802
1558.15,1210.8447426237071,347.30525737629296
2635.1,2098.254512350581,536.8454876494188
2420.06,4293.61991501029,-1873.5599150102903
4162.96,2106.4371279110155,2056.5228720889845
737.97,769.5363184709062,-31.56631847090614
1657.97,3147.129570205609,-1489.159570205609
2234.54,2301.8925334577107,-67.3525334577107
5848.91,3805.224451643569,2043.685548356431
928.0,1793.047518922013,-865.0475189220131
1973.33,3064.944782529177,-1091.6147825291769
457.44,2262.9865016540125,-1805.5465016540124
1885.98,2463.725438534158,-577.745438534158
439.89,1021.2346944557855,-581.3446944557855
3598.88,3967.3002277238593,-368.42022772385917
1042.78,2455.490533713861,-1412.7105337138612
9834.73,10053.560118102847,-218.83011810284734
972.06,988.1522371049506,-16.09223710495064
567.18,935.522236211493,-368.34223621149306
9987.15,6483.85222736845,3503.2977726315494
1107.0,1754.13513283359,-647.13513283359
5099.46,4097.729406785585,1001.7305932144154
2069.15,2983.9754230029716,-914.8254230029715
1529.52,1779.0207862672764,-249.50078626727645
1286.83,2047.282330106025,-760.4523301060251
1834.75,4049.278286649459,-2214.528286649459
1897.37,2039.752063984203,-142.3820639842031
8478.16,4656.175412647031,3821.9845873529684
1503.61,2427.2710691810776,-923.6610691810777
4384.35,3353.977157952785,1030.3728420472153
2160.48,2260.723661399664,-100.24366139966378
758.37,1371.8390592853252,-613.4690592853252
899.03,1538.5614093407585,-639.5314093407585
1472.44,1624.8232672278293,-152.38326722782926
585.02,1319.9168177981928,-734.8968177981928
2008.17,1814.1353057950462,194.0346942049539
1190.15,1444.5338583012235,-254.38385830122343
1007.3,1495.2851590657763,-487.9851590657763
1831.39,2645.9298262763923,-814.5398262763922
2538.71,1816.0299112921946,722.6800887078055
1400.03,1723.5831467679777,-323.55314676797775
1020.8,1701.459088309438,-680.659088309438
1600.51,2435.8169278547275,-835.3069278547275
2110.03,2623.0834214487054,-513.0534214487052
2624.7,2289.096361601245,335.6036383987548
930.95,1565.394621711055,-634.4446217110549
5218.34,5664.141407094976,-445.80140709497573
1715.58,1846.8503972202843,-131.2703972202844
5235.52,6353.005979564167,-1117.4859795641669
4370.98,6849.167791269541,-2478.187791269542
1142.23,1346.3474601079752,-204.11746010797515
2419.29,4329.84842265433,-1910.5584226543297
2276.55,2634.856450773427,-358.3064507734266
2646.3,1719.307036887082,926.9929631129182
1626.99,2176.0378463450265,-549.0478463450265
1976.56,2238.1133552225588,-261.5533552225588
1141.7,3018.8895153290105,-1877.1895153290104
6026.79,6417.6676778406045,-390.8776778406045
1906.05,1764.3907482113746,141.6592517886254
7168.82,5245.843475155531,1922.9765248444683
3205.23,2763.7504076996115,441.4795923003885
1606.84,867.1656192371096,739.6743807628903
4383.91,3241.3736772251787,1142.5363227748212
590.44,964.3948838199864,-373.9548838199863
7619.44,3984.8995633898053,3634.5404366101943
2104.74,2084.5289100331433,20.211089966856434
577.87,1081.7081393075605,-503.8381393075605
6215.42,4677.731956639836,1537.6880433601636
1577.75,2109.5207421924724,-531.7707421924724
637.52,826.3209971754462,-188.80099717544624
1590.35,2786.391373535865,-1196.0413735358652
560.06,682.8120489732836,-122.75204897328365
1724.39,1543.8335814304858,180.55641856951434
641.87,1405.3414786917408,-763.4714786917408
9707.86,4061.5623994605485,5646.297600539452
734.07,1867.9140612122474,-1133.8440612122472
6789.47,3695.7320858354383,3093.737914164562
1032.14,2237.348932481014,-1205.2089324810138
1172.5,3737.9391686951953,-2565.4391686951953
828.27,1641.1991294797924,-812.9291294797924
2093.06,2615.089272586628,-522.0292725866279
1627.25,2914.563863030382,-1287.313863030382
455.4,2387.143166759219,-1931.743166759219
2670.56,5348.723912528732,-2678.1639125287325
2687.73,3591.5072463384927,-903.7772463384927
6708.88,5055.772624347153,1653.1073756528467
4060.79,6104.43595390509,-2043.6459539050902
5397.54,2191.305414200188,3206.234585799812
2684.45,1876.4090304689507,808.0409695310491
4283.61,3658.3543063308725,625.2556936691271
4372.12,5161.694871462351,-789.5748714623514
501.08,1102.0130250532468,-600.9330250532469
6750.67,3757.945042876181,2992.724957123819
3840.49,4675.758556378189,-835.2685563781888
3933.01,5653.911127765338,-1720.901127765338
779.06,1934.5528741993876,-1155.4928741993876
5870.22,7181.407872706192,-1311.1878727061921
4723.41,3175.0922365045803,1548.3177634954195
6697.93,5506.115748346385,1191.8142516536154
2474.09,2013.1292385700674,460.96076142993275
2037.27,1736.139862267066,301.1301377329339
2482.1,1919.7046286973891,562.3953713026108
9021.81,8644.122933358825,377.68706664117417
4698.22,3732.255943146273,965.9640568537275
689.55,1984.811245888586,-1295.261245888586
1693.64,2211.0740735050085,-517.4340735050084
7933.0,7049.437737736091,883.5622622639094
3654.17,2439.278046399294,1214.891953600706
1535.15,1984.886578274238,-449.7365782742379
2900.76,2153.33682962352,747.4231703764804
2336.27,1429.5042629025947,906.7657370974052
1158.92,1237.6056571135737,-78.6856571135736
1825.88,2365.8434652808746,-539.9634652808745
1596.38,1786.3718133881564,-189.9918133881563
4128.02,5792.618034416893,-1664.598034416893
9225.28,4357.769354091432,4867.510645908568
1250.25,1665.440883935031,-415.190883935031
3059.05,3716.919080992356,-657.869080992356
5033.78,4743.843480514696,289.9365194853035
2823.03,1530.331002057076,1292.6989979429243
684.31,1945.9860651548374,-1261.6760651548375
1711.71,1391.380425158183,320.329574841817
2313.34,2445.7595171440325,-132.4195171440324
8336.62,6633.270260493659,1703.3497395063414
2273.22,2963.6339678943705,-690.4139678943707
1710.72,2502.807753804358,-792.087753804358
2331.76,4898.740260699403,-2566.9802606994026
1387.11,3908.386910591948,-2521.276910591948
3967.17,2991.462425613206,975.707574386794
996.93,2196.6186476984385,-1199.6886476984387
2185.58,2181.506642369687,4.073357630312785
1522.26,2554.9725599225394,-1032.7125599225394
9568.01,3615.2123761917355,5952.797623808265
533.6,1648.2439357263604,-1114.6439357263603
2067.88,1748.0711783421007,319.80882165789944
32482.93,9969.182839342966,22513.747160657033
1347.07,2480.659642644934,-1133.5896426449342
6373.72,4903.468588375701,1470.2514116242992
1711.74,1707.7721848005724,3.967815199427605
14152.39,10103.253565916626,4049.1364340833734
1379.29,1631.7815317278441,-252.49153172784418
1567.11,1222.0655605047752,345.04443949522465
3727.9,2520.5320507566257,1207.3679492433744
2980.31,3988.0163723514306,-1007.7063723514307
1584.02,1414.9024153268792,169.11758467312075
3631.23,3345.253001609743,285.976998390257
5584.13,4812.132498042723,771.9975019572776
723.02,2081.7278161461304,-1358.7078161461304
4638.14,4200.022632009028,438.1173679909725
5049.65,4913.363246999949,136.28675300005034
1258.72,1523.0457250640764,-264.3257250640763
2530.18,1723.5914887140386,806.5885112859612
2841.33,3720.400025952855,-879.0700259528548
1275.96,3031.153469721386,-1755.193469721386
7495.24,4267.631729600521,3227.608270399479
542.5,1511.0800360181634,-968.5800360181634
6448.43,5420.450567476487,1027.9794325235134
8762.89,5518.829304708577,3244.0606952914222
998.95,2444.7472654731364,-1445.7972654731363
2269.75,1264.4166228932793,1005.3333771067207
2497.5,2791.3286002681757,-293.8286002681757
4660.51,2589.179473821838,2071.330526178162
721.36,1037.2609281579475,-315.90092815794753
1164.85,1001.8001137890069,163.049886210993
1158.0,1040.8566791102455,117.14332088975448
1030.84,3093.7851715147503,-2062.9451715147507
3504.88,3191.3129671879033,313.56703281209684
10027.07,6868.094523012296,3158.9754769877036
2072.92,1357.5687605963137,715.3512394036863
1540.28,2117.417491397824,-577.1374913978241
578.44,1316.0794739496598,-737.6394739496598
1086.28,2192.658230279226,-1106.3782302792258
2528.24,2014.7249276576106,513.5150723423892
1958.99,1853.6088466836536,105.3811533163464
1611.38,2974.4713367745835,-1363.0913367745834
1139.17,2008.075549128877,-868.9055491288768
4108.75,2389.5718823450543,1719.1781176549457
846.11,1366.67692259146,-520.56692259146
5476.4,4964.7985812344905,511.60141876550915
6672.95,7123.500417905034,-450.550417905034
813.0,1420.8412402455192,-607.8412402455192
2828.83,3018.916263923281,-190.08626392328097
1898.61,1639.4178016307192,259.19219836928073
1313.27,1332.7276938222603,-19.457693822260353
2079.58,3503.0655551888426,-1423.4855551888427
1283.96,6893.147221839636,-5609.187221839636
2744.41,3660.2898561301836,-915.8798561301837
2981.04,2923.2485268480523,57.791473151947685
24687.94,10154.937875094198,14533.0021249058
2375.04,2672.0288737751935,-296.9888737751935
823.04,1586.0871416341472,-763.0471416341472
4451.62,2565.097063151366,1886.522936848634
4055.86,2043.00964668446,2012.8503533155401
5091.32,2969.2949656962937,2122.025034303706
1497.28,3472.967670370393,-1975.687670370393
722.75,1613.4159023003876,-890.6659023003876
1230.91,2309.148997853365,-1078.238997853365
819.25,1848.5712064057789,-1029.3212064057789
4206.23,2715.692538317566,1490.5374616824338
3607.7,1936.208069525208,1671.4919304747918
992.32,1439.511703093141,-447.191703093141
966.13,1331.6947513498521,-365.56475134985214
7399.37,3382.187264809608,4017.1827351903917
3462.88,13095.915807572534,-9633.035807572534
1684.68,2411.6922371634178,-727.0122371634177
6586.3,3069.619240577468,3516.680759422532
1847.9,2126.120256647351,-278.2202566473511
3695.47,1753.7727373748462,1941.6972626251536
634.95,805.6510959711104,-170.70109597111036
5715.6,4433.414303085135,1282.1856969148657
5048.77,3457.02759988782,1591.7424001121803
1319.9,2368.089722860146,-1048.189722860146
5050.81,4369.815164957615,680.9948350423856
5460.7,8226.081108782892,-2765.3811087828917
612.32,739.6641047473512,-127.34410474735114
2829.99,4643.534042557323,-1813.5440425573233
4136.55,4601.533549540494,-464.9835495404941
1432.17,2970.4648976840945,-1538.2948976840944
2679.71,2013.8870012083908,665.8229987916093
2841.64,3085.772377051496,-244.13237705149595
3125.41,3608.6622070958333,-483.25220709583346
9015.64,4308.502952412807,4707.137047587193
8226.1,8065.945949335139,160.15405066486164
1918.05,1811.8695685435127,106.18043145648721
1645.29,2849.422208728343,-1204.132208728343
6832.61,2538.1282601321827,4294.481739867817
621.09,1883.4203893583176,-1262.3303893583175
3094.42,3794.5762735172216,-700.1562735172215
1330.58,2248.1031719157554,-917.5231719157555
2724.53,1843.831305864969,880.6986941350312
1288.87,1340.3886468884032,-51.51864688840328
1299.38,2242.3577086349474,-942.9777086349472
2418.39,3051.843855676039,-633.453855676039
718.55,2022.3915612601772,-1303.8415612601773
2873.86,859.2596561021116,2014.6003438978885
4186.29,1872.1384139777463,2314.1515860222535
734.67,1417.3169015330232,-682.6469015330232
919.37,1607.3169172423022,-687.9469172423022
6392.19,3149.637023669816,3242.552976330184
1093.21,1880.7801771110546,-787.5701771110546
1527.59,1197.4156199711458,330.1743800288541
3840.97,2164.547829635124,1676.422170364876
2108.35,3334.379256747489,-1226.029256747489
7482.92,5506.809874024559,1976.1101259754414
1988.56,2436.6703304291364,-448.1103304291364
14031.72,8454.677469703507,5577.042530296492
736.21,1205.9427204773153,-469.7327204773153
1540.91,4759.206974833691,-3218.296974833691
2409.47,1152.0606774954101,1257.4093225045897
1455.8,1008.4293868834948,447.3706131165052
1876.99,2585.9672015035007,-708.9772015035007
4870.5,3111.5909206862902,1758.9090793137098
3656.5,3566.668990881812,89.83100911818792
562.99,1218.9840881485527,-655.9940881485527
4219.46,5340.592841123229,-1121.132841123229
2612.58,3245.5129591268224,-632.9329591268224
3002.32,2187.4867457892865,814.8332542107137
2960.58,3361.2179219173886,-400.63792191738867
1351.92,1341.2163201799224,10.703679820077696
1801.32,2945.45524530676,-1144.13524530676
881.9,2248.954243565791,-1367.0542435657908
3728.66,2918.763021269683,809.8969787303167
3582.35,3403.651932515047,178.69806748495284
5267.3,5329.3456888314995,-62.04568883149932
262.97,1298.3037911731983,-1035.3337911731983
2443.11,2960.6431447623413,-517.5331447623412
2438.66,5747.069091246809,-3308.409091246809
1388.09,1812.251442696222,-424.16144269622214
2120.54,2599.0236365573846,-478.48363655738467
2220.28,1577.2413394293076,643.0386605706926
903.34,1352.2335822833181,-448.8935822833181
1919.76,3516.33613277261,-1596.5761327726102
2937.48,1230.8307191291715,1706.6492808708285
4473.23,1486.5699714434547,2986.6600285565446
599.73,1891.5592593134645,-1291.8292593134645
6981.83,3846.105041779441,3135.724958220559
400.64,1091.349181968763,-690.7091819687631
1420.41,2434.287372345003,-1013.8773723450029
615.07,1771.3170665902092,-1156.2470665902092
4200.8,2542.719613509746,1658.080386490254
2209.34,1635.1975035172693,574.1424964827308
1176.48,2401.851646677293,-1225.371646677293
1184.97,1577.6687786423843,-392.69877864238424
2525.1,3199.2032091301294,-674.1032091301295
876.51,2502.1424017405484,-1625.6324017405484
701.58,2955.055963201418,-2253.475963201418
3098.37,2492.3073384264644,606.0626615735355
14221.04,8536.147812409046,5684.892187590955
1555.94,1931.163980867362,-375.2239808673619
1338.39,1567.082011839756,-228.69201183975588
7968.15,10542.909514819657,-2574.759514819658
830.18,1589.0909678027485,-758.9109678027486
4926.87,6518.09030976972,-1591.2203097697202
657.28,1056.9601619668626,-399.68016196686267
850.01,1874.860043954976,-1024.850043954976
3823.63,4709.662575575935,-886.032575575935
1797.6,2588.6511074428417,-791.0511074428418
2559.35,1952.6262932766363,606.7237067233636
831.92,1208.944257112119,-377.024257112119
1397.1,1894.5633524589045,-497.46335245890464
2172.69,3701.395237831709,-1528.705237831709
4429.66,4873.567443262975,-443.907443262975
2553.15,1911.2828567168842,641.8671432831159
3635.5,1815.9869133003424,1819.5130866996576
1643.33,1565.354639137284,77.97536086271589
3096.92,1252.3004719923576,1844.6195280076424
4488.11,3069.722037131488,1418.3879628685117
5889.98,3085.999541343591,2803.9804586564087
643.52,2058.933799598729,-1415.413799598729
5524.77,4299.278383340887,1225.4916166591138
2467.45,2960.8414228668958,-493.39142286689594
6978.59,6025.550887556355,953.0391124436455
2189.41,1586.0861408737335,603.3238591262664
1037.4,2359.949894745002,-1322.549894745002
4792.35,1567.5246152549917,3224.8253847450087
8759.49,7881.702758604296,877.7872413957039
641.85,1192.7894260102905,-550.9394260102905
12578.2,10019.735798287249,2558.4642017127517
2283.38,2022.755769445228,260.6242305547721
648.25,986.563147496505,-338.31314749650505
11391.35,4803.558871676729,6587.791128323272
593.32,1473.9544972940635,-880.6344972940634
1387.81,2676.2957449677024,-1288.4857449677024
1082.7,2058.2913177222226,-975.5913177222226
5968.03,2417.629171907776,3550.400828092224
806.98,2550.7660507742003,-1743.7860507742002
1764.22,1263.5764093407513,500.64359065924873
993.99,1661.3981617845734,-667.4081617845734
2883.48,1666.899188835086,1216.580811164914
1996.41,2967.1212977461023,-970.7112977461022
1187.38,1797.137537145571,-609.757537145571
2109.94,1190.755696904892,919.1843030951081
1273.16,3103.3503573460885,-1830.1903573460884
707.35,1293.9666274643464,-586.6166274643464
1202.92,1909.6022145779377,-706.6822145779377
2591.57,1966.515349330066,625.0546506699341
144.98,1946.864068882429,-1801.884068882429
8000.26,5563.93998873767,2436.32001126233
595.12,1899.2563014536731,-1304.1363014536732
2138.08,1557.9070570143476,580.1729429856523
740.6,2893.625424143474,-2153.025424143474
1434.27,2219.4161248548803,-785.1461248548803
1048.68,1878.2577519185186,-829.5777519185185
3935.91,4593.162185487485,-657.2521854874849
1406.15,1481.8032532991183,-75.6532532991182
4929.23,3306.0662927777717,1623.163707222228
3539.83,2315.799408667403,1224.030591332597
1345.59,2344.0544649806475,-998.4644649806476
1220.23,1713.1982388185304,-492.9682388185304
1042.82,1181.1896247453321,-138.3696247453322
1480.52,3522.1128481614114,-2041.5928481614114
5568.23,2522.457951470004,3045.7720485299956
1357.11,1545.7228241554062,-188.61282415540632
1821.39,1793.875931604327,27.51406839567312
1591.39,1208.0010531960054,383.3889468039947
1688.03,2604.2143385022305,-916.1843385022305
5618.28,2976.7648095341196,2641.51519046588
2533.25,2095.999034426342,437.25096557365805
3144.32,4281.941397615682,-1137.6213976156819
3350.38,1869.8607876378974,1480.5192123621027
1204.93,2599.9827387381097,-1395.0527387381096
2611.92,1889.350920411891,722.5690795881092
1463.56,1490.2044749935942,-26.644474993594258
2398.28,2748.3264797084594,-350.0464797084592
3177.46,2702.156733995822,475.3032660041781
757.34,1050.257942974379,-292.9179429743789
7984.06,5678.252428165832,2305.807571834169
1301.09,4491.971347729832,-3190.8813477298318
700.49,2216.7878804165107,-1516.2978804165107
2966.2,2568.8049745166777,397.3950254833221
3839.95,1807.5236742702264,2032.4263257297735
10082.57,10043.092280400644,39.47771959935562
1330.0,1177.1827471747488,152.81725282525122
737.77,1423.256685410633,-685.4866854106331
1908.34,1849.0009604785398,59.33903952146011
851.8,1175.8882384152273,-324.08823841522735
793.07,1577.7049064181763,-784.6349064181762
2655.52,2388.860368908095,266.6596310919049
762.24,1710.0853169956363,-947.8453169956363
4120.57,4580.487631781131,-459.9176317811316
4884.96,3303.1653653214485,1581.7946346785516
1946.04,1621.2110928153863,324.8289071846136
1873.36,2418.0614271047675,-544.7014271047676
4203.57,3424.5290946064706,779.0409053935291
634.06,1739.2703268694484,-1105.2103268694484
776.48,1509.6233422916766,-733.1433422916766
2715.03,1617.2571310506821,1097.772868949318
2238.54,3994.191890294814,-1755.6518902948142
1352.81,5179.521962903653,-3826.711962903653
4934.76,3361.436119060826,1573.3238809391742
8445.02,3170.3988298647696,5274.621170135231
4398.73,2300.3756761870404,2098.354323812959
1733.18,2296.620062215107,-563.4400622151068
7067.22,10160.3070155101,-3093.0870155100993
3375.1,1911.9626028178902,1463.1373971821097
1828.82,1977.9303982430283,-149.11039824302838
3400.18,4899.255610339742,-1499.075610339742
1657.43,1619.4194318859718,38.010568114028274
3103.27,2764.534729618895,338.7352703811048
4474.65,2736.663966135658,1737.9860338643416
6337.01,5938.109607593417,398.9003924065828
2668.75,1159.6105701369381,1509.1394298630619
760.82,1117.219850208796,-356.399850208796
17227.62,14350.516972744408,2877.103027255591
3824.11,3190.449203337945,633.660796662055
2918.01,1875.6227389395106,1042.3872610604897
15010.47,3219.006051270093,11791.463948729906
3273.33,4293.447412466678,-1020.1174124666777
2439.39,1997.479711751449,441.91028824855084
1751.88,3325.4950903191575,-1573.6150903191574
5263.63,2949.0298796490083,2314.600120350992
707.61,1204.587816830833,-496.9778168308329
1380.81,2827.2598701821266,-1446.4498701821267
616.19,1215.8415753404665,-599.6515753404665
13118.2,7762.506407458689,5355.693592541312
6037.62,4002.142063442938,2035.477936557062
3743.38,2732.718529387374,1010.6614706126261
5976.67,3819.963554040974,2156.706445959026
1848.69,1952.3544141347443,-103.66441413474422
3754.09,2994.213311540548,759.876688459452
1304.43,1464.1615955568843,-159.73159555688426
1263.95,1345.1679709038942,-81.21797090389418
1731.42,2137.9762938290382,-406.55629382903817
3329.43,3290.2400747192664,39.189925280733405
1348.42,929.0448934052037,419.3751065947964
6590.35,4767.591159042259,1822.758840957741
4344.31,2496.346674580355,1847.9633254196456
6671.21,3395.382038596239,3275.827961403761
2622.58,2515.010013931845,107.56998606815478
2134.25,2097.364456490377,36.88554350962295
2171.11,9378.10338031523,-7206.993380315229
9422.31,6472.846247362621,2949.463752637378
783.78,1650.7322342476664,-866.9522342476664
601.08,3349.6656270507247,-2748.5856270507247
984.1,3043.0879213963253,-2058.9879213963254
1168.98,2579.614177207288,-1410.6341772072878
432.26,1323.4339642379357,-891.1739642379357
1649.5,2285.7461283384273,-636.2461283384273
3987.63,2940.892192692028,1046.7378073079722
829.06,1823.8895118752118,-994.8295118752119
426.23,991.4883831974398,-565.2583831974398
1454.57,1906.8120048642552,-452.24200486425525
1033.83,996.5156187780268,37.31438122197312
6778.16,5003.258157861543,1774.9018421384571
892.08,1679.2787493225278,-787.1987493225278
8731.77,4208.0376343447615,4523.732365655239
1572.13,1945.1142008891236,-372.9842008891235
1578.07,2418.0374305017954,-839.9674305017954
5102.57,3861.7810530204206,1240.7889469795791
4610.59,3361.2774647905862,1249.312535209414
1214.68,1728.4495444502074,-513.7695444502074
1076.73,2163.780021441073,-1087.050021441073
25153.41,10703.728448823304,14449.681551176696
5495.54,3340.5578542440867,2154.9821457559133
6245.85,1723.9729088205734,4521.877091179427
1314.37,1584.1800940064381,-269.81009400643825
1629.98,2902.905304177283,-1272.9253041772831
1033.57,1183.8167214629786,-150.2467214629787
1770.19,2446.315066901061,-676.125066901061
2537.83,1551.8545190574844,985.9754809425156
4295.27,2623.598965604054,1671.6710343959467
5103.86,4546.319015873505,557.5409841264945
2304.46,2693.674048281435,-389.21404828143477
2597.16,6479.5813351030465,-3882.4213351030467
1121.6,1485.9923431752602,-364.3923431752603
2236.24,2690.09321616677,-453.8532161667704
4600.36,3899.5022245924906,700.857775407509
3562.71,1473.2227400245458,2089.4872599754544
929.06,1554.0187954632845,-624.9587954632846
1493.53,2425.7793692922696,-932.2493692922696
4333.78,4555.985283763956,-222.2052837639567
2002.66,4330.517861587045,-2327.8578615870456
3088.02,5619.437552882774,-2531.417552882774
3011.95,3309.4864327724185,-297.5364327724187
796.82,930.5792431612094,-133.75924316120938
1030.31,2015.6519604220327,-985.3419604220328
4219.33,1354.2923053275688,2865.037694672431
5446.09,4538.191546247773,907.8984537522274
2921.69,4645.165973747863,-1723.475973747863
958.64,2153.790828829425,-1195.1508288294253
661.8,1695.6852018594075,-1033.8852018594075
1311.94,2725.0102787337346,-1413.0702787337345
1479.88,2836.2023362819796,-1356.3223362819795
1486.68,1981.4422256813575,-494.76222568135745
6861.32,7932.032671840213,-1070.7126718402133
3117.55,3962.0889157258207,-844.5389157258205
5827.33,6497.803197991854,-670.4731979918542
3866.23,8611.841602878601,-4745.611602878602
1196.37,1652.8954942183484,-456.5254942183485
4769.61,7120.326681292494,-2350.7166812924943
934.57,1105.6059795016208,-171.03597950162077
1466.67,1147.1751465217467,319.4948534782534
2160.55,2759.489122894587,-598.939122894587
7450.3,8406.566444674347,-956.2664446743465
6199.77,4826.648015480943,1373.1219845190572
16627.29,6377.637270077259,10249.652729922742
1383.49,2277.7404656809977,-894.2504656809976
870.79,1107.1066075388,-236.3166075388001
473.92,1250.440829557356,-776.5208295573559
1249.15,2802.3993216943168,-1553.2493216943167
1273.77,1423.9264887510558,-150.1564887510558
6117.78,2332.080084524616,3785.699915475384
4983.38,6009.871135396015,-1026.4911353960151
536.61,1249.9106501026706,-713.3006501026706
2268.86,1918.3636899173578,350.49631008264237
1799.71,4000.419683312155,-2200.709683312155
3030.0,1146.1001237861258,1883.8998762138742
769.53,1601.555662191031,-832.025662191031
4911.91,4044.354420223457,867.5555797765428
7419.13,4950.701023039071,2468.4289769609295
2147.58,1552.291027893617,595.288972106383
2171.68,1712.299555607209,459.3804443927909
1175.91,1301.5131163789654,-125.6031163789653
1337.69,3412.3105451881024,-2074.6205451881024
1213.21,1842.446386431164,-629.236386431164
2712.7,1388.9556527018835,1323.7443472981163
9226.09,5820.724738585702,3405.3652614142984
2912.15,3006.8860527444695,-94.73605274446936
1191.84,1444.899851587896,-253.059851587896
988.21,972.6528296582452,15.55717034175484
1871.14,2227.8017137775087,-356.66171377750857
1085.09,1244.6354143334092,-159.54541433340933
727.16,2894.8227549678804,-2167.6627549678806
2152.76,1446.7499591992232,706.010040800777
937.53,1184.3064517386936,-246.7764517386936
3278.93,3006.144712450475,272.78528754952504
2066.11,3240.1929705200205,-1174.0829705200204
1697.25,1741.159681781063,-43.909681781063
2502.75,3023.6350789101093,-520.8850789101093
1494.67,2694.9031443513245,-1200.2331443513244
2446.83,3721.4801838736203,-1274.6501838736203
4453.05,4658.346755497728,-205.29675549772764
1293.12,2238.659363512485,-945.5393635124851
4148.51,3248.9825987058257,899.5274012941745
804.0,1718.4646101068533,-914.4646101068533
759.17,3318.4184052671003,-2559.2484052671
3720.15,5332.228033914357,-1612.078033914357
2261.26,2976.468768500436,-715.2087685004358
2027.03,3409.0191616190414,-1381.9891616190414
1158.35,1006.3705367521829,151.97946324781697
689.8,1303.3878481619267,-613.5878481619268
1884.84,1534.893266188319,349.9467338116808
4293.74,3010.2400882708753,1283.4999117291245
852.71,1231.0611182415962,-378.35111824159617
3045.2,2119.677395914338,925.5226040856619
2066.35,2925.6591489638668,-859.3091489638668
4487.91,4514.89547056487,-26.98547056487041
3571.69,2345.1906321270767,1226.4993678729234
1093.23,2070.9912954159927,-977.7612954159927
4562.4,4721.742152281296,-159.34215228129597
850.61,2132.138790641536,-1281.528790641536
1763.18,1705.5223817480708,57.65761825192931
1215.5,1041.3719094327569,174.12809056724313
1583.83,5547.62765183427,-3963.7976518342703
3602.7,3587.3599462875695,15.34005371243029
4567.42,5041.988942854541,-474.5689428545411
1419.08,4262.69942505345,-2843.61942505345
2568.15,4203.643496002376,-1635.493496002376
4723.4,1943.935655470902,2779.4643445290976
2719.77,2377.5722727166444,342.19772728335556
2531.98,1423.5383575192561,1108.441642480744
13358.27,4611.897616861218,8746.372383138783
1590.06,1920.78226204766,-330.72226204766
4225.07,5544.405258820789,-1319.335258820789
2045.03,1887.0783385137204,157.9516614862796
10605.68,3467.365146945472,7138.314853054528
3681.49,1550.1581805070193,2131.3318194929807
834.58,923.3064239007311,-88.7264239007311
2541.18,3561.4329176072197,-1020.2529176072198
989.15,1370.6945173982217,-381.5445173982217
3469.07,1997.9812398605004,1471.0887601394998
975.91,3495.028859134736,-2519.1188591347363
3330.55,2684.9199029975493,645.6300970024508
785.81,2193.039491695253,-1407.2294916952533
1972.53,1660.2653917233954,312.2646082766046
4075.37,3375.5089362741433,699.8610637258566
1685.32,1557.073584289525,128.24641571047505
1242.05,1203.3340186799949,38.715981320005085
3725.38,4332.895323129573,-607.5153231295726
374.29,1639.408136150451,-1265.118136150451
1663.99,1304.4415929044892,359.5484070955108
883.9,1210.1974452241982,-326.2974452241982
862.02,680.7103625651841,181.30963743481584
2208.04,4967.679913889066,-2759.6399138890656
1661.24,2070.379032615279,-409.1390326152789
1492.09,2052.1236864532984,-560.0336864532985
3562.48,2746.462819745695,816.017180254305
754.45,1408.0705743755657,-653.6205743755656
2348.1,2760.3283770951425,-412.2283770951426
963.75,1622.2320684428064,-658.4820684428064
2831.2,4208.442381702306,-1377.2423817023064
1278.3,1587.7191991306017,-309.4191991306018
1319.24,2255.216131488679,-935.9761314886789
4104.15,4571.960624606446,-467.81062460644625
10461.59,2280.717381590886,8180.872618409114
2703.96,1808.299921306959,895.660078693041
2005.48,2135.3942235799523,-129.91422357995225
1901.81,2156.719298619594,-254.9092986195942
2199.63,902.1780151745638,1297.4519848254363
1634.65,4054.450020386051,-2419.800020386051
1482.76,1409.4951686789034,73.26483132109661
1437.15,1629.9346249820496,-192.78462498204954
6448.79,5508.755232660678,940.0347673393217
7002.24,4406.471972074201,2595.7680279257984
668.6,972.4042052294525,-303.80420522945246
451.33,1308.0554449682058,-856.7254449682059
912.37,866.5628233802358,45.807176619764164
1991.35,2758.757011024976,-767.4070110249759
1290.87,1435.6225191757612,-144.75251917576134
3582.67,4691.07740242719,-1108.4074024271895
1450.5,3334.2381123222035,-1883.7381123222035
9752.96,6010.0315606962895,3742.9284393037096
1083.3,1412.7008998262052,-329.4008998262052
580.0,1492.2527698114718,-912.2527698114718
1000.26,1722.416259139531,-722.1562591395309
2095.7,1905.6023551947906,190.09764480520926
2355.86,2688.4952757436686,-332.63527574366844
10491.14,5629.777057924371,4861.362942075629
1861.67,1233.8474895426662,627.8225104573339
1784.74,3670.4528600681792,-1885.7128600681792
3825.4,3158.4848346360272,666.9151653639728
2834.15,2121.9967994119907,712.1532005880094
8542.66,3772.0326161337634,4770.627383866236
1602.24,2623.451057162645,-1021.2110571626451
3311.36,2197.81550112732,1113.54449887268
3038.36,3197.7022473923057,-159.34224739230558
3354.41,3158.4454167995277,195.96458320047213
3983.92,7487.651495192386,-3503.7314951923863
855.3,1211.6813694343202,-356.3813694343203
2012.31,2578.879925019542,-566.5699250195421
2098.99,2408.982714963827,-309.99271496382744
7508.32,2827.7911084465477,4680.528891553452
1801.32,1710.3026613154723,91.01733868452766
2999.11,3110.2135528413683,-111.10355284136813
999.81,770.5373731182088,229.2726268817911
741.75,1199.444439112223,-457.6944391122231
1785.27,1432.411425080588,352.8585749194119
1886.07,2581.7038258062053,-695.6338258062053
1573.66,2389.4487078254488,-815.7887078254487
1206.66,2075.15828023805,-868.4982802380498
905.82,1134.3307218158654,-228.5107218158654
2393.33,2277.9685036817073,115.36149631829267
2841.74,878.8347528120934,1962.9052471879063
1779.46,2168.5810949349216,-389.12109493492153
2405.2,2548.4221817695534,-143.22218176955357
1135.29,2182.427341376857,-1047.137341376857
1861.43,1074.3082175602246,787.1217824397754
1502.97,2763.5782780841623,-1260.6082780841623
1521.68,2582.786755293772,-1061.1067552937718
4326.63,3005.040718052646,1321.5892819473543
4958.16,5144.097990199898,-185.9379901998982
2358.34,1425.688386615774,932.651613384226
2568.62,2040.8406244858381,527.7793755141618
1882.86,2708.4125113755535,-825.5525113755536
1397.64,1553.942338844477,-156.30233884447694
4485.65,2560.1047246476437,1925.545275352356
2940.25,1707.6551033568892,1232.5948966431108
1796.25,1480.6615458440976,315.58845415590235
260.0,1273.645455956939,-1013.645455956939
4714.4,1473.2599913384443,3241.1400086615554
803.3,1369.4004926084383,-566.1004926084383
984.57,1564.0043252444943,-579.4343252444943
3978.16,4453.257958221037,-475.0979582210375
3322.5,2833.8509847148084,488.6490152851916
924.1,1810.4966559613244,-886.3966559613244
1878.15,3014.270520867883,-1136.120520867883
3952.44,2562.1833128326552,1390.2566871673448
8538.71,4170.863163824644,4367.846836175355
2841.7,2000.190548436805,841.5094515631947
891.36,1594.3726487689232,-703.0126487689232
2052.76,1376.026669314396,676.7333306856042
889.83,2195.88897363432,-1306.05897363432
3517.61,3189.3211380732446,328.28886192675554
2805.12,1650.1014716726809,1155.018528327319
1421.25,1494.6587328243618,-73.40873282436178
1331.23,968.4914980231936,362.73850197680645
4190.72,2771.607420109858,1419.1125798901421
3404.52,3538.3989516958104,-133.87895169581043
4153.56,3456.8722359939534,696.687764006047
922.23,2085.438469355821,-1163.2084693558209
1099.14,3217.0517414106293,-2117.9117414106295
29039.85,12283.29001009951,16756.55998990049
583.91,777.8698169689587,-193.95981696895876
564.4,1205.4168894016975,-641.0168894016975
1172.29,1855.886892993139,-683.5968929931391
14906.77,7147.72394059645,7759.04605940355
1416.8,2031.1318493657225,-614.3318493657225
1762.71,2377.539877606971,-614.829877606971
1498.21,1540.2880793408835,-42.078079340883505
982.62,1070.7550626624707,-88.13506266247066
3328.92,2757.0443893564666,571.8756106435335
3050.97,1675.4196333042753,1375.5503666957245
2474.07,3438.84732768347,-964.77732768347
5760.46,5319.664397052786,440.7956029472143
6015.12,1699.7492837468635,4315.370716253136
1592.11,3151.9019663824633,-1559.7919663824634
677.21,1263.2925499524142,-586.0825499524142
11504.76,4538.80533867249,6965.954661327511
539.6,1152.338178447217,-612.7381784472169
1059.98,1553.3036571061314,-493.32365710613135
1731.38,7894.622483517549,-6163.242483517549
3583.99,3174.295815935284,409.69418406471596
3192.99,7250.156715461373,-4057.1667154613733
1554.54,1386.417992662405,168.12200733759505
8003.56,6854.115747559654,1149.4442524403466
4923.36,3108.6911040116474,1814.6688959883522
3022.48,2614.232526999146,408.2474730008539
3029.23,1365.7849003606875,1663.4450996393125
5533.99,4405.636102987779,1128.3538970122208
2760.64,5595.941778577694,-2835.301778577694
1701.06,1996.161246837039,-295.10124683703907
825.6,2699.9437921339213,-1874.3437921339214
1843.78,3159.9766738135954,-1316.1966738135955
1801.91,2436.9461974603005,-635.0361974603004
1904.05,2314.4428808844973,-410.39288088449734
4444.05,2504.464856555237,1939.5851434447632
1843.69,2138.560934153124,-294.8709341531239
1111.39,1035.7505480781624,75.63945192183769
952.78,1486.427427143269,-533.6474271432689
6150.57,3914.2531440831713,2236.3168559168284
1320.98,1967.1155170184832,-646.1355170184831
3876.05,3173.6059097594575,702.4440902405427
1815.59,966.0129231474333,849.5770768525666
1512.33,2472.6847483425363,-960.3547483425364
953.31,3268.9511611624957,-2315.641161162496
6608.18,3688.1045055552554,2920.075494444745
2268.72,3657.7952911871453,-1389.0752911871455
2008.99,927.3624145656312,1081.627585434369
14499.21,10027.788913628527,4471.4210863714725
1539.2,3027.289413142655,-1488.089413142655
2754.23,2619.625272407668,134.60472759233198
971.68,2483.351500897539,-1511.6715008975393
746.21,3421.4214064912517,-2675.2114064912516
1529.19,2067.363159782519,-538.1731597825187
1164.3,1796.9639682496675,-632.6639682496675
5061.62,2736.241941806332,2325.378058193668
952.98,1133.4447081623848,-180.4647081623848
580.0,1195.5948713475966,-615.5948713475966
622.19,1478.9730167835926,-856.7830167835925
2806.38,3402.9635698491875,-596.5835698491874
1703.94,2299.8314915344085,-595.8914915344085
964.1,1150.003378134028,-185.903378134028
641.17,1907.677393798618,-1266.507393798618
386.65,995.1682367027328,-608.5182367027328
1264.67,5823.884025363792,-4559.214025363792
1786.45,1592.8043259082708,193.64567409172923
764.14,1017.2720069883245,-253.13200698832452
970.38,1906.805936243057,-936.425936243057
7690.15,5086.682592754739,2603.467407245261
5813.55,4261.19231000495,1552.3576899950504
808.85,1216.5861657291566,-407.7361657291566
1553.15,2446.572749251351,-893.422749251351
2066.32,2217.8592925720513,-151.53929257205118
1873.75,1654.4884654504701,219.26153454952987
1832.84,1594.2909173852408,238.54908261475907
1252.09,2252.095508923919,-1000.0055089239193
2026.99,3109.175173305308,-1082.185173305308
1154.46,3475.859164115825,-2321.399164115825
7336.79,5157.812473747665,2178.9775262523353
643.21,648.940408680783,-5.7304086807829435
1193.55,1027.5697821668296,165.9802178331704
578.39,1673.8249169419287,-1095.4349169419288
994.61,1318.4786418886697,-323.8686418886697
2207.89,1681.0920206261721,526.7979793738277
1307.58,1244.2893333235988,63.29066667640109
1328.18,4401.108896986364,-3072.9288969863637
1938.97,2137.254589180881,-198.28458918088086
2239.04,2103.210727946585,135.82927205341502
3519.59,3183.838060598547,335.751939401453
1468.2,3965.242038348896,-2497.0420383488963
830.56,1021.9252470883175,-191.36524708831757
1938.67,1575.7902239009538,362.87977609904624
1233.73,1618.6378022634578,-384.9078022634578
3931.41,2882.9391428750796,1048.4708571249203
1611.21,2043.9172449572043,-432.70724495720424
1938.53,4055.0427291425012,-2116.5127291425015
934.51,2249.5601654212364,-1315.0501654212364
1052.67,1615.84418837331,-563.17418837331
1173.76,2395.9614221705647,-1222.2014221705647
2525.97,3502.2400512656304,-976.2700512656306
1839.74,2825.0930877828405,-985.3530877828405
3540.83,3015.1123632713156,525.7176367286843
4092.54,4903.135705855617,-810.5957058556169
372.94,1153.4569932675465,-780.5169932675465
10428.11,7021.233998447151,3406.8760015528496
2469.31,2577.8399998362993,-108.52999983629934
5681.98,4852.589586321965,829.3904136780347
3094.39,6232.848063756382,-3138.4580637563818
3091.7,2072.3479548904297,1019.3520451095701
975.06,1144.2071211860557,-169.14712118605576
2942.31,2856.9641842320802,85.3458157679197
8130.33,4979.780036169036,3150.549963830964
3201.06,3496.2515163095863,-295.1915163095864
592.81,2053.5630980382457,-1460.7530980382458
3661.18,2822.3765789823105,838.8034210176893
2213.69,2036.8502667164146,176.83973328358547
793.61,899.5497706046035,-105.9397706046035
3334.96,1891.2051211814844,1443.7548788185156
1758.16,1057.002751462815,701.1572485371851
951.47,1320.8044760891746,-369.3344760891746
1006.13,1698.4037268454388,-692.2737268454388
2245.72,1342.0182828515544,903.7017171484454
2216.45,4347.177540053889,-2130.7275400538892
10740.94,13231.121868368553,-2490.1818683685524
4875.33,5241.153896788562,-365.8238967885618
3514.54,3262.9043540507882,251.63564594921172
1828.18,2177.6796346469255,-349.4996346469254
737.99,1444.9141933101907,-706.9241933101907
3700.77,3401.536553492673,299.2334465073268
2722.99,4600.559056550313,-1877.5690565503128
7988.69,10351.145038040511,-2362.4550380405117
2636.23,3819.195886995354,-1182.9658869953541
1354.69,1135.9588241472263,218.73117585277373
2825.74,3408.24714365557,-582.5071436555704
538.55,1284.3705949770444,-745.8205949770445
7940.07,10159.516802776412,-2219.4468027764124
6148.54,7066.549826532447,-918.0098265324468
3266.49,2630.177498639652,636.3125013603476
5607.05,5690.153687547549,-83.10368754754927
3132.27,1857.3279364964428,1274.9420635035572
969.96,2285.282455798324,-1315.322455798324
1465.27,1965.8001505988902,-500.53015059889026
932.22,1568.7426568439653,-636.5226568439653
2094.46,3210.1015456137325,-1115.6415456137324
3638.17,1075.7855055778232,2562.384494422177
1072.66,3325.568020622183,-2252.9080206221834
4195.32,3168.3301633754368,1026.989836624563
801.65,1372.563352038175,-570.913352038175
1089.36,2854.434174465771,-1765.074174465771
1763.93,1987.6424879303381,-223.71248793033806
789.94,2451.8196863510116,-1661.8796863510115
751.85,2352.02129483169,-1600.17129483169
1713.26,2752.5227313564924,-1039.2627313564924
8039.0,5488.76453457382,2550.23546542618
4115.39,8497.998455211842,-4382.608455211842
635.8,1614.9236161948252,-979.1236161948252
795.38,1186.5267381401507,-391.14673814015066
4711.56,2666.7707719096484,2044.789228090352
2022.38,1216.8723734749433,805.5076265250568
2572.34,2071.6674699889413,500.6725300110588
347.23,1053.2073230930225,-705.9773230930225
2226.39,1864.5734037188,361.81659628119996
7318.63,6892.4937739895995,426.1362260104006
3159.51,2192.832095427126,966.677904572874
3327.76,2221.5794008027556,1106.1805991972446
2020.15,2377.7574329361814,-357.60743293618134
2316.03,1299.6867469453562,1016.343253054644
759.64,2029.8018296497846,-1270.1618296497845
3563.98,3003.306433373321,560.6735666266791
7891.37,6656.196591242738,1235.1734087572622
7041.08,5639.083609328121,1401.9963906718785
733.7,1535.3989102228097,-801.6989102228097
14072.32,5804.861626438827,8267.458373561172
5012.39,8747.38566819822,-3734.9956681982194
9015.16,7140.845161219271,1874.3148387807287
5404.8,5651.506193340652,-246.70619334065213
4927.3,5479.618170457966,-552.3181704579656
2271.39,1515.4846481161146,755.9053518838853
8615.69,4299.408423177558,4316.281576822443
761.65,2015.1611997231591,-1253.5111997231593
711.66,1635.990803888188,-924.3308038881881
2186.86,2775.2008588677554,-588.3408588677553
2603.27,2120.5500832895978,482.71991671040223
1647.78,1669.3282959871997,-21.548295987199708
10489.49,5039.626890681729,5449.863109318271
9212.38,6391.8498363550725,2820.5301636449267
6387.24,9418.814704818886,-3031.574704818886
1120.49,1955.4337912198582,-834.9437912198582
1859.57,1214.6482152180342,644.9217847819657
719.85,950.5658760051411,-230.71587600514113
6014.04,3665.080452367753,2348.959547632247
2338.87,1678.9971153669176,659.8728846330823
9542.95,6300.057233056943,3242.8927669430577
583.11,1585.988491680813,-1002.878491680813
1149.0,1931.6438167024573,-782.6438167024573
1235.9,954.5036213978693,281.39637860213077
1446.93,1942.0371141467992,-495.1071141467992
6351.48,6422.529622461274,-71.04962246127434
6463.89,3279.326248438127,3184.5637515618732
7321.77,3950.873477779792,3370.896522220208
3645.02,1788.5394708993083,1856.4805291006917
1411.74,2994.7880536590887,-1583.0480536590887
2810.64,2773.4162429383864,37.22375706161347
5396.61,2945.7462527884672,2450.8637472115324
9723.02,7138.797443161247,2584.222556838753
828.12,1170.7318078238209,-342.61180782382087
1661.08,2281.5929245276793,-620.5129245276794
1418.12,1456.0606350098649,-37.94063500986499
1800.34,1760.5319085046167,39.80809149538322
1327.85,3729.170572116106,-2401.320572116106
2953.78,1447.145938178805,1506.6340618211952
2868.05,2100.0719050971106,767.9780949028896
1447.95,3803.7901203640286,-2355.8401203640287
1802.34,3356.23301155464,-1553.8930115546402
2924.92,3992.9783827789042,-1068.0583827789042
2458.45,3273.6895256601592,-815.2395256601594
1222.62,1897.401049246676,-674.781049246676
7224.66,5400.204109156683,1824.4558908433164
4672.89,4669.391945158344,3.498054841656085
981.39,1410.4165864007575,-429.02658640075754
7686.83,8210.231495627695,-523.4014956276951
1887.07,4514.419765760681,-2627.3497657606813
1413.83,2226.1342980488303,-812.3042980488303
4694.65,2778.8207074784023,1915.8292925215974
2863.02,2357.538132946384,505.48186705361604
1943.01,4234.814079877538,-2291.8040798775373
614.4,3057.6065703786157,-2443.2065703786157
984.26,2282.0338456302557,-1297.7738456302557
1934.89,2532.3505570049297,-597.4605570049296
1141.56,1904.129341319228,-762.569341319228
10895.25,7384.300334855294,3510.949665144706
942.3,1917.7643659141897,-975.4643659141898
1943.71,3006.0287315042006,-1062.3187315042005
2378.11,1811.0761064288904,567.0338935711097
888.94,1886.6483145994382,-997.7083145994382
1796.69,3284.5125536003734,-1487.8225536003733
1788.26,3509.614291573336,-1721.3542915733358
1231.32,2727.9680447968103,-1496.6480447968104
828.77,2077.2117860936132,-1248.4417860936132
1671.01,1498.3170095519251,172.69299044807485
2952.74,3851.6294969184205,-898.8894969184207
1920.15,1876.6082908627309,43.54170913726921
6108.98,7742.434635579708,-1633.4546355797083
13297.66,12585.426032978417,712.2339670215824
4394.61,2898.3878536870698,1496.22214631293
1092.78,1064.2650040624824,28.514995937517597
5353.21,3200.3027615943647,2152.9072384056353
1720.8,2162.0966007305024,-441.2966007305024
936.99,1850.2034833501325,-913.2134833501325
1742.09,1979.0041419142228,-236.9141419142229
2144.03,1733.748200637851,410.2817993621493
480.82,1322.607615583945,-841.7876155839451
8434.22,5152.450780916458,3281.7692190835414
9843.33,9414.40773605669,428.9222639433101
4753.51,1928.8096582082587,2824.7003417917413
2651.75,1822.6500405702889,829.0999594297111
2602.14,2050.033599680864,552.1064003191359
1138.29,1369.0989727319375,-230.8089727319375
4135.86,2257.808475195474,1878.0515248045258
1857.43,2247.7601099080007,-390.3301099080006
804.22,2204.916898419614,-1400.696898419614
1409.96,1391.8387897262492,18.121210273750876
1928.03,2741.42797736202,-813.3979773620201
6951.4,6970.098372416143,-18.698372416143684
4552.59,5950.84180887269,-1398.2518088726902
4299.95,2531.7092366027737,1768.2407633972261
2682.97,1678.9827667866275,1003.9872332133723
722.12,1204.3639866534231,-482.2439866534231
960.8,2643.9455529913043,-1683.1455529913044
1480.26,2327.907244781759,-847.6472447817589
932.05,2103.247880673788,-1171.1978806737882
1683.42,3722.098495399533,-2038.678495399533
3223.69,2084.4233405798354,1139.2666594201646
6314.6,4529.291637665781,1785.308362334219
2565.5,1888.8624036356414,676.6375963643586
2209.45,2974.335625866884,-764.8856258668843
1695.11,2367.8976863191947,-672.7876863191948
596.61,1022.7058405080492,-426.09584050804915
2582.84,2194.760892698392,388.079107301608
1316.59,2491.8933118527384,-1175.3033118527385
2658.51,2113.1025130686544,545.4074869313458
3812.45,2150.301915869141,1662.148084130859
1423.93,1889.7059613338738,-465.77596133387374
1216.45,2668.8370053082485,-1452.3870053082485
2740.91,1419.92969612757,1320.9803038724299
2318.39,1331.925830345918,986.4641696540818
10097.85,5145.874638849622,4951.975361150378
903.79,828.0259033886643,75.76409661133562
5376.61,4513.3618059724495,863.2481940275502
1017.88,2370.6258550390926,-1352.7458550390925
7608.35,5840.786668996882,1767.563331003118
1551.37,1210.0691380343978,341.30086196560205
3137.95,2857.2902744939897,280.6597255060101
859.6,1709.6734322843638,-850.0734322843638
1655.91,1000.8373629340672,655.0726370659329
7922.6,5558.544029583642,2364.055970416358
2260.82,2164.2865793480546,96.53342065194556
629.12,1347.5744887330225,-718.4544887330225
2775.85,4136.219636358361,-1360.3696363583608
2543.55,2486.688635940804,56.86136405919615
1300.66,1364.5270056746242,-63.867005674624124
2719.85,4969.214190661927,-2249.3641906619273
1098.89,1354.5071309612172,-255.61713096121707
1305.96,1612.140939376549,-306.1809393765491
2695.32,1884.0176352960368,811.3023647039633
3155.26,2506.9038221115447,648.3561778884555
2782.95,1651.3692567288542,1131.5807432711456
1683.2,1959.7468889478314,-276.54688894783135
1295.21,1437.3347675664168,-142.12476756641672
1152.56,1466.6390721778362,-314.0790721778362
2918.8,3843.3582105640935,-924.5582105640933
2508.06,2254.57599985208,253.48400014792014
1488.17,3360.691601741469,-1872.521601741469
7081.35,4428.649240675479,2652.7007593245216
1381.89,1860.5979683899413,-478.70796838994124
527.82,1735.1722772057874,-1207.3522772057872
1153.69,2078.88764370785,-925.1976437078501
2229.24,3142.919688455137,-913.6796884551372
1956.26,1394.73785622828,561.52214377172
28.46,1096.8508977355007,-1068.3908977355006
797.68,1161.5248887855992,-363.8448887855992
3081.25,4979.528361680077,-1898.278361680077
663.39,1482.4998997900275,-819.1098997900275
1557.42,1460.8584334602688,96.5615665397313
1451.89,2223.6746334615855,-771.7846334615854
5875.53,3753.2882211338197,2122.24177886618
451.75,6408.213066045004,-5956.463066045004
716.41,1405.709957602572,-689.2999576025721
1488.18,2143.3433718961937,-655.1633718961937
7625.52,5930.699879611524,1694.8201203884764
865.49,2012.437656252204,-1146.947656252204
2972.32,4400.12976733469,-1427.8097673346897
879.69,1189.868378321535,-310.17837832153486
1752.76,2997.7976419133533,-1245.0376419133534
1811.03,2383.4452396972533,-572.4152396972534
2761.72,3365.7141036523285,-603.9941036523287
2582.05,5100.94568587744,-2518.89568587744
2069.18,2900.3015441160205,-831.1215441160207
1570.38,1529.8025611022215,40.57743889777862
1258.9,1431.0748243385985,-172.17482433859846
3987.13,2744.736593125232,1242.393406874768
4918.98,2574.2761886898766,2344.703811310123
1723.26,2364.946790961111,-641.6867909611112
3457.79,4362.036892231375,-904.2468922313747
2978.93,3541.857758479404,-562.927758479404
982.65,1888.9257030601314,-906.2757030601314
4632.58,1245.7696091318242,3386.810390868176
2609.01,2769.3294920691415,-160.31949206914123
1102.43,1499.3291243211663,-396.89912432116625
2451.69,4152.832445510915,-1701.142445510915
1141.48,1152.4167025339545,-10.93670253395453
6188.65,4450.400957897718,1738.2490421022812
955.48,2136.684760966217,-1181.2047609662168
6009.12,3587.5101788536713,2421.6098211463286
984.66,4280.0939273305685,-3295.4339273305686
890.54,2965.208626817788,-2074.668626817788
726.67,1267.4281487363494,-540.7581487363494
767.65,1141.6299851754886,-373.97998517548865
6755.1,4224.0038785741235,2531.096121425877
1910.22,2270.0118217344548,-359.79182173445474
6573.05,5778.265257072198,794.7847429278017
1312.26,3276.644795997692,-1964.3847959976922
6464.84,6217.00753284586,247.83246715414043
3547.26,3361.39082626905,185.86917373095002
2683.71,2062.13394171211,621.5760582878902
702.46,1538.6121430288122,-836.1521430288121
1014.78,1944.045308611919,-929.265308611919
907.11,1061.592548078891,-154.482548078891
2609.01,1724.898407166789,884.1115928332113
735.64,1621.7693584528467,-886.1293584528468
1078.57,1409.8208605801267,-331.25086058012675
618.16,1636.6969998658096,-1018.5369998658097
1302.65,2654.6883736244786,-1352.0383736244785
2636.08,5006.1365696246885,-2370.0565696246886
872.37,2129.2310198451482,-1256.8610198451483
878.52,930.3660141172971,-51.84601411729716
2240.68,3040.7796587105413,-800.0996587105415
5308.01,4565.514627042067,742.4953729579329
3953.62,1825.71943982175,2127.90056017825
4527.37,4029.0391481164675,498.33085188353243
1949.64,3351.4389326660394,-1401.7989326660393
3560.12,2376.2040481249437,1183.9159518750562
6316.98,7728.451200809055,-1411.4712008090555
1058.23,1187.303160094735,-129.07316009473493
862.85,1549.984252085366,-687.134252085366
1215.32,1355.5313157439487,-140.21131574394872
947.66,2262.7879064049225,-1315.1279064049227
4040.15,2762.3616044048445,1277.7883955951556
4232.78,2299.985233620027,1932.7947663799728
3858.48,4300.592032701181,-442.11203270118085
1091.35,1879.975966442288,-788.625966442288
6964.62,6771.77685036618,192.84314963381985
1882.07,1892.9321422298503,-10.862142229850406
1638.8,3093.9662221048825,-1455.1662221048825
1292.83,1382.3031071029197,-89.47310710291981
4845.58,4174.046215773881,671.5337842261188
694.79,721.7837263944043,-26.993726394404348
865.01,1935.915078509543,-1070.905078509543
1748.98,1989.3561216101186,-240.37612161011862
684.92,2170.549473533058,-1485.629473533058
1682.35,1389.6721674831692,292.6778325168307
2168.66,1904.5335211218396,264.12647887816024
5476.36,13703.143818650744,-8226.783818650743
2348.28,3075.016607687616,-726.736607687616
4668.84,3273.4283141227,1395.4116858773
1019.86,2772.9084139074093,-1753.0484139074092
694.52,933.7022647339744,-239.18226473397442
1106.71,2122.7717622483606,-1016.0617622483605
1428.69,2174.213600264148,-745.5236002641482
1976.71,3123.823534977994,-1147.1135349779938
3475.37,4398.330920273704,-922.9609202737038
4172.28,4338.789094086569,-166.50909408656935
3568.7,3577.0682040296642,-8.368204029664412
3051.85,794.5300837293473,2257.3199162706524
787.31,1169.5536820689492,-382.2436820689493
2126.12,1805.657322501695,320.46267749830486
4259.26,6561.738108561054,-2302.478108561054
5847.0,6284.216283323869,-437.216283323869
3000.02,2292.0044180761465,708.0155819238535
531.47,793.4991940363345,-262.0291940363345
2673.72,2836.3628773572786,-162.64287735727885
1388.76,1519.9531080908298,-131.1931080908298
2779.32,3154.125793246619,-374.80579324661903
4723.55,10770.493383752764,-6046.943383752764
2115.32,1707.4024978927741,407.917502107226
3103.8,3106.0248299909517,-2.224829990951548
1384.61,1995.3392672324733,-610.7292672324734
1207.56,1369.2097185286611,-161.6497185286612
611.68,739.0931022578525,-127.41310225785253
1848.91,3297.2276994204985,-1448.3176994204985
1104.55,2651.641820530236,-1547.0918205302362
819.75,972.1963471816,-152.4463471816
6999.69,3169.817587797147,3829.8724122028525
3033.69,1797.71729029558,1235.9727097044201
1936.69,4644.200285919612,-2707.5102859196118
2126.61,2695.3064033383025,-568.6964033383024
824.03,1223.9466004697738,-399.9166004697738
1684.29,1898.375179349239,-214.08517934923907
1854.51,1329.4556757657688,525.0543242342312
1169.01,2442.3572405250984,-1273.3472405250984
773.0,1053.682922744746,-280.68292274474607
12221.33,7219.388465518478,5001.941534481522
3512.03,1610.3369341747284,1901.6930658252718
4002.19,3303.315684298013,698.8743157019871
1643.45,1923.330037880775,-279.88003788077503
7106.39,5328.14772113843,1778.2422788615704
1412.91,1770.607984024266,-357.6979840242659
1185.97,3118.1596724159813,-1932.1896724159812
7944.85,7080.128580858345,864.7214191416551
4637.96,3832.9020289571195,805.0579710428806
2847.13,4121.236407758023,-1274.1064077580231
8903.8,6984.248600909311,1919.5513990906884
2422.38,9415.680255898214,-6993.300255898214
6503.55,4698.3636955122865,1805.1863044877136
3801.1,3979.8884882581265,-178.78848825812656
1327.08,2302.7712057163917,-975.6912057163918
1318.8,1222.4077461650352,96.39225383496478
9413.65,6431.220561197436,2982.4294388025637
543.36,1145.0349794765948,-601.6749794765948
2912.28,3102.9295985841836,-190.64959858418342
1878.67,2667.9762162540833,-789.3062162540832
1381.14,2834.905890129808,-1453.765890129808
2538.67,1833.9708676466037,704.6991323533964
4640.26,3128.5567763848835,1511.7032236151167
1073.86,2088.8135336696214,-1014.9535336696215
3998.27,1816.1312433607472,2182.1387566392527
5928.21,8904.879331067157,-2976.669331067157
1344.54,1644.1676439960006,-299.62764399600064
2144.67,2913.08701886989,-768.41701886989
3060.04,3709.3628937629196,-649.3228937629196
2720.69,3082.6387630121308,-361.9487630121307
2237.09,3224.264051166386,-987.1740511663857
3614.11,3363.140901441924,250.96909855807598
2695.91,4607.57983308096,-1911.6698330809604
3813.65,3528.689844141235,284.9601558587651
1675.5,776.5187828163714,898.9812171836286
3434.87,3343.8493489700395,91.02065102996039
5198.2,3647.4869903178064,1550.7130096821934
923.05,1441.7235350479011,-518.6735350479012
9369.19,6787.020229570353,2582.1697704296475
4371.14,6431.190754874748,-2060.0507548747473
1618.88,2731.457595297747,-1112.577595297747
756.57,1785.378452629531,-1028.808452629531
6214.19,4936.649327229009,1277.5406727709906
925.34,987.3967415696745,-62.0567415696745
897.47,1561.6618182944865,-664.1918182944864
1832.48,2982.7413097696367,-1150.2613097696367
1079.07,1169.546826496191,-90.47682649619105
2590.78,2000.2829868530514,590.4970131469488
930.63,2037.456251491078,-1106.826251491078
16384.42,5464.0177373793795,10920.402262620619
1663.6,2731.231987264101,-1067.631987264101
690.81,2680.8198592257763,-1990.0098592257764
14591.93,7774.759155241824,6817.170844758176
1530.42,2122.337039879443,-591.9170398794431
3164.58,2944.851317390809,219.72868260919086
4749.81,9392.048443412797,-4642.238443412797
4828.94,3888.5186951687097,940.42130483129
3347.23,5099.9105733367605,-1752.6805733367605
3399.82,2180.2495769305096,1219.5704230694905
845.27,762.7409732968979,82.52902670310209
1336.37,1463.3632270927123,-126.99322709271246
562.07,1292.7211342807248,-730.6511342807247
2906.83,3246.6252813996716,-339.7952813996717
2317.01,2787.600328733212,-470.59032873321166
4757.16,3575.9874549566753,1181.1725450433246
1251.16,2021.8005011631135,-770.6405011631134
2840.35,1800.9562779577852,1039.3937220422147
3854.9,3131.0500088331255,723.8499911668746
1128.52,1403.9701137908698,-275.45011379086986
9324.25,5287.270381676917,4036.979618323083
553.07,2032.7840022041223,-1479.7140022041222
1494.59,1368.7595777626673,125.83042223733264
1375.66,2128.714531954226,-753.0545319542259
1276.68,2689.8027611400917,-1413.1227611400916
2506.92,1648.6023386961085,858.3176613038916
4310.45,5723.428726764407,-1412.978726764407
513.78,1953.3672738289722,-1439.5872738289722
2334.11,4040.892183222944,-1706.7821832229438
3877.65,3193.0847750298817,684.5652249701184
4550.28,4725.264141935539,-174.9841419355389
2552.97,1820.395008119453,732.5749918805468
1646.99,1764.1621202410251,-117.17212024102514
5056.38,3340.8745129380436,1715.5054870619565
1384.85,2093.7757221847537,-708.9257221847538
691.97,1113.849706818834,-421.87970681883394
2599.55,4539.4968882824105,-1939.9468882824103
3736.49,4168.606888854562,-432.1168888545626
573.76,1786.834414948775,-1213.074414948775
3232.37,2858.211662541566,374.15833745843383
4352.02,5036.620904822688,-684.6009048226879
6100.43,5291.343432478816,809.0865675211844
3017.4,2160.000426381907,857.3995736180932
5105.33,4674.979431045552,430.35056895444814
1857.51,1505.91913837458,351.5908616254201
1405.44,1372.4273400129382,33.01265998706185
586.27,1350.0290637952555,-763.7590637952555
670.14,1341.291888195527,-671.151888195527
2861.8,3397.1245872190293,-535.3245872190291
2926.66,3043.1429292269772,-116.48292922697738
2252.25,2041.1177239849146,211.13227601508538
111.49,3193.46232114208,-3081.97232114208
4786.57,2525.3843522715792,2261.1856477284205
894.08,1527.8906252147365,-633.8106252147364
3247.79,2064.781171528694,1183.008828471306
3750.46,3369.616638240646,380.84336175935414
4811.17,4814.145558160509,-2.9755581605086263
2669.17,3638.5936300704157,-969.4236300704156
4794.17,2605.6211166523476,2188.5488833476525
1217.67,2438.8237567862625,-1221.1537567862624
675.0,1676.9520341330212,-1001.9520341330212
589.05,771.6432620410625,-182.59326204106253
3582.15,3759.846893359114,-177.6968933591138
1747.65,1161.6259862706959,586.0240137293042
1719.75,2483.8966155399276,-764.1466155399276
6528.64,3427.5197198080796,3101.1202801919208
7144.83,5292.813906125458,1852.016093874542
942.32,1011.6489041210461,-69.3289041210461
3170.29,3664.642885720296,-494.35288572029594
5055.43,4731.19451605127,324.2354839487307
3605.23,2045.8390705536915,1559.3909294463085
2260.41,5358.381266448083,-3097.971266448083
1820.52,1896.168800836023,-75.64880083602293
1673.27,1947.7221765891134,-274.4521765891134
771.1,988.8406699284982,-217.74066992849816
1800.98,1778.4169369468143,22.563063053185715
3827.11,3870.3215803878857,-43.21158038788553
1288.61,1987.5450193050763,-698.9350193050764
1074.68,1057.2973018231164,17.38269817688365
1397.03,2580.471644810279,-1183.441644810279
11417.02,7377.407949824972,4039.6120501750283
1705.45,1687.2758921693173,18.174107830682715
1945.53,2699.6752413624467,-754.1452413624468
3210.58,2965.2397206251226,245.34027937487735
889.37,1627.8027785880988,-738.4327785880988
3395.1,3001.339200041769,393.760799958231
6543.9,6597.701866263261,-53.80186626326122
4693.07,2899.960109071458,1793.1098909285415
943.63,1214.0743959481108,-270.4443959481108
586.8,1054.7925242743838,-467.99252427438387
2208.0,3148.183380605778,-940.183380605778
669.24,1645.776659698288,-976.5366596982881
9725.01,9562.64472083894,162.36527916106024
2733.88,2676.793567304507,57.08643269549293
828.93,2921.4812988809845,-2092.5512988809846
1067.98,2642.3497807308536,-1574.3697807308536
5481.15,5319.894002424524,161.2559975754757
445.89,1272.653661984641,-826.7636619846411
4030.2,3157.3608860903655,872.8391139096343
1274.68,2505.2586243608644,-1230.5786243608643
1575.97,1967.5054519986932,-391.53545199869313
3010.11,1384.4512719921333,1625.6587280078668
3226.59,3266.160194889491,-39.57019488949072
1240.47,1648.8464465502966,-408.3764465502966
12124.57,3740.175468338879,8384.39453166112
939.4,1716.2639546208718,-776.8639546208718
1491.14,2212.9404443113294,-721.8004443113293
7716.18,7782.924252335446,-66.74425233544571
3452.42,4162.35640675796,-709.93640675796
3743.66,2583.251250287837,1160.4087497121627
2558.19,2950.7281255284156,-392.53812552841555
2012.8,2248.7331114535814,-235.93311145358143
950.73,2567.9343786646286,-1617.2043786646286
8082.37,8091.100493587642,-8.730493587641831
5795.72,3386.0513040136966,2409.6686959863036
1438.27,2516.1239077744826,-1077.8539077744826
1847.88,2032.154538527135,-184.27453852713484
1728.2,1603.873634448679,124.32636555132103
7744.37,2303.238144262267,5441.131855737733
781.73,1912.5000977396385,-1130.7700977396385
698.38,1410.5115452799598,-712.1315452799598
1680.63,1763.077081376973,-82.44708137697285
724.17,1098.1013394265874,-373.93133942658744
508.54,1331.679782925483,-823.1397829254831
3800.87,1597.272644647091,2203.597355352909
745.08,952.3129122355408,-207.23291223554077
501.83,2083.5432444001844,-1581.7132444001845
2176.14,1761.8388234212368,414.30117657876303
6593.26,3639.6023308298822,2953.657669170118
4247.12,1953.66593807943,2293.45406192057
1130.93,4378.093881013683,-3247.163881013683
349.18,2283.6358360565223,-1934.4558360565222
860.67,1185.2616776016887,-324.59167760168873
1282.94,1830.0610507941187,-547.1210507941187
2322.07,1442.9740987773466,879.0959012226535
6903.59,6124.071108272854,779.5188917271462
1937.67,2417.28186882716,-479.6118688271599
4690.4,4954.834562222011,-264.43456222201166
5546.18,7122.8889401055485,-1576.7089401055482
2701.06,2152.53824318359,548.5217568164098
3492.33,3273.2984557848545,219.03154421514546
5489.29,3647.1748535816528,1842.1151464183472
439.4,1291.761038597131,-852.3610385971309
2757.05,2934.294782772415,-177.24478277241496
7450.37,4276.148381583275,3174.2216184167246
921.24,1617.1631489066317,-695.9231489066317
980.27,1039.002018433252,-58.73201843325205
2196.93,3530.738569305608,-1333.8085693056082
8120.87,7267.333430229668,853.5365697703319
1677.19,2716.7184626717935,-1039.5284626717935
825.74,1990.4593950730161,-1164.7193950730161
2603.36,2914.3674625268295,-311.0074625268294
3420.31,3373.3850500535514,46.92494994644858
1784.7,1983.8442033916865,-199.14420339168646
1163.38,1986.8369483753347,-823.4569483753346
3475.05,3510.030830248254,-34.980830248253824
3127.72,2094.4458714262964,1033.2741285737034
2067.56,2669.163287626532,-601.6032876265322
4254.99,3456.561404006254,798.4285959937456
1952.3,2726.524198164989,-774.2241981649888
2242.86,1510.8625801467151,731.997419853285
2679.78,4149.035122766448,-1469.2551227664476
2084.6,2278.2041357069443,-193.60413570694436
4526.17,4122.565068282917,403.60493171708276
1355.73,2112.0956012729366,-756.3656012729366
5483.06,4401.128552268592,1081.9314477314083
3910.16,3200.8786317379036,709.2813682620963
7192.4,5226.59406258817,1965.8059374118293
5419.0,4811.042880214332,607.9571197856676
2345.75,2911.9150469383053,-566.1650469383053
2840.31,1994.2170217246342,846.0929782753658
997.88,1393.1069039236654,-395.2269039236654
2491.84,1910.672694228425,581.1673057715752
3019.58,3658.9440934972044,-639.3640934972045
7760.53,9709.951187545774,-1949.421187545774
4179.32,3141.956814553783,1037.363185446217
27487.66,7548.000358693519,19939.65964130648
801.17,1194.412373953425,-393.24237395342504
4248.7,5719.282691074105,-1470.5826910741052
1657.43,1505.1359729770904,152.29402702290963
507.58,1885.4381029087324,-1377.8581029087325
2200.99,3539.5538015423335,-1338.5638015423337
2511.65,2878.846569413469,-367.19656941346875
3635.19,3216.275656010376,418.91434398962383
7858.45,6208.410930277841,1650.0390697221592
1363.37,1098.7468700888548,264.62312991114504
4045.36,1930.3258683939562,2115.034131606044
2805.29,2588.506505309492,216.78349469050818
1431.79,1429.130545146678,2.659454853321904
1010.25,1439.1907431162529,-428.94074311625286
960.84,879.760298560872,81.07970143912803
1119.23,1478.9702111849592,-359.7402111849592
6560.66,5024.195377221435,1536.4646227785652
687.84,1495.1959895426187,-807.3559895426187
1849.59,1485.3875897988785,364.20241020112144
699.27,1379.0568266280395,-679.7868266280395
4091.32,5915.177831697065,-1823.8578316970647
2341.59,1385.8806529788087,955.7093470211914
10056.25,2038.5934123489897,8017.65658765101
886.65,1994.2986082604314,-1107.6486082604315
5702.67,8293.699484269131,-2591.029484269131
4489.05,3742.309301008932,746.7406989910683
538.89,1271.9736456820526,-733.0836456820526
6538.16,4346.847850114029,2191.312149885971
4718.11,4356.01274403773,362.0972559622696
2029.81,2134.0118591358355,-104.20185913583555
3191.49,1932.7528266795678,1258.737173320432
2062.52,1804.1047895744236,258.41521042557633
1538.1,1794.9985447370786,-256.89854473707874
3971.04,2892.8305961176247,1078.2094038823752
858.57,1390.6173227753097,-532.0473227753097
1168.89,1136.108840060007,32.78115993999313
5230.42,3066.2149487294887,2164.2050512705114
4204.68,1690.8065404725346,2513.8734595274655
1645.23,2126.463525873444,-481.2335258734438
4253.72,2594.608335111085,1659.1116648889151
2711.89,2609.429345839555,102.46065416044485
4557.19,5058.312740609587,-501.1227406095877
4138.29,3367.2065026283085,771.0834973716915
2756.76,2214.9795093207217,541.7804906792785
5319.73,3093.297042978801,2226.4329570211985
1749.02,1725.8029214677683,23.217078532231653
1342.09,1992.9248336362054,-650.8348336362055
4058.68,4136.550652014205,-77.87065201420546
967.21,842.9979843811749,124.21201561882515
2276.06,1408.3644865063156,867.6955134936843
3098.61,2742.802711135224,355.8072888647762
5183.73,5941.7139198294135,-757.9839198294139
4119.91,5147.964122042043,-1028.0541220420428
8451.99,4358.457762555941,4093.5322374440584
2095.02,4165.6991739650875,-2070.6791739650876
1133.15,966.8067328327684,166.34326716723172
4078.23,4383.5731812525255,-305.3431812525255
4541.13,2214.340529306046,2326.789470693954
3053.66,3442.47876373306,-388.8187637330602
2410.09,2455.543633332968,-45.45363333296791
2520.55,2027.349171196255,493.20082880374525
1706.46,1130.111443826308,576.348556173692
1012.35,2140.0693773093194,-1127.7193773093195
1166.59,6117.12746140683,-4950.53746140683
4146.01,6505.518297425582,-2359.508297425582
1315.15,1540.3732116721965,-225.22321167219638
2649.77,1193.5325129322391,1456.2374870677609
1508.62,675.8975216508591,832.7224783491408
1538.39,3652.185518433065,-2113.795518433065
1539.26,1542.8226569539208,-3.5626569539208504
3510.83,3674.6536438522244,-163.82364385222445
1558.26,3062.085887538521,-1503.825887538521
416.86,769.8941731336482,-353.0341731336482
2184.15,1334.9064052114022,849.2435947885979
3944.2,2430.7244490826943,1513.4755509173056
441.76,2140.278924054649,-1698.518924054649
7449.58,6713.326167336062,736.2538326639378
1314.31,1070.3158397537968,243.99416024620314
1267.08,1366.5293398944518,-99.4493398944519
2126.3,4250.4202247013445,-2124.1202247013443
1935.7,5880.218619809399,-3944.518619809399
4829.17,3917.497888048347,911.6721119516533
2073.03,1474.2320681777676,598.7979318222326
2554.61,2052.2364596318803,502.37354036811985
1882.84,1113.7163212231465,769.1236787768535
628.15,1268.4257370810078,-640.2757370810078
893.77,1139.366257386286,-245.59625738628597
616.56,899.1967216327869,-282.63672163278693
9448.17,6823.599785162444,2624.570214837556
1467.83,1578.5499282230585,-110.71992822305856
587.4,1322.9515370531374,-735.5515370531374
778.72,1684.8149688235892,-906.0949688235892
2097.93,2266.799691642221,-168.86969164222137
1352.4,3105.5673241771406,-1753.1673241771405
728.32,1753.6837802992154,-1025.3637802992153
5506.23,5036.778643809954,469.4513561900458
1255.93,3908.051303201854,-2652.121303201854
891.59,656.9399493345809,234.65005066541914
4053.79,7534.843279164027,-3481.053279164027
1298.48,2554.3704451071617,-1255.8904451071617
5794.98,5258.266528195768,536.7134718042316
2456.83,1672.4029796356176,784.4270203643823
4869.57,4505.137150353759,364.43284964624036
813.93,1648.1929528209212,-834.2629528209212
1011.97,1554.7589993431843,-542.7889993431843
785.11,1215.6896125968253,-430.5796125968253
729.09,1831.428941156796,-1102.338941156796
1504.46,1892.0836879171911,-387.6236879171911
833.88,1792.8250016206025,-958.9450016206025
792.51,968.3796489418485,-175.86964894184848
1190.48,2086.3531801442264,-895.8731801442264
663.34,921.8678957414318,-258.52789574143173
2361.9,3080.5446575775895,-718.6446575775894
1890.4,2180.694624794672,-290.294624794672
838.87,865.4191483006435,-26.549148300643537
3140.73,1850.7111400939784,1290.0188599060216
6447.08,5398.491053085448,1048.5889469145523
8719.86,4693.769406269465,4026.090593730535
796.67,2756.9504826535285,-1960.2804826535285
3866.49,4977.598830308738,-1111.108830308738
3456.67,2700.650640435962,756.019359564038
2140.0,2112.100380264903,27.899619735097076
986.67,1653.4694062084018,-666.7994062084018
1550.89,1667.046695010171,-116.156695010171
2495.75,4654.16239321565,-2158.41239321565
3218.91,2927.2607240128887,291.6492759871112
4056.82,2786.6631897874663,1270.1568102125339
1189.7,4257.457218652339,-3067.7572186523394
1702.36,2777.572648672592,-1075.2126486725922
2106.77,2953.3395395226207,-846.5695395226207
1654.87,1025.0599937000095,629.8100062999904
2133.58,2922.7649170926043,-789.1849170926043
2206.0,3704.909420638587,-1498.909420638587
3075.53,2052.5833169450834,1022.9466830549168
1923.96,1520.0515747143163,403.90842528568373
2308.02,4321.055824870683,-2013.035824870683
1109.14,2994.6972697171923,-1885.5572697171922
573.4,1264.0300064907237,-690.6300064907238
6874.66,2369.806437724299,4504.853562275701
11578.73,6570.597106755765,5008.132893244235
1585.4,1257.540650033818,327.859349966182
2225.47,2512.5928695096395,-287.1228695096397
5255.6,3657.158451901375,1598.4415480986254
3951.29,6184.6321882154125,-2233.3421882154125
7457.5,2837.874426588797,4619.625573411203
1125.77,1299.950945240968,-174.18094524096796
1032.14,776.3777064369286,255.76229356307147
1814.65,2288.382645199693,-473.7326451996928
1348.85,2844.5821829467372,-1495.7321829467373
2769.47,1588.0877428085714,1181.3822571914284
10155.14,8343.91306940554,1811.2269305944592
3581.41,2438.5395979244654,1142.8704020755345
2316.16,2978.6856988317104,-662.5256988317105
984.41,1158.2859216087154,-173.87592160871543
4762.31,3547.5703983835106,1214.7396016164898
819.0,4021.327043754439,-3202.327043754439
1150.46,1232.2193077410395,-81.75930774103949
5899.81,5378.139242483855,521.6707575161454
889.26,1366.8257649620837,-477.5657649620837
2109.51,1227.4452200001917,882.0647799998085
4800.65,6137.379998479013,-1336.7299984790134
3144.41,2550.155805512157,594.254194487843
601.32,1940.7246623176518,-1339.4046623176519
708.41,1086.220520274051,-377.8105202740511
3456.7,1823.7078077089545,1632.9921922910453
565.6,2590.377605559111,-2024.7776055591112
1944.19,1485.0320279068308,459.1579720931693
3528.43,3277.2462549215784,251.18374507842145
2632.05,2394.991308408785,237.0586915912154
9956.48,5653.103697035269,4303.376302964731
2571.49,2404.01270653636,167.47729346363985
660.18,1484.053411779176,-823.8734117791761
1122.38,1206.8085939106702,-84.42859391067009
2850.29,2576.1050050943177,274.1849949056823
1113.9,1710.431483479482,-596.531483479482
742.8,1261.654592288058,-518.854592288058
1609.35,1911.1188460069436,-301.7688460069437
574.8,1113.7243431076126,-538.9243431076127
540.61,1189.7043710137605,-649.0943710137605
3170.54,3155.074687047025,15.465312952975182
622.01,1655.2304373453942,-1033.2204373453942
290.2,974.5422407203384,-684.3422407203384
2033.92,2567.3202637360964,-533.4002637360963
716.1,1425.655061869712,-709.555061869712
1099.1,1701.6695462993514,-602.5695462993515
1265.14,1094.5328255220745,170.60717447792558
1025.96,4293.602811755917,-3267.642811755917
916.16,1412.5790519995544,-496.4190519995544
2691.41,3446.714648379715,-755.3046483797152
2660.19,2999.183679301265,-338.9936793012648
2714.75,2829.983974214002,-115.23397421400205
521.37,1613.1573886276335,-1091.7873886276334
9260.84,8158.0500272908075,1102.7899727091926
1538.5,2090.586095358814,-552.086095358814
1690.67,6116.382892595138,-4425.712892595138
1054.29,2798.6316047811742,-1744.3416047811743
2368.48,2100.3508055339425,268.12919446605747
1705.07,2260.543480062165,-555.4734800621652
754.38,2070.104908363756,-1315.7249083637557
1360.43,3345.4563575280813,-1985.0263575280812
642.96,773.9463836321537,-130.98638363215366
1031.93,1051.3301247990742,-19.400124799074092
914.55,2969.489180220785,-2054.9391802207847
984.18,1858.6553869798615,-874.4753869798616
1330.33,1491.1518801402158,-160.82188014021585
613.38,1263.289289756277,-649.909289756277
19056.91,8299.038997468953,10757.871002531047
1595.75,1601.3882551835177,-5.6382551835176855
9894.75,6267.2470073282375,3627.5029926717625
2794.65,3039.8699087704995,-245.2199087704994
1353.96,2788.3737014023377,-1434.4137014023377
9515.63,9250.310023315425,265.3199766845737
1301.6,1132.6615007556284,168.93849924437154
3260.4,1965.700482621724,1294.6995173782761
2676.6,2942.6859966401494,-266.08599664014946
1461.27,2457.3420407991002,-996.0720407991003
1145.97,1634.7285571967789,-488.75855719677884
846.65,2138.460855079106,-1291.8108550791057
2369.85,1586.927671070233,782.922328929767
1070.78,2555.902799011504,-1485.1227990115042
929.82,1979.8239326694772,-1050.0039326694773
650.0,1607.958917294274,-957.958917294274
1788.89,1753.345137219866,35.54486278013405
12307.71,5909.776363343777,6397.933636656222
929.12,2824.910835472679,-1895.7908354726792
1158.78,3141.5111680237164,-1982.7311680237165
1190.92,1388.1201671931185,-197.20016719311843
827.21,2036.8513420376487,-1209.6413420376487
3855.78,2549.7561072006743,1306.023892799326
3149.09,1441.768767727437,1707.321232272563
919.55,3198.9469444927117,-2279.3969444927116
4545.51,5457.065244482628,-911.555244482628
1124.11,1407.8157688621102,-283.7057688621103
1295.96,1272.8850824398414,23.07491756015861
1550.86,3309.265046052008,-1758.4050460520082
1322.41,2115.037358878978,-792.6273588789779
1451.91,3976.0542808373466,-2524.1442808373467
2128.63,2945.288268317127,-816.6582683171268
1810.79,3570.7320407487787,-1759.9420407487787
3002.52,3163.5755148846574,-161.05551488465744
1959.34,1255.3516761617393,703.9883238382606
1761.67,2787.631922953895,-1025.9619229538948
2905.53,1544.386739784284,1361.1432602157163
2748.8,1828.4417243724613,920.3582756275389
3684.18,2406.4739667905283,1277.7060332094716
778.22,1371.6165384406509,-593.3965384406508
5232.98,1649.904134520019,3583.0758654799806
3077.34,4741.614987677837,-1664.274987677837
2292.48,1398.464745576863,894.0152544231371
3869.94,5452.405713155919,-1582.4657131559193
1352.51,853.0962481530045,499.4137518469955
10142.99,4805.824227574842,5337.165772425158
4247.48,4346.208303975874,-98.72830397587404
969.84,1243.5738848341432,-273.73388483414317
821.39,1003.4410646384789,-182.05106463847892
1056.57,1484.6481901564434,-428.0781901564435
2611.66,4001.3583156359637,-1389.6983156359638
2841.33,2414.4394806619935,426.89051933800647
1524.17,1525.5935067689454,-1.4235067689453444
1982.54,1619.4111436950027,363.12885630499727
2208.42,1894.6465989983433,313.7734010016568
4593.09,7101.422401804057,-2508.3324018040566
1406.7,2662.678081160782,-1255.9780811607818
1793.63,1952.7376893633843,-159.10768936338422
3291.22,1680.8326354332246,1610.3873645667752
1618.38,3023.5481967976834,-1405.1681967976833
1192.37,1356.145118725928,-163.775118725928
1564.73,1167.3518399087009,397.37816009129915
10408.04,5286.650899561751,5121.389100438249
2275.26,2291.6159195064474,-16.355919506447208
1521.27,2085.429971524188,-564.1599715241882
1074.59,1870.3610791014,-795.7710791014001
1387.43,2522.070357692148,-1134.6403576921477
2192.61,2112.8701511986305,79.73984880136959
720.84,3027.459164002564,-2306.619164002564
1580.26,1739.6476674252729,-159.38766742527287
3804.07,3855.8826604143746,-51.81266041437448
7201.26,4158.796623987566,3042.4633760124343
2741.45,2353.5480176516494,387.90198234835043
2636.91,2090.0150596533704,546.8949403466295
1379.55,1315.2633647512405,64.28663524875947
3562.24,2686.925541562287,875.3144584377128
2887.29,3507.222799553696,-619.932799553696
1363.6,1248.7574754588009,114.84252454119905
7029.56,2994.7888299517094,4034.771170048291
1122.12,884.1581081087389,237.96189189126096
1049.35,2447.0258902115797,-1397.6758902115798
1109.34,1340.1021249545881,-230.76212495458822
1530.65,4430.5244326300535,-2899.8744326300534
661.62,1230.816767323196,-569.196767323196
3470.97,2401.434588436152,1069.535411563848
1417.7,2580.7424006097467,-1163.0424006097467
3729.06,5172.969637915728,-1443.9096379157277
1853.72,1881.4619587435657,-27.741958743565647
1200.08,2349.0372855100927,-1148.9572855100928
3420.73,3661.404366668134,-240.6743666681341
473.0,789.8179097371002,-316.8179097371002
1186.28,2148.214315689854,-961.9343156898542
3871.07,2801.18244652521,1069.8875534747904
707.92,9313.051369833962,-8605.131369833962
8451.46,3093.127644402567,5358.332355597432
4865.38,4202.767236711456,662.6127632885446
3925.22,2740.2001099266236,1185.0198900733762
1782.69,2126.6767686415005,-343.9867686415005
10195.69,7134.178811347112,3061.5111886528884
530.93,1376.3797785575948,-845.4497785575949
408.77,1257.1678292666986,-848.3978292666986
5179.27,3170.305972762572,2008.9640272374286
3374.5,3193.64590967744,180.85409032255984
5120.36,3323.587783313997,1796.7722166860026
661.85,3287.530148563253,-2625.680148563253
2874.33,2631.2448801926253,243.08511980737467
4013.09,4952.494921562007,-939.4049215620071
6367.62,9546.340392333734,-3178.720392333734
5439.05,2317.1255303252683,3121.924469674732
8962.54,6470.169915558585,2492.370084441416
6439.91,4907.516286306386,1532.3937136936138
7961.24,3154.9286780777165,4806.311321922283
1238.77,2059.9036904562886,-821.1336904562886
2242.1,2357.913958833026,-115.81395883302594
1678.46,3007.0665595742425,-1328.6065595742425
10727.77,8458.921620534622,2268.8483794653785
2852.0,2850.9177217791707,1.0822782208292665
4536.01,4499.28757809721,36.7224219027903
2558.28,4820.546957140893,-2262.266957140893
4807.95,3733.5570295460193,1074.3929704539805
1706.81,3839.564782454218,-2132.754782454218
4541.33,2386.3119003696142,2155.0180996303857
4563.26,6074.931212922224,-1511.6712129222242
4177.35,2919.34803655275,1258.0019634472505
1240.65,4330.848879077373,-3090.1988790773726
2188.87,1855.9707135038154,332.89928649618446
1513.69,2318.2795809581467,-804.5895809581466
10230.87,7491.690881456182,2739.1791185438187
908.9,2005.964389085371,-1097.0643890853712
725.9,695.775630268029,30.124369731971
7351.31,7094.430622990406,256.87937700959446
944.89,1543.2432291002315,-598.3532291002315
1055.22,1297.4548337461201,-242.2348337461201
1850.71,1255.7402118997675,594.9697881002326
1337.61,1593.095486751504,-255.48548675150414
280.0,4486.283167236357,-4206.283167236357
691.14,2669.7753778866545,-1978.6353778866546
10586.55,5478.00967486592,5108.5403251340795
1556.02,1177.0375998100828,378.98240018991714
738.26,1503.780595803395,-765.520595803395
1160.23,1845.794121363245,-685.564121363245
2298.23,6276.440542838145,-3978.210542838145
2862.82,2340.0171141180185,522.8028858819816
13449.15,14856.767855437605,-1407.6178554376056
6231.23,4260.678133459629,1970.5518665403706
575.27,1460.0584510197118,-884.7884510197118
395.48,1499.5547799163899,-1104.0747799163898
2704.81,2550.9118608111617,153.8981391888383
1735.44,2259.0497566914696,-523.6097566914696
1513.62,1291.5675527500794,222.05244724992053
563.69,1181.4617284666367,-617.7717284666367
5400.62,5014.977155016645,385.64284498335473
1447.62,3213.933983405335,-1766.313983405335
1920.99,3869.023487884322,-1948.033487884322
2655.23,3340.5831472674404,-685.3531472674404
878.36,1499.841748359952,-621.4817483599519
6798.49,4904.389132751006,1894.1008672489934
572.34,1898.2443783098756,-1325.9043783098755
454.74,1023.685481931132,-568.945481931132
7999.05,5637.848088970572,2361.2019110294286
8598.83,4394.174011234291,4204.655988765709
5307.02,5339.280060624684,-32.26006062468332
1105.75,3539.1429784725397,-2433.3929784725397
819.14,1058.9102911139116,-239.77029111391164
5391.13,6379.2467634144095,-988.1167634144094
1380.25,1114.6434045350964,265.60659546490365
1421.73,1477.8053752698074,-56.07537526980741
1869.91,3593.0366906948666,-1723.1266906948665
710.99,1115.4766575573028,-404.4866575573028
4521.77,2666.8499731374363,1854.920026862564
739.57,946.8686437946251,-207.29864379462504
1138.77,6946.702487910392,-5807.9324879103915
2132.94,3692.016818193627,-1559.0768181936269
1311.11,2698.2319767451236,-1387.1219767451237
1383.17,1889.2690457159638,-506.0990457159637
1540.41,2175.7173005264885,-635.3073005264885
1152.54,2432.8744594325235,-1280.3344594325235
1488.7,1605.8540767911277,-117.15407679112764
761.54,1379.2960434845104,-617.7560434845104
1807.32,1837.872123504238,-30.552123504238125
935.55,1304.508102830422,-368.95810283042215
2375.0,1304.7265766841194,1070.2734233158806
4958.51,7122.557784462678,-2164.0477844626776
2704.93,1898.2291240550198,806.70087594498
2579.35,2238.070337473469,341.27966252653096
1499.5,1319.165379718221,180.33462028177905
3678.16,3141.2541505163067,536.9058494836931
2093.66,3707.139357603133,-1613.479357603133
713.44,2558.46213516442,-1845.02213516442
12997.22,10978.378124948342,2018.8418750516576
1134.17,3398.6394107123974,-2264.4694107123973
353.14,2022.5681701932938,-1669.4281701932937
2273.54,3624.0411879925055,-1350.5011879925055
2384.35,2783.7965911168085,-399.4465911168086
2561.63,4355.201307034251,-1793.5713070342508
2111.36,3649.3386287302556,-1537.9786287302554
3700.3,3424.3489571519185,275.95104284808167
2095.67,1425.0170406250413,670.6529593749588
2194.04,2901.716934125024,-707.6769341250242
2417.66,2149.3347513636054,268.32524863639446
1336.59,1522.6044194094397,-186.01441940943982
1016.02,1378.4202420712782,-362.40024207127817
2101.17,3971.272453832233,-1870.102453832233
1866.67,2248.518847607117,-381.848847607117
3388.99,2116.676915939223,1272.3130840607769
1070.36,1126.8408314089722,-56.480831408972335
1319.12,1828.3882926348117,-509.2682926348118
15642.45,5625.270157198741,10017.179842801259
2483.74,2571.405420374286,-87.66542037428644
2201.9,3425.3739916134878,-1223.4739916134877
655.27,1277.914688070227,-622.644688070227
1188.94,1624.8855716340242,-435.9455716340242
2205.07,2690.3936631166775,-485.3236631166774
1726.79,1592.3405065928855,134.44949340711446
2506.7,2500.00895397133,6.691046028669916
1894.86,2782.8433883895295,-887.9833883895296
3295.93,3312.683848525644,-16.753848525644116
1240.96,3118.9284668274677,-1877.9684668274676
2031.72,4839.349825486092,-2807.629825486092
1832.84,2551.970695203653,-719.1306952036532
1310.98,1543.6175664145662,-232.6375664145662
1152.41,3574.867043042506,-2422.4570430425056
1806.12,2818.726618487054,-1012.6066184870542
3236.08,4530.942903441843,-1294.8629034418427
1758.24,1981.3182993541336,-223.0782993541336
3777.64,1882.623570260491,1895.0164297395088
1089.92,2279.2807734083062,-1189.3607734083062
1325.8,1270.6290620868594,55.170937913140506
1509.11,1437.1483945422221,71.96160545777775
3752.64,1832.2994797442125,1920.3405202557874
2112.62,2661.3453584836134,-548.7253584836135
2451.07,2671.6626269976937,-220.59262699769351
1084.09,3388.9795831846322,-2304.889583184632
1385.33,2869.7934816915367,-1484.4634816915368
1205.32,1401.7494219394864,-196.42942193948647
701.73,1567.154146475234,-865.424146475234
1409.18,1289.7536004619342,119.42639953806588
899.75,1894.6651308466726,-994.9151308466726
4901.53,6433.27787980619,-1531.7478798061902
1372.7,1401.2984014475423,-28.5984014475423
7909.15,4820.89026056469,3088.2597394353097
378.8,877.501861914981,-498.70186191498095
5129.28,2399.390149805526,2729.8898501944736
992.22,4280.431723920689,-3288.211723920689
2433.12,2525.939909713033,-92.81990971303321
1854.16,2533.648800054223,-679.488800054223
1661.85,1166.8647218922235,494.98527810777637
2203.32,3808.4685643520556,-1605.1485643520555
1599.18,3197.2453936104152,-1598.0653936104152
900.9,1420.1875925318,-519.2875925318
7292.63,3988.982068229942,3303.647931770058
965.76,1610.3000104696125,-644.5400104696125
2833.03,2735.9156275724677,97.11437242753254
1050.46,1692.0613325559743,-641.6013325559743
1739.08,2294.4346920226017,-555.3546920226017
3364.34,4293.536385778044,-929.1963857780438
2419.45,3676.654641952168,-1257.204641952168
593.96,2173.0026991828718,-1579.0426991828717
560.08,1364.3770794795316,-804.2970794795316
1286.41,2826.7192386070647,-1540.3092386070646
7277.65,6410.441584919454,867.2084150805458
3152.5,5516.852832930761,-2364.352832930761
3573.04,4003.7185208290207,-430.6785208290207
2921.95,3073.3445009282896,-151.39450092828974
1335.49,1849.165255540745,-513.675255540745
4783.4,2235.681406172697,2547.718593827303
817.21,1722.5073771568686,-905.2973771568686
6031.16,2722.345238501136,3308.814761498864
1832.5,2250.3407484354843,-417.84074843548433
1961.14,2683.855700294473,-722.715700294473
3016.65,3430.5451602198505,-413.89516021985037
5902.91,6622.419528818908,-719.5095288189077
5645.65,4325.938231013511,1319.711768986489
5965.94,4553.450610155455,1412.4893898445443
860.83,1591.3880035126792,-730.5580035126792
618.25,1049.1167960292778,-430.8667960292778
889.61,1671.3542257096565,-781.7442257096565
2342.97,2738.7613523849736,-395.79135238497383
2159.46,1546.258404436576,613.201595563424
2059.22,2501.3868562182215,-442.1668562182217
3368.7,5017.845243622101,-1649.1452436221016
2950.02,2872.9742565527868,77.04574344721323
2769.06,2124.611675539035,644.4483244609651
1735.69,1529.4130300669694,206.2769699330306
469.73,1517.83447290686,-1048.1044729068599
1431.98,1296.6880076135467,135.29199238645333
1178.72,1000.6946636130515,178.02533638694854
8643.26,8657.197703777389,-13.937703777388379
4822.47,3491.6007157475033,1330.869284252497
1616.12,2660.281911308731,-1044.1619113087313
1705.12,2243.028230714508,-537.9082307145081
731.4,1187.933224227205,-456.5332242272051
842.88,1874.604552107087,-1031.7245521070872
1163.16,1022.5327874464738,140.6272125535263
3597.23,7436.232086633366,-3839.0020866333657
2302.63,1746.7607305133865,555.8692694866136
3055.38,1771.6218093510677,1283.7581906489324
2859.87,3496.65564831882,-636.7856483188202
1073.01,1782.8132948663622,-709.8032948663622
7999.64,3017.958948247983,4981.681051752017
949.94,1427.4362411939755,-477.4962411939755
1760.8,2887.62112436268,-1126.82112436268
2850.17,1091.730285986748,1758.4397140132521
9247.98,6194.003193086575,3053.9768069134243
4153.03,4665.223216897466,-512.1932168974663
2048.51,2387.4156533971955,-338.90565339719524
8544.17,7651.126338121713,893.0436618782869
1443.41,1878.0955834144095,-434.6855834144094
8949.14,5466.767325981133,3482.3726740188667
2825.33,5000.595956411512,-2175.265956411512
1220.25,740.5175962256719,479.7324037743281
2522.31,2726.776241569015,-204.46624156901498
2120.04,1590.4941772140871,529.5458227859128
5290.08,8588.131918303543,-3298.051918303543
1638.16,3191.6785187269343,-1553.5185187269342
3616.44,4106.644490693958,-490.2044906939577
898.57,1452.052341954591,-553.4823419545909
8009.03,1466.9324924472533,6542.097507552747
2685.63,3816.7954066122065,-1131.1654066122064
4107.17,2004.453279110238,2102.7167208897617
1662.82,1552.2774498753934,110.54255012460658
708.67,2225.8067565397187,-1517.1367565397186
5231.78,4236.3112649048235,995.4687350951763
2548.7,2757.8860390087452,-209.1860390087454
24413.42,11725.16041152775,12688.259588472249
7114.74,6832.6024236985095,282.1375763014903
892.61,1913.5374903999239,-1020.9274903999238
2974.87,3283.342891622642,-308.47289162264224
1932.29,1547.3435924985652,384.9464075014348
445.4,1006.431335981088,-561.031335981088
2597.77,5599.060132642013,-3001.290132642013
3743.98,1904.3480704307667,1839.6319295692333
1101.54,1537.534272160286,-435.9942721602861
7172.56,7133.723772441258,38.836227558742394
5708.02,5266.401081293448,441.618918706552
889.18,1362.8311858048728,-473.65118580487285
1372.11,2369.5675110642514,-997.4575110642515
2577.34,2118.547586361482,458.79241363851816
1547.39,1841.6724924700782,-294.28249247007807
5180.89,3586.7911129678996,1594.0988870321007
830.75,1388.8214307203327,-558.0714307203327
941.82,1176.169357894078,-234.34935789407803
2514.33,2396.628748993288,117.70125100671203
1155.42,2127.125506904356,-971.7055069043558
950.67,2299.451592758853,-1348.781592758853
1807.52,1409.822570196162,397.6974298038381
8393.33,3671.3351741941483,4721.994825805852
7109.46,5416.8689673623885,1692.5910326376115
2743.61,3449.135401172691,-705.5254011726911
6456.41,5581.945719929915,874.4642800700849
1189.21,1411.5634732614894,-222.3534732614894
1883.74,2302.584007393387,-418.84400739338685
1416.18,985.0111140660488,431.1688859339513
1873.04,1081.0661935143507,791.9738064856492
2823.12,2173.8673791382007,649.2526208617992
2472.39,2697.0326056796193,-224.64260567961946
1130.26,1355.1060024377246,-224.84600243772456
1680.15,2280.3063894589045,-600.1563894589044
750.0,3934.663047068653,-3184.663047068653
294.53,1479.9283535225643,-1185.3983535225643
1154.53,1975.3764271161212,-820.8464271161213
1495.96,2397.1154597043733,-901.1554597043732
9680.64,9737.48721870094,-56.847218700941085
899.95,1634.1372107457555,-734.1872107457555
740.93,1424.431537005065,-683.501537005065
2571.78,2230.700810463192,341.07918953680837
7650.93,6030.608901555269,1620.3210984447314
1066.26,1469.2113090451812,-402.95130904518123
740.48,1913.6912521951654,-1173.2112521951653
1041.8,1291.887973931499,-250.08797393149894
1568.68,1742.9374935361475,-174.25749353614742
1623.7,2182.7402117826555,-559.0402117826554
574.9,901.3711551729479,-326.4711551729479
2680.06,2219.3440906892306,460.71590931076935
567.69,1254.650476256294,-686.960476256294
10377.15,8599.397246487018,1777.7527535129811
666.03,1574.2963561187728,-908.2663561187728
1960.04,1142.9544293770368,817.0855706229631
4519.79,2224.7514057572685,2295.0385942427315
2073.63,1227.082506244235,846.5474937557651
2120.56,3615.1123622174996,-1494.5523622174996
829.3,1289.2808362029045,-459.9808362029046
3620.07,2565.9896222819893,1054.0803777180108
2117.98,1871.9477762581523,246.0322237418477
1134.65,2258.807401728787,-1124.1574017287871
3184.0,1936.7371609636061,1247.2628390363939
3878.31,7168.531213569177,-3290.2212135691775
1536.19,2203.699287037332,-667.5092870373319
9837.38,5052.419257555818,4784.960742444181
644.29,914.1598275051866,-269.86982750518666
8123.29,5370.020331253743,2753.2696687462567
183.13,3958.7078529309833,-3775.577852930983
1621.92,1834.5839998187216,-212.66399981872155
3799.33,1630.3504250925034,2168.9795749074965
5058.87,2878.3111613830056,2180.5588386169943
1878.3,2262.022206269201,-383.722206269201
14019.98,14206.007309054638,-186.02730905463795
3143.17,2545.3808397427815,597.7891602572186
2770.24,2389.9559297570236,380.2840702429762
3101.01,2626.4230608847743,474.58693911522596
1001.06,1588.8331181247518,-587.7731181247518
5703.81,5489.969818427592,213.84018157240826
2468.03,2467.995559211278,0.03444078872234968
1387.61,3528.7696994590406,-2141.159699459041
4673.61,3582.352235351835,1091.2577646481645
6867.31,3896.680600091069,2970.629399908931
4483.61,4831.178602821448,-347.5686028214486
8700.51,3837.3592520529755,4863.150747947025
3882.54,3968.8348172418982,-86.29481724189827
909.65,1545.9101406782574,-636.2601406782575
3529.67,5849.823253188777,-2320.153253188777
2509.07,1221.4145390336748,1287.6554609663253
3202.97,3195.1250532091244,7.844946790875383
21481.7,11482.987547629475,9998.712452370526
881.56,1470.6457579581074,-589.0857579581075
2409.87,2807.76431958596,-397.89431958596015
5293.9,3309.809300101559,1984.0906998984406
1444.4,3123.963177623278,-1679.563177623278
3905.8,2947.488514766761,958.3114852332392
2338.51,3646.03444634643,-1307.5244463464296
2547.83,1920.3325426889135,627.4974573110865
2132.86,1787.5425630914028,345.3174369085973
1622.92,1162.2150107605776,460.7049892394225
1363.12,2986.643780682513,-1623.523780682513
834.0,2595.813999325491,-1761.8139993254908
