Actual_Loss,Predicted_Loss,Residual
3302.33,3864.2157038984233,-561.8857038984233
1021.53,1530.512962143474,-508.98296214347397
580.0,4832.937901274761,-4252.937901274761
1109.79,1782.9209897535748,-673.1309897535748
4325.72,4162.103811868213,163.61618813178757
5344.24,6483.555253097397,-1139.3152530973975
1173.77,1141.8029451591187,31.967054840881246
13018.78,9041.558915479774,3977.221084520226
709.01,2011.575603907159,-1302.565603907159
3759.36,4303.259012599736,-543.8990125997357
6297.38,4563.7673123091,1733.6126876909002
4001.05,3192.473519587255,808.5764804127452
854.47,2227.6610678025154,-1373.1910678025154
456.22,2581.6401721053985,-2125.4201721053987
1578.7,3178.3951181058947,-1599.6951181058946
2440.51,6524.079816008055,-4083.5698160080547
1488.8,2742.437440314342,-1253.637440314342
3066.44,4113.178370530091,-1046.7383705300913
1322.68,869.5662933754838,453.1137066245162
1180.88,1376.2051955004888,-195.3251955004887
869.96,1668.832149041621,-798.872149041621
1408.94,978.810353641649,430.129646358351
611.73,385.7526037652665,225.97739623473353
1394.83,2999.689383677613,-1604.859383677613
1264.52,1796.9471458347743,-532.4271458347744
2159.85,2113.5267163361486,46.32328366385127
4797.96,4497.7041268052335,300.25587319476654
2803.9,3039.3838587143914,-235.48385871439132
3685.72,4589.348078739219,-903.6280787392193
3172.75,2239.59947835136,933.1505216486398
3475.15,2549.5150778921575,925.6349221078426
1918.9,7370.563866844074,-5451.663866844074
897.15,1996.4902744027777,-1099.3402744027776
634.1,1377.4355512174516,-743.3355512174516
4177.88,5053.939099065293,-876.0590990652927
1712.92,848.4452686012912,864.4747313987089
16070.92,11294.99409100771,4775.925908992291
4818.94,2399.740949180925,2419.1990508190747
12269.88,9392.617858224374,2877.2621417756254
1086.1,2064.996368417725,-978.8963684177252
4786.92,4137.247834988583,649.6721650114168
1729.6,4129.676303287326,-2400.076303287326
1042.04,1097.2907029309952,-55.2507029309952
3944.02,5390.563181036191,-1446.543181036191
2900.65,3019.8982871298585,-119.24828712985845
5182.96,4940.51816828351,242.44183171649001
1223.5,3407.1346645616873,-2183.6346645616873
2293.21,1490.0290865806205,803.1809134193795
2455.79,2943.6466131173115,-487.85661311731155
1674.0,3736.4007531794045,-2062.4007531794045
1937.77,1855.1400652922366,82.62993470776337
4797.14,6348.5880190428825,-1551.4480190428822
654.23,2005.1248163295463,-1350.8948163295463
4540.82,2259.5334397514694,2281.2865602485303
1432.38,1713.8935602303325,-281.51356023033236
10748.93,9712.501026692225,1036.4289733077749
2668.17,3164.070475520714,-495.9004755207138
6558.35,6995.868407594487,-437.51840759448623
5343.54,2722.308413789619,2621.231586210381
1431.27,1482.7351406966561,-51.465140696656135
670.38,1846.851729309336,-1176.4717293093358
593.53,577.6175521757995,15.912447824200513
2113.1,2641.8099985747967,-528.7099985747968
3197.57,3970.025506714145,-772.455506714145
3497.37,1398.211960016198,2099.158039983802
1754.68,5047.827535783875,-3293.1475357838744
1419.07,2325.3336589405008,-906.2636589405008
1866.04,1515.006235193253,351.03376480674706
5604.92,6565.482332138928,-960.5623321389276
6805.22,4385.810713928582,2419.409286071418
1066.99,2264.4920936267795,-1197.5020936267795
1685.93,1813.0427412907443,-127.11274129074422
10986.28,5602.9428365385465,5383.337163461454
2226.28,1605.7378019996759,620.5421980003243
5419.24,2248.333783065266,3170.906216934734
9462.9,7909.900679770369,1552.999320229631
2890.17,4621.376344812201,-1731.2063448122008
664.26,417.56251258877444,246.69748741122555
1689.94,1932.4253804973964,-242.48538049739636
1017.47,4503.728105843822,-3486.258105843822
1377.34,767.7605432583141,609.5794567416858
1259.77,1335.808954152223,-76.03895415222291
2976.58,3423.1345059087726,-446.5545059087726
2962.07,3552.442963422201,-590.3729634222009
3457.33,4615.909460372787,-1158.5794603727873
5611.61,3711.4465600479352,1900.1634399520644
3809.26,1626.4258499287369,2182.834150071263
8565.7,1799.449596419161,6766.25040358084
2545.21,2627.282958525624,-82.07295852562402
812.94,2527.994464458845,-1715.054464458845
799.18,2465.4244064356017,-1666.2444064356018
9544.22,6829.163046738192,2715.0569532618074
301.8,1085.7608580994597,-783.9608580994598
2487.06,1375.1905865089086,1111.8694134910913
1512.42,3742.13589053249,-2229.71589053249
714.28,931.764375803419,-217.48437580341897
3380.44,2609.440695326692,770.999304673308
2210.24,2803.250791421191,-593.0107914211912
1523.23,3953.2134551408144,-2429.9834551408144
2507.79,4105.951727763634,-1598.1617277636342
1175.72,1309.4252052992217,-133.7052052992217
2289.83,5525.976013464176,-3236.1460134641757
2570.9,955.8790097673495,1615.0209902326505
3490.04,2768.335446919526,721.7045530804739
4212.29,2942.079252483158,1270.2107475168418
3855.35,3470.4917472824386,384.8582527175613
2555.31,3254.22813479091,-698.9181347909102
1592.66,384.4421149163021,1208.217885083698
2624.42,3675.56694188497,-1051.1469418849701
983.16,3945.705905045552,-2962.545905045552
2085.0,3533.2035562028377,-1448.2035562028377
3057.65,2003.4036795019815,1054.2463204980186
3723.78,4407.641649161968,-683.8616491619682
3443.61,3669.288069736988,-225.6780697369877
7041.3,2221.176437614232,4820.123562385768
7271.73,4471.4949249245965,2800.235075075403
1034.86,2299.668062390676,-1264.808062390676
4007.07,2893.6666371753963,1113.4033628246038
2023.92,1469.1423481080108,554.7776518919893
6391.62,3580.1926391936477,2811.427360806352
2834.5,2122.9994062412948,711.5005937587052
794.49,437.2414228946126,357.2485771053874
3177.39,1832.7471567566672,1344.6428432433327
2500.86,1897.6221467915475,603.2378532084526
1594.29,5378.587522821313,-3784.2975228213127
1837.18,3168.5145166256543,-1331.3345166256543
1260.0,3273.881395809628,-2013.881395809628
6030.53,5295.442050067325,735.0879499326747
3393.34,4305.075331614939,-911.7353316149392
1005.34,2855.570765085287,-1850.2307650852867
1355.07,3484.457301202214,-2129.387301202214
836.28,2982.4681641491684,-2146.188164149168
1453.64,1911.0510165967576,-457.41101659675746
5837.45,4445.244293451732,1392.2057065482677
2771.51,6777.803039033109,-4006.2930390331085
756.92,1493.8696584297898,-736.9496584297898
4034.32,2503.001797023639,1531.3182029763611
2548.51,3883.1660084232544,-1334.6560084232542
20272.33,4229.922934541189,16042.407065458814
4680.01,2269.2674498743904,2410.74255012561
3550.54,3696.5100994571667,-145.97009945716673
846.24,5403.03105677795,-4556.79105677795
832.69,1026.7157404260147,-194.02574042601464
702.86,1454.4801153624978,-751.6201153624978
1312.78,2153.8424164844587,-841.0624164844587
1808.7,488.9614140199842,1319.7385859800158
4492.19,2706.9538198533796,1785.23618014662
893.9,1831.9481295906394,-938.0481295906394
749.96,548.3092755063306,201.6507244936695
3426.19,4688.333934914878,-1262.1439349148782
4606.64,2023.768271439922,2582.8717285600783
4123.01,2252.257685457462,1870.7523145425384
837.28,846.8901605781734,-9.610160578173463
3863.61,2183.7525793303726,1679.8574206696276
6207.03,1334.330050263117,4872.699949736882
10399.9,4964.490166775316,5435.409833224684
1351.1,1158.9697497722339,192.13025022776606
2740.27,3263.862736146596,-523.592736146596
1006.9,1500.736537320122,-493.8365373201219
783.03,1823.320709041956,-1040.290709041956
8238.01,5195.470039226139,3042.539960773861
1402.86,2053.514322950287,-650.654322950287
8046.71,5812.667552623796,2234.042447376204
2196.43,3024.0970301180237,-827.6670301180238
882.76,1648.3258426015286,-765.5658426015286
1023.42,345.3877720852465,678.0322279147534
2734.7,2077.9370736370797,656.7629263629201
809.53,1109.9702007928202,-300.4402007928202
1718.79,1285.2412895304765,433.5487104695235
681.19,2079.9490788783037,-1398.7590788783036
5410.34,3921.098526052161,1489.241473947839
871.66,156.5309588383749,715.1290411616251
1387.62,2487.2905230984456,-1099.6705230984458
2367.75,2151.7491916594327,216.00080834056735
3925.09,347.92196163971494,3577.168038360285
508.46,1350.1012466967973,-841.6412466967972
1504.41,1956.6086567330663,-452.1986567330662
2939.9,3629.40410888568,-689.5041088856801
1278.76,4392.035623001547,-3113.2756230015466
1818.86,2298.318342740551,-479.4583427405512
1779.66,2491.7175771081443,-712.0575771081442
1378.47,1240.8732957115951,137.5967042884049
991.16,1558.5345540060819,-567.3745540060819
1444.4,2740.946705394261,-1296.5467053942607
720.35,1298.4109950583027,-578.0609950583026
1579.63,1668.8031733837422,-89.1731733837421
8891.97,7462.768477528798,1429.2015224712013
1385.41,3469.5029081908538,-2084.0929081908534
1799.13,1398.7613222348284,400.3686777651717
6556.18,2100.9745243720863,4455.205475627914
2107.63,2309.526478269314,-201.89647826931377
6997.28,3809.5237027210105,3187.756297278989
5145.75,3202.6613181192674,1943.0886818807326
968.63,1498.4943203610626,-529.8643203610626
5932.08,2471.327895793141,3460.752104206859
3870.38,4610.070429603138,-739.690429603138
2227.4,3158.622652501781,-931.2226525017809
6403.9,6762.307584577245,-358.40758457724496
1792.18,3062.1791250436386,-1269.9991250436385
4901.53,3307.894493795188,1593.635506204812
1774.79,1089.5963589014798,685.1936410985202
2006.73,4234.5828877915355,-2227.8528877915355
3315.63,2920.576190009365,395.0538099906353
9677.04,5154.023161168389,4523.0168388316115
4112.61,2154.5663458975387,1958.043654102461
2834.47,1926.9250355063227,907.5449644936771
973.75,2240.3488389031995,-1266.5988389031995
7305.25,3201.359461686549,4103.8905383134515
5395.98,4699.331174452766,696.6488255472332
2162.52,906.2123882537023,1256.3076117462977
6208.32,4092.999343425401,2115.3206565745986
9681.97,3688.9517571966153,5993.018242803384
1558.63,4937.84962751727,-3379.21962751727
5688.62,3818.106589899655,1870.513410100345
3400.22,3538.070846441049,-137.85084644104927
5609.2,3825.519865305082,1783.6801346949178
625.46,-40.74128762940279,666.2012876294028
2754.84,1735.4994113763078,1019.3405886236924
2135.01,1266.3331208265367,868.6768791734635
1949.7,2335.893141897348,-386.1931418973479
2311.84,4966.601975723951,-2654.761975723951
7250.76,5254.699630405376,1996.0603695946238
11864.32,7133.514387489363,4730.805612510637
1574.87,2204.578142585316,-629.7081425853162
3544.3,3531.1417697928564,13.158230207143788
2303.35,2639.9816607921143,-336.6316607921144
5079.42,4861.50534420607,217.91465579393025
1311.11,886.0386224737838,425.0713775262161
691.8,1231.9640098911063,-540.1640098911064
1005.63,1652.2407648737887,-646.6107648737888
835.22,1928.6588391232517,-1093.4388391232517
2070.03,2828.147897060366,-758.117897060366
3526.7,3462.8315113579088,63.86848864209105
8726.48,7043.748963138437,1682.7310368615626
729.75,2369.24768307687,-1639.49768307687
5098.78,4194.902035188351,903.8779648116488
1201.11,2756.8524244031005,-1555.7424244031006
4561.64,6499.490731035969,-1937.8507310359682
977.75,1324.6429093940337,-346.8929093940337
5487.97,5334.554325865292,153.41567413470784
3057.69,1310.932422940219,1746.757577059781
2226.9,2100.1427756923235,126.75722430767655
2724.59,2898.0290443883023,-173.43904438830214
1719.6,1212.163851423962,507.436148576038
562.94,1260.8515460674741,-697.9115460674741
4378.26,2539.559729898523,1838.7002701014771
4358.13,4816.426723483143,-458.29672348314307
5015.92,5515.681407578499,-499.7614075784986
1708.48,965.4934955450144,742.9865044549856
1312.64,1456.6009621456967,-143.9609621456966
2188.58,1546.3964135957247,642.1835864042753
870.01,1381.21393461116,-511.2039346111601
1037.58,1802.6662949414554,-765.0862949414554
16620.24,9088.064063816299,7532.175936183703
870.97,1758.4131631089408,-887.4431631089408
848.21,795.5198187877781,52.69018121222189
2102.08,4134.356200841549,-2032.2762008415493
2755.56,2211.698057769571,543.8619422304291
3830.86,1633.8384333218467,2197.0215666781532
1178.69,1176.4004287766218,2.2895712233782888
1120.02,3119.8976027012163,-1999.8776027012163
13149.75,7573.4669411618315,5576.2830588381685
5635.81,8651.263886937511,-3015.453886937511
2371.75,5854.832894345485,-3483.0828943454853
5908.98,4170.7547530259735,1738.225246974026
1336.98,1976.1459869304845,-639.1659869304845
4028.04,1900.9352865526407,2127.1047134473592
787.81,2167.5501407450197,-1379.7401407450197
2054.23,4003.333804291544,-1949.1038042915438
12777.64,5838.300446105424,6939.339553894575
1553.79,1387.7365109167247,166.05348908327528
406.77,1103.313683538943,-696.543683538943
1192.58,2182.90251532322,-990.3225153232202
2654.32,1275.1714844478888,1379.1485155521113
7531.2,6189.188763204954,1342.011236795046
9309.04,4991.609081573628,4317.430918426373
5560.27,1568.6286054895763,3991.641394510424
1505.96,3694.696256433172,-2188.736256433172
501.95,2582.0028755860158,-2080.052875586016
536.56,1731.1442583677544,-1194.5842583677545
2379.01,4512.504575856039,-2133.494575856039
733.53,751.2712393388722,-17.74123933887222
5279.01,2104.566596794003,3174.443403205997
397.76,1116.9558919407557,-719.1958919407557
2740.52,1657.9538923106707,1082.5661076893293
5526.41,8799.949866459658,-3273.539866459658
6086.39,6600.8016067080125,-514.4116067080122
6916.66,5732.018939423469,1184.6410605765304
7898.61,4975.253481837026,2923.3565181629738
22236.37,12510.204704926655,9726.165295073344
3740.13,3229.6023410583507,510.5276589416494
1099.89,663.7332216175064,436.1567783824937
967.7,1797.3974397798843,-829.6974397798842
782.0,2709.5492229052516,-1927.5492229052516
780.0,3322.170401356554,-2542.170401356554
3037.99,4447.725307581183,-1409.7353075811834
1251.95,2244.97426111937,-993.0242611193701
852.66,1631.4863259574283,-778.8263259574284
2607.03,3316.713315048844,-709.6833150488437
4149.48,2848.750484824929,1300.7295151750704
4038.1,3564.052843220417,474.047156779583
640.97,727.7833758557267,-86.81337585572669
403.7,1717.6356491297608,-1313.9356491297608
981.92,1802.9419638741706,-821.0219638741706
4372.66,4353.80676626817,18.853233731830187
1305.34,2048.3262698734256,-742.9862698734257
2083.79,1920.3582168466041,163.43178315339583
1508.93,1121.861180788105,387.06881921189506
6129.74,6642.919639445478,-513.1796394454786
748.54,2286.767129794052,-1538.227129794052
518.56,2725.6396698227263,-2207.0796698227264
885.17,69.79792002614732,815.3720799738526
2522.09,2932.2386912223637,-410.1486912223636
1855.29,1102.6928538222785,752.5971461777215
869.04,1526.4823582309925,-657.4423582309926
2931.69,2320.0247084286543,611.6652915713457
1331.4,-306.25030667795846,1637.6503066779585
5971.93,2806.9183152260057,3165.0116847739946
4123.62,3210.6615202618755,912.9584797381244
519.58,697.1350932306018,-177.55509323060176
1008.68,178.37416549376013,830.3058345062398
1057.64,1983.6213627072088,-925.9813627072087
1634.7,1675.3419995674078,-40.641999567407765
1925.74,3245.6706795250807,-1319.9306795250807
2989.5,3540.8702826028934,-551.3702826028934
1301.44,881.3426416948273,420.09735830517275
2836.67,2973.956918925666,-137.28691892566576
1918.96,2620.3916325593914,-701.4316325593913
1121.7,1814.9642818929624,-693.2642818929623
794.28,1722.0076471723091,-927.7276471723092
7965.51,6749.953321703719,1215.5566782962815
4944.61,4716.754779235994,227.85522076400594
2422.15,2029.3310361149506,392.81896388504947
1063.71,3011.1299472705236,-1947.4199472705236
4293.21,2023.593468318577,2269.616531681423
1141.24,2138.0292869541313,-996.7892869541313
2193.33,4427.794021445968,-2234.464021445968
1867.8,2744.818949879748,-877.0189498797479
3226.52,3051.041275465902,175.4787245340981
1981.67,901.1253926226607,1080.5446073773394
937.15,2906.535158488185,-1969.385158488185
5620.02,4345.251835604104,1274.7681643958967
1212.39,1539.8736697181073,-327.4836697181072
1373.23,4027.207474495388,-2653.977474495388
3409.99,3623.028237415876,-213.0382374158762
2547.22,3147.365117474952,-600.1451174749523
691.21,288.05222156075786,403.1577784392422
491.03,1247.348220361869,-756.318220361869
4402.48,4193.323506271218,209.15649372878124
2107.95,2344.0391456420434,-236.0891456420436
2148.11,4963.802711328894,-2815.6927113288934
975.59,-57.913909968170174,1033.5039099681703
851.6,929.1133836634267,-77.51338366342668
7972.02,5068.704809884853,2903.3151901151477
3970.56,2322.9587294895246,1647.6012705104754
1478.8,4370.9845565116875,-2892.1845565116873
3058.93,1451.254248834213,1607.6757511657868
617.42,454.27705516353956,163.1429448364604
795.78,2883.464172063895,-2087.684172063895
1351.66,1016.6117361889715,335.0482638110286
616.07,572.7242218441444,43.34577815585567
1139.03,4641.713949352825,-3502.683949352825
2794.45,5176.7786468735485,-2382.3286468735487
1535.5,535.0912366079174,1000.4087633920826
4189.96,2572.340168658669,1617.619831341331
5588.52,3286.2620137749122,2302.257986225088
980.21,1990.8232057050054,-1010.6132057050054
2427.97,3051.7691596045424,-623.7991596045426
2028.21,2001.9646146600062,26.245385339993845
9045.74,6616.630213770019,2429.109786229981
893.93,2255.5971092080185,-1361.6671092080187
920.17,1459.2933380293478,-539.1233380293478
2240.73,3930.1415333241493,-1689.4115333241493
2285.55,2059.1751342621856,226.37486573781462
1829.42,1447.1282860892948,382.2917139107053
7996.31,4048.48151830972,3947.8284816902806
6861.94,3211.894568012692,3650.0454319873074
2481.78,1276.1471293629086,1205.6328706370916
7274.57,7001.7807337309405,272.7892662690592
1140.54,1733.5453084452179,-593.0053084452179
1754.59,1430.235107149573,324.35489285042695
2804.29,1779.2964173195037,1024.9935826804963
862.37,1051.494970728981,-189.12497072898088
466.67,1266.1587977933896,-799.4887977933895
3014.27,1068.8742690242332,1945.3957309757668
846.12,2041.1411300284158,-1195.0211300284159
8581.98,4363.302754862751,4218.677245137249
2098.34,3814.791499483891,-1716.451499483891
2477.55,1846.194314043833,631.3556859561672
6776.9,4879.435605248891,1897.4643947511086
2305.14,1393.2315800919441,911.9084199080557
976.38,1906.418251206418,-930.0382512064181
21187.55,10865.198688982968,10322.351311017032
2702.01,2200.657605500791,501.35239449920937
2237.88,4914.347060534855,-2676.4670605348547
1176.93,1941.0017845092234,-764.0717845092233
2138.6,2039.7170341012966,98.88296589870333
1587.52,1804.7961282346914,-217.27612823469144
13373.98,5529.599418883087,7844.380581116912
1730.46,2889.0119847624774,-1158.5519847624773
2311.33,588.3063575874803,1723.0236424125196
4965.18,3249.0630277582786,1716.1169722417217
675.25,1961.170937515013,-1285.920937515013
3527.82,4132.086040920508,-604.2660409205077
2391.06,1751.45992020212,639.60007979788
907.7,1250.3147259964037,-342.61472599640365
1624.9,2013.6245605702688,-388.72456057026875
3256.1,2371.559258867885,884.5407411321148
942.36,3587.9381535319903,-2645.57815353199
1470.86,2089.187295090201,-618.3272950902012
2423.74,2629.27170325948,-205.5317032594803
1200.33,1528.897232576805,-328.56723257680505
1882.4,2703.854563046651,-821.454563046651
1245.6,1641.7054229667042,-396.1054229667043
1810.25,1229.3148431599884,580.9351568400116
4030.03,5533.194745114604,-1503.164745114604
5951.49,4157.61443355239,1793.8755664476093
13308.04,6320.96995085099,6987.070049149011
3433.0,402.5196815579052,3030.480318442095
1850.27,1852.9791124404546,-2.7091124404546463
996.11,1319.0945797118104,-322.9845797118104
3146.94,2999.302101702837,147.63789829716325
1077.33,218.34580862953146,858.9841913704685
1996.0,1544.4396575677326,451.56034243226736
1007.74,1612.6966347205948,-604.9566347205948
7733.38,6679.537929050619,1053.8420709493812
1506.2,1894.744338604844,-388.5443386048439
7882.59,4653.958420074347,3228.6315799256536
3058.96,2071.244003801586,987.7159961984139
1028.56,1506.2946982195617,-477.7346982195618
1273.51,2823.8593826770575,-1550.3493826770575
3880.89,2969.1949899746305,911.6950100253694
2345.48,2414.839082841923,-69.35908284192283
1296.38,1346.7777607922171,-50.397760792217014
1630.16,1223.5226240482673,406.6373759517328
13699.44,8646.273398644127,5053.166601355873
5494.96,8564.299528074695,-3069.3395280746945
759.36,747.6779608614502,11.68203913854984
1420.4,1704.799006006142,-284.3990060061419
474.87,2282.69309284253,-1807.82309284253
1115.16,2112.759924175519,-997.5999241755187
1152.66,3828.0646641076546,-2675.4046641076548
3252.31,4783.830704361345,-1531.520704361345
6624.18,3097.7469697834745,3526.433030216526
2257.33,2113.192379085385,144.13762091461513
794.62,3275.830045949973,-2481.210045949973
3098.37,1517.7198207638,1580.6501792361998
579.53,1480.4841032741779,-900.9541032741779
2033.28,2154.516831747767,-121.23683174776693
1088.76,2115.927052200333,-1027.167052200333
3715.73,1449.8458675104102,2265.88413248959
1261.49,1079.0127798563497,182.47722014365036
2121.9,1795.77084871218,326.12915128782015
1794.33,581.8955641353026,1212.4344358646972
772.4,3848.967859681542,-3076.567859681542
920.99,1081.8232814831715,-160.8332814831715
18872.81,6563.7653022492,12309.0446977508
1837.54,1016.5074890111177,821.0325109888822
2687.06,1343.6266406216912,1343.4333593783088
8693.34,2948.3902164127517,5744.949783587248
538.13,1059.5543483546228,-521.4243483546228
2073.88,2153.7236003267762,-79.84360032677614
1848.8,1710.8801065447344,137.91989345526554
720.84,1525.5247754162103,-804.6847754162103
1188.58,5152.6335257054825,-3964.0535257054826
756.66,96.73883117365892,659.921168826341
953.05,1874.3519913916857,-921.3019913916858
14876.8,4183.187695428403,10693.612304571598
828.37,3382.2990466645374,-2553.9290466645375
18692.45,8982.850186666627,9709.599813333374
1432.95,855.9954266607972,576.9545733392029
3396.04,2182.6710496690407,1213.3689503309593
1223.61,1876.0923160973866,-652.4823160973867
2886.99,4434.167868010347,-1547.177868010347
4883.47,6611.30152587335,-1727.83152587335
7097.48,4777.14885807015,2320.3311419298498
1117.53,1584.072410240068,-466.54241024006797
503.71,1842.9879985089237,-1339.2779985089237
759.42,1644.6894390314776,-885.2694390314776
5476.25,5988.646629472269,-512.3966294722686
1702.93,3455.784469993977,-1752.8544699939769
1304.95,843.5423704920497,461.40762950795033
4778.08,5092.128697142198,-314.04869714219785
2263.98,3371.0337849873385,-1107.0537849873385
522.05,615.1605063180389,-93.11050631803892
6205.33,6211.702926670918,-6.372926670917877
882.76,4164.753040273253,-3281.9930402732525
1311.22,2918.53640611047,-1607.31640611047
3935.99,3776.2932001458835,159.6967998541163
785.74,1336.9481692087434,-551.2081692087434
4433.67,5029.335103366454,-595.6651033664539
1093.51,4090.0259255745314,-2996.515925574531
2732.99,3226.610075289839,-493.6200752898394
2591.16,1406.8098993285512,1184.3501006714487
1170.35,1891.4143847000732,-721.0643847000733
346.0,436.56419210607453,-90.56419210607453
1101.57,2105.5285071859435,-1003.9585071859435
2785.54,691.8245588442883,2093.7154411557117
2394.5,3400.4601706733806,-1005.9601706733806
2449.99,1866.4928975976823,583.4971024023175
1910.41,2481.4008110852005,-570.9908110852004
2450.52,2989.2937768224438,-538.7737768224438
650.46,1278.966491931841,-628.5064919318409
16746.24,7187.0032708467,9559.236729153301
632.88,2646.624555984845,-2013.7445559848447
834.2,1078.4611227896435,-244.26112278964342
2475.08,3738.4771457273164,-1263.3971457273165
2765.79,1798.7770796647915,967.0129203352085
1703.92,1751.9876626441746,-48.06766264417456
2693.94,3148.627236004646,-454.6872360046459
713.9,1514.7112147054515,-800.8112147054516
2916.29,2213.752125210287,702.537874789713
1648.74,4060.7909924014793,-2412.0509924014796
4441.59,1707.7394693047406,2733.8505306952593
4523.64,4770.439933776821,-246.79993377682058
2991.22,5336.880404215184,-2345.6604042151844
1732.58,1885.120434536448,-152.54043453644817
2246.68,2321.832881069884,-75.15288106988419
1280.83,3521.1937676526904,-2240.3637676526905
2118.67,2260.762783863649,-142.09278386364895
1644.75,2367.4886672630423,-722.7386672630423
2129.62,1150.1071876566732,979.5128123433267
14638.48,3035.9072445596057,11602.572755440393
13254.86,10146.126800840972,3108.733199159029
2799.62,3310.4540470928787,-510.8340470928788
894.86,1819.8761449905105,-925.0161449905105
1475.49,0.09190003963919935,1475.398099960361
722.65,1772.3402066296512,-1049.6902066296511
1619.81,2562.6222517126075,-942.8122517126076
656.02,754.9271977501526,-98.90719775015259
1681.95,1941.1664625350772,-259.2164625350772
61.69,1163.447798626935,-1101.757798626935
1960.22,5462.845876757206,-3502.6258767572053
2460.56,3272.9673040908574,-812.4073040908575
2823.2,3714.4790309465134,-891.2790309465136
2407.97,2806.492600076683,-398.5226000766834
1643.73,2661.41521522056,-1017.6852152205602
5572.25,6710.112099323884,-1137.8620993238837
2996.63,1505.1997513548195,1491.4302486451807
2153.51,1794.329602736791,359.1803972632092
379.3,642.6628491975991,-263.36284919759913
1787.25,1880.4959822522364,-93.24598225223644
5438.23,3614.811854833662,1823.4181451663376
6062.07,4045.2382418457055,2016.8317581542942
1905.53,3016.9562969209965,-1111.4262969209965
1206.4,3552.2749584596054,-2345.8749584596053
3084.69,2967.096836432248,117.59316356775207
13641.64,9637.036906670986,4004.603093329013
2037.47,7066.040087321568,-5028.570087321567
831.02,1163.1024038733894,-332.08240387338947
3906.28,6465.464996437793,-2559.184996437793
2237.16,4384.62363423353,-2147.46363423353
19074.9,6795.182190247072,12279.717809752929
2074.54,4750.648841509427,-2676.1088415094273
2687.0,2506.2623005451446,180.73769945485537
1054.2,2742.0783927344833,-1687.8783927344832
5684.75,2606.977488637175,3077.772511362825
675.71,1021.9783272142965,-346.2683272142965
746.38,1758.6912945779827,-1012.3112945779827
7673.54,7146.668164126813,526.8718358731867
580.0,7337.113448899872,-6757.113448899872
3433.65,2678.101609383876,755.5483906161239
3551.87,3428.2136023209528,123.65639767904713
3203.05,3237.8055051165575,-34.75550511655729
2535.1,1710.9459639190243,824.1540360809756
3563.42,2708.7065795901826,854.7134204098174
2112.15,2012.7944082905615,99.35559170943861
790.61,889.3974398904979,-98.78743989049792
1870.57,2333.9956130820988,-463.42561308209883
997.03,431.4742596134506,565.5557403865494
637.88,790.7849260872845,-152.90492608728448
2924.23,3515.0923268708625,-590.8623268708625
2758.31,3584.7367694314066,-826.4267694314067
1869.28,1567.1525537555624,302.1274462444376
1183.35,1603.4956343897763,-420.14563438977643
524.4,374.4289528023031,149.97104719769686
1423.79,4353.518579926755,-2929.7285799267547
5373.44,2182.4957619194347,3190.944238080565
1737.08,680.7045864254386,1056.3754135745612
1186.91,3360.537334253916,-2173.627334253916
3190.59,1977.9385261395755,1212.6514738604246
1130.55,6289.4398346226535,-5158.889834622653
5299.36,5099.542043205005,199.81795679499464
2110.1,1691.9151464677811,418.18485353221877
1127.67,1784.7819181683112,-657.1119181683111
692.77,1563.588447719151,-870.818447719151
755.98,3099.8978101254875,-2343.9178101254874
3501.36,2625.646322300981,875.7136776990192
2648.17,2717.318635857453,-69.14863585745297
5310.63,5287.093988291561,23.53601170843922
621.58,2383.4910636119844,-1761.9110636119844
4209.97,5200.565166211946,-990.595166211946
9455.38,7520.351809955461,1935.028190044538
1832.96,1844.160243842145,-11.200243842145028
645.39,1072.4622796465967,-427.0722796465967
2508.16,2474.944519485537,33.2154805144628
3390.79,2952.2363675506454,438.5536324493546
1322.55,1370.7432682086617,-48.19326820866172
1313.37,1774.3844507525314,-461.0144507525315
4200.32,1186.9716100056357,3013.348389994364
2345.71,2134.4628575077772,211.2471424922228
5850.07,9871.366793528246,-4021.296793528247
494.76,109.58219625476568,385.1778037452343
3712.0,3436.349188600796,275.65081139920403
3789.54,4112.328509347031,-322.7885093470313
1976.3,2636.0952666953945,-659.7952666953945
978.12,1732.726744920306,-754.6067449203059
5506.36,3129.0756904852788,2377.284309514721
3371.98,3577.6525459665963,-205.67254596659632
2717.83,2287.7686166386425,430.06138336135746
2445.87,4040.9754323078523,-1595.1054323078524
2109.06,4558.262186538509,-2449.202186538509
865.86,1229.2203974901431,-363.3603974901431
2046.43,3208.2299196441068,-1161.7999196441067
1404.22,1162.0023281655208,242.21767183447923
815.65,3604.170888788917,-2788.520888788917
2665.56,2009.0084566490882,656.5515433509117
5017.61,4485.562030211053,532.0479697889468
9791.72,4235.9576738949945,5555.762326105005
3269.97,6549.495773436763,-3279.525773436763
1364.94,1335.100222745724,29.839777254275987
240.92,421.09655580033484,-180.17655580033485
1807.41,3086.8876363425575,-1279.4776363425574
10753.08,6197.115970926147,4555.9640290738525
3241.84,3832.7169400922685,-590.8769400922683
2002.63,1141.8463659299737,860.7836340700264
4539.75,2986.590401093264,1553.159598906736
1655.57,2347.08600456705,-691.5160045670502
3095.22,1786.976956133141,1308.243043866859
8709.84,5850.304819170529,2859.535180829471
586.61,2616.6498417714874,-2030.0398417714873
2559.34,3536.4136803840393,-977.0736803840391
988.8,2743.42910229848,-1754.62910229848
786.79,790.7088931767221,-3.918893176722122
995.7,1637.687176639772,-641.9871766397719
1605.36,1419.7329022953759,185.62709770462402
1414.23,2008.2976385098586,-594.0676385098586
4761.48,1919.796153204587,2841.6838467954126
1609.97,2089.447226348865,-479.4772263488651
2226.4,5244.603753554677,-3018.2037535546765
1172.57,606.1684237780614,566.4015762219385
2099.21,2630.9807470022415,-531.7707470022415
641.23,2850.290253975234,-2209.060253975234
7443.95,7944.821134459026,-500.8711344590265
4888.64,2332.249476186305,2556.3905238136954
7099.56,2634.9433971699273,4464.616602830073
2621.72,2468.031366279933,153.68863372006672
636.18,839.1494745576767,-202.9694745576768
5262.92,2241.553747782211,3021.366252217789
4333.97,2459.319573899761,1874.6504261002392
3764.17,5688.391207560521,-1924.2212075605212
2500.67,4414.334209941458,-1913.6642099414576
703.69,1408.065575677068,-704.3755756770679
706.19,1267.732355612001,-561.5423556120008
697.06,1262.3558392340444,-565.2958392340445
1806.57,2984.08599224956,-1177.5159922495602
1790.88,5994.174098113679,-4203.294098113679
1075.69,918.327135225355,157.362864774645
16963.78,8183.6949055505165,8780.085094449481
2616.22,1410.714995760006,1205.5050042399937
2506.48,3673.2273609020654,-1166.7473609020653
1030.28,2804.7891743342802,-1774.5091743342803
4088.35,5151.782106622627,-1063.432106622627
12063.43,3892.0269871779483,8171.403012822052
2275.82,1108.6583092483506,1167.1616907516495
3201.57,2025.9636290009134,1175.6063709990867
2679.19,5408.144850631289,-2728.954850631289
1279.87,1779.0911256914196,-499.22112569141973
3005.48,1543.144883576571,1462.335116423429
1855.85,2230.81589612152,-374.96589612152
4541.99,4622.641263564318,-80.65126356431847
10354.08,7814.332029266901,2539.7479707330986
15497.77,10359.162495205106,5138.607504794894
11880.64,7982.068085152007,3898.571914847992
6274.85,2516.1874352915797,3758.6625647084206
1151.72,4347.500595110309,-3195.780595110309
1215.66,2724.272052085509,-1508.612052085509
1210.02,2170.920545755446,-960.9005457554458
6288.71,5486.259555258889,802.4504447411109
2767.65,2203.3681598105195,564.2818401894806
3797.6,3758.00351200795,39.59648799204979
1726.17,1929.4380610095645,-203.26806100956446
2354.93,1836.8019598282117,518.1280401717881
2932.51,1851.7230563845774,1080.7869436154228
800.72,1693.7555371163335,-893.0355371163334
4745.23,6191.738756588679,-1446.5087565886797
2547.55,2740.093023262679,-192.54302326267862
1222.67,3336.228978851881,-2113.558978851881
559.53,1140.396815582432,-580.8668155824321
1006.74,1717.4582216029128,-710.7182216029128
6115.34,4033.388980862658,2081.951019137342
2303.23,2647.7050820382215,-344.47508203822144
6439.23,7994.195606393806,-1554.9656063938064
3581.87,3120.8985339731867,460.97146602681323
4079.03,5209.689283833913,-1130.6592838339125
1788.95,1093.5423120443734,695.4076879556267
1949.19,548.7054121142984,1400.4845878857018
6547.51,4567.364842983859,1980.1451570161416
3452.27,1786.7636447611535,1665.5063552388465
9457.29,5623.558930697538,3833.731069302463
1227.39,2437.5131063862964,-1210.1231063862963
3684.2,3400.4341195616585,283.76588043834136
738.07,142.3967874250452,595.6732125749548
4666.49,2185.2856356711727,2481.204364328827
2315.76,2350.6560533265856,-34.89605332658539
3472.76,1928.854185423002,1543.9058145769982
2464.13,2201.230190144565,262.89980985543525
7449.36,2059.088384239591,5390.271615760408
2584.09,1967.462487023211,616.6275129767891
1606.12,2690.981653259964,-1084.861653259964
2084.79,1799.3165677592988,285.4734322407012
688.1,883.7235094452467,-195.62350944524667
1613.38,3476.7270915654003,-1863.3470915654002
6597.34,7867.550742549023,-1270.210742549023
2023.76,2632.196383541778,-608.4363835417778
2260.9,3216.338757194778,-955.4387571947777
1126.42,2985.0298036033532,-1858.6098036033532
2032.96,2701.205884201045,-668.2458842010451
2257.47,3899.7759869868305,-1642.3059869868307
3173.92,2458.843372767146,715.0766272328542
1067.43,3708.4504498374868,-2641.020449837487
1399.09,1807.9250174891386,-408.83501748913864
8144.97,4759.013161106778,3385.956838893222
979.41,2805.1508322357204,-1825.7408322357205
1285.26,1682.8071781253307,-397.5471781253307
2820.11,3635.284580577024,-815.1745805770238
700.33,1391.4852257842176,-691.1552257842176
739.28,1763.6730305340484,-1024.3930305340484
1377.46,1783.7097790198873,-406.2497790198872
854.27,1267.4891539524665,-413.2191539524665
1335.12,2968.59411366668,-1633.4741136666803
4019.18,3471.523273585082,547.656726414918
3134.57,3021.7927451411956,112.77725485880455
959.56,1579.5227651126233,-619.9627651126234
1281.95,1972.3601439821286,-690.4101439821286
1963.97,3085.9620509730175,-1121.9920509730175
1429.08,704.1064340958851,724.9735659041148
4168.42,2057.6910134918944,2110.7289865081057
528.09,556.4359401825105,-28.345940182510503
3806.91,3259.2497413758424,547.6602586241574
2200.49,1024.8569856312108,1175.633014368789
1833.88,2093.4205249070405,-259.54052490704044
971.11,562.3534700653486,408.75652993465144
1677.77,4440.029324097926,-2762.2593240979263
1465.56,1641.7634124903564,-176.2034124903564
2022.51,1354.0442348106023,668.4657651893976
1516.59,529.3441749852371,987.2458250147628
3511.68,3475.5581958549224,36.121804145077476
1070.63,2846.2029919362494,-1775.5729919362493
6098.16,8258.590326137197,-2160.430326137197
3740.85,1581.013844299774,2159.836155700226
2243.63,4167.650607936546,-1924.0206079365462
7632.18,5759.781892852688,1872.3981071473127
3183.1,3561.147497446326,-378.0474974463259
7188.44,6491.773280003979,696.6667199960202
338.01,1318.8046534555697,-980.7946534555697
2206.56,-137.24522758181746,2343.8052275818172
1752.57,3169.6527551594304,-1417.0827551594305
663.18,1312.7648241530376,-649.5848241530376
5496.71,4004.6457771932555,1492.0642228067445
6285.76,9247.417791457548,-2961.6577914575482
608.31,-405.49768596387696,1013.8076859638769
1865.32,2138.5969670128457,-273.2769670128457
1073.77,2614.158776855026,-1540.3887768550262
815.77,210.80619679934875,604.9638032006512
1440.76,2791.8203585721103,-1351.0603585721103
946.97,0.6216631395020613,946.348336860498
4511.23,3892.542561518346,618.6874384816538
1223.18,3379.768127038856,-2156.5881270388563
1357.84,3400.869169313625,-2043.0291693136253
1693.04,3099.555993708758,-1406.5159937087578
973.22,2649.032788066213,-1675.812788066213
2603.24,2168.6544467443887,434.5855532556111
2558.33,-253.7897944666834,2812.1197944666833
1532.14,2691.742265634515,-1159.602265634515
5665.32,5324.747403503278,340.5725964967214
627.68,880.9667790399171,-253.28677903991718
1223.14,1394.8641002756588,-171.72410027565866
1815.59,1697.1853757767221,118.40462422327778
3663.22,4029.3650192795076,-366.1450192795078
2377.96,1435.9911499909545,941.9688500090456
1545.35,2275.8734116580163,-730.5234116580164
2403.47,1450.4480439879176,953.0219560120822
736.22,2175.092805010294,-1438.8728050102939
1342.3,2468.209621178634,-1125.9096211786339
1314.51,1335.6871508417855,-21.177150841785533
1873.63,3306.6045443826406,-1432.9745443826405
2886.1,2206.6356093166164,679.4643906833835
3356.0,4215.731220311664,-859.7312203116644
1627.78,1596.3339345476759,31.446065452324092
3994.18,2485.409839485546,1508.770160514454
901.54,1190.7880975089329,-289.2480975089329
9161.49,3836.907752373011,5324.582247626989
2804.02,2979.2811244888007,-175.26112448880076
3644.75,3107.6047948168302,537.1452051831698
1763.93,1170.8403069651831,593.089693034817
5278.35,4230.724060582612,1047.6259394173885
1875.48,2149.9621161135174,-274.48211611351735
6670.57,4567.122941236051,2103.447058763949
3416.69,1322.67581431056,2094.0141856894397
2370.0,2295.987380807044,74.01261919295621
3782.99,2514.066825869035,1268.923174130965
7306.66,4023.8719505003164,3282.7880494996834
16365.89,14189.664021251243,2176.2259787487565
5621.93,5650.93379700754,-29.003797007540015
2403.82,2589.9402713975833,-186.1202713975831
2720.22,1875.7002798248554,844.5197201751444
2877.53,3310.2142629283076,-432.68426292830736
928.2,3787.8060697694555,-2859.6060697694556
1893.19,3965.3033109047174,-2072.1133109047173
1873.79,2586.700937972422,-712.9109379724218
1097.82,1909.9516998001718,-812.1316998001719
1074.33,8821.18605434677,-7746.85605434677
2682.87,2499.2211683486626,183.64883165133733
1859.2,751.0312489104354,1108.1687510895647
757.78,1257.5503154289643,-499.7703154289643
1208.29,2235.2236368786052,-1026.9336368786053
449.17,1126.842708529725,-677.672708529725
1625.95,1348.4034653766341,277.5465346233659
1555.73,3054.261861083823,-1498.531861083823
4094.13,3528.6432483696517,565.4867516303484
439.8,3280.9683869414885,-2841.1683869414883
3683.99,5824.646217524593,-2140.6562175245936
7168.88,3969.7095346673586,3199.1704653326415
908.72,2042.5571271621961,-1133.837127162196
2025.46,3039.957094641292,-1014.4970946412918
946.48,1762.2383658128856,-815.7583658128856
1228.39,1433.7456014288682,-205.3556014288681
3502.67,4128.661439652443,-625.9914396524428
997.1,3421.7751699911873,-2424.6751699911874
3512.56,2397.235405036633,1115.324594963367
4222.29,4649.96855760643,-427.67855760643033
512.65,1402.4585183773584,-889.8085183773584
721.8,1570.0562340458805,-848.2562340458805
2292.57,2439.650295989066,-147.0802959890657
1635.68,2.4046350422031537,1633.275364957797
5882.17,5843.3142246687285,38.855775331271616
950.74,1126.3291985702058,-175.58919857020578
1517.0,1485.0305237772109,31.969476222789126
2184.45,2838.672541430256,-654.2225414302561
1241.72,3227.4033602142767,-1985.6833602142767
1139.52,1715.4568587959068,-575.9368587959068
497.58,2171.564599547232,-1673.984599547232
4068.75,3646.2140580222126,422.5359419777874
1300.74,2415.0517026361244,-1114.3117026361244
4144.67,4902.515142256773,-757.8451422567732
3595.17,2075.3881640733425,1519.7818359266575
1176.75,1869.6722719135555,-692.9222719135555
1227.01,2024.909942738041,-797.8999427380411
2408.93,4435.657341771773,-2026.727341771773
2580.08,4283.111647551499,-1703.0316475514992
1872.23,1787.596819228385,84.63318077161512
9214.65,3261.662126258197,5952.987873741802
4710.53,3613.212583859223,1097.317416140777
2366.25,1574.6441736905608,791.6058263094392
1031.74,1232.2488969680246,-200.5088969680246
3939.57,4402.856945638247,-463.2869456382473
4907.18,4211.203838571798,695.9761614282024
3386.85,2848.234588584364,538.6154114156361
2543.38,1885.3858557938465,657.9941442061536
2320.34,1445.9915490320188,874.3484509679813
1622.14,1526.0270523201448,96.11294767985532
5608.07,2670.146391649299,2937.9236083507008
792.12,990.1031061633403,-197.98310616334027
1307.65,1502.8021970197933,-195.15219701979322
1421.86,2151.661409731605,-729.8014097316052
2385.6,2402.1104334525703,-16.510433452570396
2624.95,4434.9501150354145,-1810.0001150354146
4122.22,2728.309129407291,1393.9108705927092
819.18,1057.6371794906554,-238.45717949065545
1430.5,797.5004961492036,632.9995038507964
2282.7,3854.7761066246094,-1572.0761066246096
3175.15,4988.49282780767,-1813.3428278076703
1868.15,1640.7971073849872,227.35289261501293
1184.74,1575.6543492093417,-390.9143492093417
1016.91,3433.2824663196047,-2416.372466319605
9232.26,5504.167184404717,3728.0928155952834
1755.18,3134.02677103043,-1378.84677103043
1895.28,2595.184214878814,-699.9042148788142
1973.14,684.4294416352343,1288.7105583647658
1204.44,2034.4055765038156,-829.9655765038156
4947.8,5502.80083991959,-555.0008399195895
9833.63,5950.141641760798,3883.4883582392013
1576.35,2212.655222674917,-636.3052226749169
917.11,534.3366284349613,382.7733715650387
5323.57,1169.864356464143,4153.705643535857
3012.75,4106.549016662118,-1093.7990166621184
1245.24,2630.8032777923604,-1385.5632777923604
940.77,1711.0139426666194,-770.2439426666194
2235.04,4137.1610170994345,-1902.1210170994345
1880.46,1793.0829272807928,87.37707271920726
2239.66,817.24335116825,1422.4166488317499
593.21,463.78213576437383,129.4278642356262
4345.06,5426.337069762201,-1081.2770697622009
4488.89,2526.074027947082,1962.8159720529184
570.6,2279.6507312164604,-1709.0507312164605
2386.97,3415.4530760501625,-1028.4830760501627
1754.19,2979.1682275292787,-1224.9782275292787
7495.76,5536.778173888549,1958.9818261114515
2407.27,2984.129550189015,-576.859550189015
3025.06,3828.892399987576,-803.8323999875761
1816.72,1955.7073402483575,-138.98734024835744
1540.08,1773.7480054344078,-233.66800543440786
1255.24,1326.3284260024898,-71.08842600248977
1239.32,581.7204407238889,657.599559276111
2572.81,3791.0361227237636,-1218.2261227237636
613.32,1555.052739825232,-941.732739825232
1647.78,3821.0847972448664,-2173.3047972448667
8110.23,2231.62854737687,5878.60145262313
2856.69,1584.2833037468865,1272.4066962531135
8890.35,8183.621108345075,706.7288916549251
4156.14,2012.365362216458,2143.7746377835424
5969.42,4319.839426809839,1649.580573190161
15034.19,9865.797305112785,5168.392694887216
5545.51,2201.772283687256,3343.7377163127444
1849.41,2820.9968526530483,-971.5868526530483
1105.45,1347.339975188971,-241.889975188971
6517.32,8901.697720317603,-2384.3777203176032
3570.11,3010.9755613674592,559.1344386325409
1629.95,32.98745880874276,1596.9625411912573
904.3,235.15115999183092,669.148840008169
912.98,2004.0747868220778,-1091.0947868220778
2749.96,1570.241142367747,1179.718857632253
2456.45,4204.101220264005,-1747.6512202640051
778.37,1885.7403547950448,-1107.370354795045
1505.1,444.89970953920385,1060.2002904607962
3285.81,3267.024541909196,18.785458090803786
9639.67,5526.09170095251,4113.57829904749
1003.35,742.7559750785169,260.5940249214831
1795.89,1305.8935127804268,489.9964872195733
895.51,1372.5344466690315,-477.0244466690315
2301.94,3287.564087848383,-985.6240878483832
22109.16,9015.983350150105,13093.176649849895
952.83,1587.092410113995,-634.2624101139949
916.25,697.0698178654332,219.18018213456685
829.65,1281.818711526254,-452.168711526254
2595.44,2066.1604305087803,529.2795694912197
4745.02,8786.50399773043,-4041.483997730429
1910.74,560.9982712422863,1349.7417287577136
5409.04,4183.511147988931,1225.528852011069
1940.06,1339.9242162860883,600.1357837139117
1738.81,3642.5388916611887,-1903.7288916611888
6667.73,4041.557708959551,2626.1722910404487
1867.72,545.7548766920294,1321.9651233079708
1729.35,1147.3704489869854,581.9795510130145
1163.45,1438.66120648299,-275.21120648299006
2954.35,2475.6816140353344,478.6683859646655
5667.08,4825.4813828847855,841.5986171152144
5854.21,3515.9253808929952,2338.284619107005
1551.65,3617.9788344380577,-2066.3288344380576
4540.33,4770.521177346449,-230.19117734644897
1764.03,1934.482105886787,-170.45210588678697
1175.53,1311.7904897766825,-136.26048977668256
3448.3,2383.276865123644,1065.0231348763564
1212.88,934.4068409114159,278.4731590885842
3385.1,4044.7063176534402,-659.6063176534403
1371.63,2224.4787214103376,-852.8487214103375
650.85,2199.621459390185,-1548.771459390185
18570.76,6825.953513446871,11744.806486553127
611.84,1134.0108371397448,-522.1708371397448
1211.29,1423.545844420347,-212.2558444203471
3564.25,3393.2113119557334,171.03868804426656
3465.77,2892.1786791296213,573.5913208703787
1342.8,1418.8464507105175,-76.04645071051755
5831.93,6510.210781066127,-678.280781066127
7523.61,2633.763459244554,4889.846540755446
2902.39,1841.6810443022846,1060.7089556977153
979.21,1100.5477459545377,-121.3377459545377
4286.36,961.6010814960891,3324.7589185039105
2549.11,2681.3272503874,-132.21725038739987
1442.53,860.4713757395389,582.0586242604611
1000.62,2678.7023913786616,-1678.0823913786617
1393.84,602.0390429076207,791.8009570923792
681.64,259.4964999134239,422.14350008657607
7422.0,3871.2282244179005,3550.7717755820995
5587.39,7109.84231977667,-1522.4523197766694
1385.28,810.0559657832582,575.2240342167418
2911.24,4084.830913655258,-1173.5909136552582
850.92,1945.2060400298155,-1094.2860400298155
3906.75,3562.174322991494,344.57567700850586
769.35,1247.056953831477,-477.7069538314769
1405.26,1287.2850354568263,117.97496454317366
37724.85,7997.767882088353,29727.082117911646
1229.51,1573.6148783844524,-344.1048783844524
1584.72,777.6582541560624,807.0617458439376
3894.86,2277.2640480840164,1617.5959519159837
1935.03,2297.5273286358893,-362.4973286358893
3065.18,3112.314932538995,-47.134932538995145
1161.58,1368.2546188220697,-206.67461882206976
1194.38,2179.4947383575195,-985.1147383575194
1250.36,3052.2705250064128,-1801.9105250064129
2641.7,2761.6358171287193,-119.93581712871946
5503.36,4397.023773931184,1106.3362260688154
825.36,546.1950376603422,279.1649623396578
10145.3,5610.02758262324,4535.272417376759
3284.13,2334.3118358492447,949.8181641507554
2936.51,4118.462408126745,-1181.9524081267446
1199.48,1539.064015470393,-339.58401547039307
5166.16,5301.011125762072,-134.85112576207212
1278.01,732.1514582345412,545.8585417654588
1220.9,1120.7493711012298,100.15062889877026
2849.78,2659.071993115689,190.7080068843111
1212.62,1958.058609650002,-745.438609650002
1887.6,4948.2816313873955,-3060.6816313873956
4711.02,3683.239597111313,1027.7804028886876
447.1,1299.181216361892,-852.081216361892
3091.16,1386.365723008837,1704.7942769911629
2114.93,2179.3756119717023,-64.44561197170242
1596.72,3076.267782956306,-1479.5477829563058
2519.9,2901.6904960357874,-381.7904960357873
1048.72,2169.138901186784,-1120.418901186784
6466.66,4870.7603691388895,1595.8996308611104
3989.95,4878.392928901623,-888.4429289016234
1387.38,1697.6121778935317,-310.23217789353157
918.89,2370.0360242873003,-1451.1460242873004
3718.87,3331.5599925655965,387.31000743440336
1597.52,2619.414024082619,-1021.8940240826191
6224.52,5302.4178540368175,922.1021459631829
1342.93,684.8341230559794,658.0958769440207
1672.89,872.9672155732533,799.9227844267468
2471.96,1998.258043152725,473.70195684727514
1662.44,2681.7000633004604,-1019.2600633004604
4998.38,5039.351935040819,-40.97193504081861
1811.38,2834.314919140003,-1022.9349191400029
4281.64,3243.5650055384485,1038.0749944615518
2057.38,1836.0723557284145,221.30764427158556
2789.74,3309.1414308074313,-519.4014308074316
3446.96,2414.014702207824,1032.945297792176
5675.63,4610.376835644055,1065.253164355945
847.88,697.1588696807877,150.7211303192123
1466.0,2162.0988638497506,-696.0988638497506
8956.88,4161.7797663152605,4795.100233684739
1967.47,656.349069960814,1311.120930039186
5365.45,2549.341519871022,2816.108480128978
788.44,1407.7116530136313,-619.2716530136313
6741.4,4546.60364944964,2194.7963505503594
4800.4,4284.15398665041,516.2460133495897
6577.87,3225.4756100099103,3352.3943899900896
4740.05,2337.417048664398,2402.6329513356022
2513.07,1262.457554331326,1250.6124456686741
1619.42,4004.019498970024,-2384.599498970024
2708.49,3780.618033373591,-1072.1280333735913
729.77,3550.897620668602,-2821.127620668602
1662.79,3243.9455030625477,-1581.1555030625477
2121.93,1336.3440114091093,785.5859885908906
1353.61,758.8046677531838,594.8053322468161
3565.48,6063.995763725348,-2498.5157637253483
5186.8,4459.826592412874,726.9734075871265
3119.36,5358.9467546696205,-2239.5867546696204
7973.56,6136.344059974876,1837.2159400251248
3127.36,4221.833393870169,-1094.4733938701688
8444.52,5016.819329224656,3427.7006707753444
3949.81,2344.321538436398,1605.488461563602
1705.79,1267.4155625520998,438.37443744790016
1847.43,1301.7602848390281,545.6697151609719
2205.35,3858.041356347917,-1652.691356347917
8066.6,8817.075560171485,-750.4755601714842
2250.34,1724.6443663488685,525.6956336511316
776.99,397.5617446190671,379.4282553809329
3666.35,4458.937944524057,-792.5879445240566
1096.45,2684.197683198154,-1587.7476831981542
1806.47,1317.216707785892,489.2532922141081
880.85,3052.800679038039,-2171.950679038039
2653.63,1316.5467826206009,1337.0832173793992
9560.0,4358.609416873262,5201.390583126738
2805.1,469.8041342231903,2335.2958657768095
1420.28,2089.3359340464294,-669.0559340464295
987.64,2125.9298433781114,-1138.2898433781115
2637.51,3692.738715006821,-1055.228715006821
3849.77,4004.2585955599416,-154.4885955599416
1641.55,3313.813011815346,-1672.2630118153459
3034.48,5407.357827072909,-2372.8778270729085
2369.54,1451.3390606180062,918.2009393819937
3330.17,3273.5673432622257,56.602656737774396
2370.85,2687.2607751603578,-316.41077516035784
2725.36,2218.008054534192,507.35194546580806
2787.68,1414.1671415134683,1373.5128584865315
664.16,1283.2401547154723,-619.0801547154723
7355.87,12234.710157345147,-4878.840157345147
2022.93,1805.986313996691,216.94368600330904
428.84,1142.3335321059776,-713.4935321059777
1358.04,1472.7056625223,-114.66566252229995
1363.03,2347.664978210869,-984.6349782108689
1205.0,4685.466677345716,-3480.4666773457157
1571.61,1665.0408321720427,-93.43083217204276
1934.33,1253.2660099524862,681.0639900475137
3832.21,2773.6515758371697,1058.5584241628303
6422.54,2406.53670221255,4016.00329778745
2178.0,3759.7282400361555,-1581.7282400361555
3104.29,5043.2194881165215,-1938.9294881165215
776.15,2760.6477279545197,-1984.4977279545196
448.27,3260.4660745826777,-2812.1960745826777
701.0,1264.5029706479377,-563.5029706479377
1060.69,1183.889131947714,-123.19913194771402
1275.87,2235.4386924898895,-959.5686924898896
1345.27,3365.985154869841,-2020.7151548698412
407.04,1159.732587882528,-752.692587882528
5755.77,5351.905375454153,403.8646245458476
1250.35,2468.0080569865713,-1217.6580569865714
3089.24,3439.541334030099,-350.30133403009904
786.81,1490.5023565816746,-703.6923565816746
2312.77,2861.2286903673576,-548.4586903673576
1526.97,2440.448875275589,-913.4788752755892
3269.48,4978.72943137927,-1709.24943137927
3888.51,3115.4661685401325,773.0438314598678
757.42,68.59674990499184,688.8232500950081
1117.36,2208.7632647732,-1091.4032647732
2408.0,1485.6908879374955,922.3091120625045
1948.57,4704.212257718267,-2755.6422577182675
1725.78,1466.2130064384883,259.5669935615117
4166.92,1974.6125700008238,2192.3074299991763
1042.09,1970.5247088612273,-928.4347088612274
1024.08,1054.7809284034224,-30.700928403422495
2079.84,2794.5281295665427,-714.6881295665426
5078.68,3003.656625870116,2075.0233741298844
3887.27,3733.422755156237,153.84724484376284
2863.72,4327.620407673224,-1463.900407673224
2158.44,4604.071026086197,-2445.631026086197
1176.52,3717.225550622832,-2540.705550622832
2707.18,2031.2112794169852,675.9687205830146
8545.22,12205.61756188636,-3660.3975618863606
1757.53,1455.2893230208485,302.24067697915143
6051.71,6561.857884836905,-510.1478848369052
5929.41,2270.874708029703,3658.535291970297
3243.01,5258.053548640507,-2015.0435486405067
3017.11,3000.8149207931497,16.29507920685046
2788.81,2867.7347050816634,-78.92470508166343
3104.52,4332.148336164571,-1227.6283361645715
983.43,794.4750177269273,188.9549822730727
595.72,2628.8410762553426,-2033.1210762553426
1480.6,3266.669729202734,-1786.069729202734
1773.7,2332.4602573240413,-558.7602573240413
1188.76,1778.2136400057957,-589.4536400057957
1429.39,4299.81421663361,-2870.42421663361
8907.1,5818.790638441335,3088.309361558665
5913.79,7363.60297103737,-1449.8129710373696
5816.96,4332.247293604512,1484.7127063954877
896.29,2422.999929010825,-1526.709929010825
2342.56,1722.6696594851458,619.8903405148542
1489.14,1564.495860603446,-75.35586060344599
1000.39,1752.5663820517157,-752.1763820517157
2071.21,5542.1998968951275,-3470.9898968951275
2486.65,3087.2964366710935,-600.6464366710934
286.04,756.8691347790016,-470.82913477900155
5969.07,6224.305249586033,-255.2352495860332
1090.84,1052.2538908242093,38.586109175790625
3535.96,2725.4720403674282,810.4879596325718
3229.58,2500.6179486456385,728.9620513543614
1268.04,1046.1540668622565,221.88593313774345
3652.29,2273.5796028860814,1378.7103971139186
3763.53,3250.7819424933773,512.7480575066229
1134.98,258.48101783107757,876.4989821689225
313.55,431.4019921593839,-117.85199215938388
417.57,692.1731086840637,-274.60310868406367
2595.52,1445.8853339254565,1149.6346660745435
1083.59,412.5710039589758,671.0189960410241
588.47,1761.6074597682277,-1173.1374597682277
798.54,806.5653501239292,-8.025350123929229
7747.11,9192.494696359056,-1445.3846963590559
3327.71,2219.5039635483427,1108.2060364516574
956.65,2186.480603041697,-1229.830603041697
1508.9,2161.7184764181457,-652.8184764181456
15071.12,11189.50175696555,3881.6182430344506
3005.38,2668.704158559364,336.6758414406363
8060.83,5830.9247248602305,2229.9052751397694
10141.67,5056.838748145509,5084.831251854491
3582.49,4287.295799817409,-704.805799817409
2516.91,4093.9491108514176,-1577.0391108514177
1773.87,2531.4257435178065,-757.5557435178066
695.82,575.1632286889313,120.65677131106872
9208.83,7738.827909319807,1470.0020906801929
1634.59,2370.9693552302374,-736.3793552302375
1618.58,870.9420640301807,747.6379359698192
2561.96,1985.982183279888,575.9778167201121
1222.69,1894.6185875585006,-671.9285875585006
8490.15,7408.207370849216,1081.9426291507834
4413.1,1854.8403736480427,2558.2596263519576
1522.81,2097.0032659922676,-574.1932659922677
1519.57,2617.311941816151,-1097.741941816151
757.54,960.5038992134714,-202.96389921347145
4243.64,3166.3095117522184,1077.330488247782
3292.89,6126.634199483454,-2833.744199483454
1135.64,874.5980539901389,261.04194600986125
790.65,217.1154042629222,573.5345957370778
3148.52,3552.3857489742395,-403.8657489742395
3946.95,5759.786495271234,-1812.8364952712345
2897.28,1139.8325228514816,1757.4474771485186
513.4,1376.3085280506025,-862.9085280506025
2454.57,2497.2725513408354,-42.70255134083527
2434.97,3489.473550435837,-1054.503550435837
2803.5,2643.950243564525,159.54975643547505
2651.58,5234.8383298946355,-2583.2583298946356
1822.09,3310.439170535863,-1488.349170535863
2648.48,4024.4012563865263,-1375.9212563865262
2611.56,3197.602193802862,-586.0421938028621
14670.82,5625.433422254662,9045.386577745337
7768.44,8087.22057806397,-318.7805780639701
2525.48,3855.442494053491,-1329.962494053491
14528.19,5653.931355207945,8874.258644792055
4783.16,8043.189620224121,-3260.0296202241216
1285.89,1543.9395187800287,-258.0495187800286
3595.67,4811.703623500684,-1216.0336235006844
660.45,1724.373916754126,-1063.923916754126
2859.75,3367.2214032567176,-507.4714032567176
1322.62,700.035105246279,622.5848947537208
3928.64,6185.461065493111,-2256.8210654931113
1454.26,2650.4918945796367,-1196.2318945796367
5833.18,6834.392546918423,-1001.212546918423
6290.32,4964.579527139418,1325.7404728605816
523.13,803.2407005644068,-280.1107005644068
5091.86,3705.7762515439613,1386.0837484560384
3382.87,5254.137861502048,-1871.2678615020477
10219.71,10060.669589451165,159.0404105488342
3796.46,4790.208564114214,-993.7485641142139
2768.66,2489.7907030426386,278.86929695736126
1703.44,2466.892510555122,-763.452510555122
1291.01,836.0195039802195,454.9904960197805
2644.14,2938.7667966480562,-294.62679664805637
2757.55,5270.15716865338,-2512.6071686533796
1955.85,2818.4667886260263,-862.6167886260264
812.18,1727.7360554482725,-915.5560554482726
2504.23,2739.343424004405,-235.1134240044048
943.08,1851.224588361923,-908.144588361923
687.82,2305.8699082983235,-1618.0499082983233
2822.17,1229.4006097594818,1592.7693902405183
1890.83,1666.7890574576643,224.04094254233564
3617.49,7099.250544394046,-3481.7605443940465
2487.96,4977.123403359072,-2489.1634033590717
1045.99,871.8625115574575,174.12748844254247
844.29,2079.0068972606714,-1234.7168972606714
1078.75,4159.671825382468,-3080.9218253824683
643.97,844.2563695880704,-200.28636958807033
822.15,1780.1153001421717,-957.9653001421717
1932.89,3837.3632015555295,-1904.4732015555294
991.14,843.4326151083069,147.7073848916931
1094.04,1361.6366812943352,-267.5966812943352
2362.11,4401.421299380033,-2039.3112993800328
1688.03,888.9991990574613,799.0308009425387
1388.25,1938.6862824997252,-550.4362824997252
582.78,1610.4008626325308,-1027.6208626325308
6691.53,6273.289227928626,418.2407720713736
1833.26,3639.789877611113,-1806.5298776111129
2521.8,1360.9430704656036,1160.8569295343966
2495.55,842.2121714797488,1653.3378285202514
5135.26,3229.6388777125435,1905.6211222874567
629.0,846.6231592196091,-217.62315921960908
6277.89,7445.205139562752,-1167.315139562752
4113.07,4225.355549565907,-112.28554956590688
5795.7,4279.936139670471,1515.763860329529
2064.55,2802.354251017355,-737.804251017355
996.59,2795.180123369924,-1798.5901233699237
1394.57,1671.0290540895921,-276.4590540895922
2811.18,5292.631656596254,-2481.4516565962545
3790.0,6170.945844188736,-2380.9458441887364
4080.7,4512.254356667109,-431.55435666710946
4317.53,4381.456631679392,-63.9266316793919
4510.16,5395.213155548134,-885.0531555481339
2189.59,2067.4194027543526,122.17059724564751
1364.17,3881.7659985577966,-2517.5959985577965
4611.09,4630.626344646037,-19.536344646036923
891.95,1787.5462825554414,-895.5962825554413
1122.55,997.4979430410037,125.05205695899622
1729.12,1705.763677538957,23.356322461042964
14899.89,4664.186062626445,10235.703937373553
778.81,4125.15135310232,-3346.34135310232
1309.09,2267.500059468619,-958.410059468619
1659.22,2131.6715656344377,-472.45156563443766
4715.24,3608.627813711863,1106.6121862881369
2055.53,3242.145890632045,-1186.6158906320447
1810.12,1776.481375419039,33.63862458096082
862.72,19.90734138895988,842.8126586110402
3051.11,3525.816536294512,-474.7065362945118
11047.3,6230.743292169422,4816.556707830578
8560.31,8474.445323636672,85.86467636332782
3893.56,2844.3302750605526,1049.2297249394474
5689.84,3322.6410897311266,2367.1989102688735
1587.6,756.7635817151418,830.8364182848582
4821.68,5621.786951663261,-800.1069516632606
3852.31,1933.6808494832608,1918.6291505167392
3674.38,2913.486329801421,760.893670198579
1790.18,1837.2669368328338,-47.08693683283377
1688.56,2544.623683504184,-856.0636835041842
1480.11,1120.407845637474,359.7021543625258
513.62,3350.600528353314,-2836.980528353314
4469.62,2092.280401484473,2377.339598515527
1180.88,1467.3318292338697,-286.4518292338696
2959.87,2700.7912648341035,259.07873516589643
1040.33,258.33971905514,781.9902809448599
1598.25,4516.276214109416,-2918.0262141094163
3144.61,2886.5126873671543,258.09731263284584
6003.34,5146.125945209661,857.2140547903391
2428.61,2909.55407354755,-480.94407354755003
1270.98,2706.1690892729252,-1435.1890892729252
557.68,978.0947287223953,-420.41472872239535
2279.21,2485.729552318668,-206.51955231866805
6197.09,3809.329016313406,2387.760983686594
1021.1,337.38674002988444,683.7132599701156
2508.23,4912.624338191565,-2404.3943381915647
2958.38,5364.22610691959,-2405.84610691959
3605.74,1752.0853982283365,1853.6546017716632
1454.79,2374.2430761104342,-919.4530761104343
943.52,2329.7003350660407,-1386.1803350660407
3214.4,2073.4483441188513,1140.9516558811488
9317.53,7462.70157752619,1854.8284224738109
1381.36,2798.2190419319018,-1416.8590419319019
5572.84,4361.996215244934,1210.8437847550658
3316.87,3391.966531632794,-75.09653163279427
550.09,2112.3058425005765,-1562.2158425005764
6195.78,1480.06841797811,4715.71158202189
1725.46,2257.176696887541,-531.7166968875408
531.09,1196.4641451552257,-665.3741451552256
812.67,178.6320795226286,634.0379204773714
1135.75,1713.2495270781847,-577.4995270781847
2848.32,3542.866436984328,-694.546436984328
1172.61,3260.3456151775395,-2087.7356151775393
1335.49,626.0494512333929,709.4405487666071
2984.49,2947.9635252511807,36.526474748819055
11284.21,12753.739295225958,-1469.5292952259588
1888.35,4365.470643998708,-2477.1206439987077
651.83,1095.1612523070444,-443.33125230704434
976.65,2581.9840150871987,-1605.3340150871986
906.37,914.4595272885249,-8.089527288524891
2503.59,1958.802798058398,544.7872019416022
1530.42,1773.3241278338896,-242.90412783388956
2783.43,3794.7367198821266,-1011.3067198821268
1086.73,2167.5482004893083,-1080.8182004893083
1507.66,1483.3080343872705,24.3519656127296
1804.2,3688.4114890737687,-1884.2114890737687
1655.49,613.3793894066255,1042.1106105933745
1014.64,1997.418026687968,-982.778026687968
5768.4,3203.824370279197,2564.5756297208027
2894.44,3460.811033452205,-566.3710334522048
1314.07,1066.4573717819337,247.61262821806622
4691.68,4860.177069729576,-168.49706972957574
7680.94,6838.328969784838,842.6110302151619
985.31,765.1401712523827,220.1698287476172
3901.26,2677.5455109023815,1223.7144890976188
1640.11,1161.7328546364906,478.37714536350927
4151.81,4549.690548266114,-397.8805482661137
722.74,753.1513936354363,-30.411393635436298
1836.7,2118.178435284031,-281.47843528403087
5157.06,2399.1830184808464,2757.876981519154
1576.44,988.6859683075684,587.7540316924317
7797.92,4040.9381160879366,3756.9818839120635
691.15,374.4291012839898,316.7208987160102
753.49,826.4050760610351,-72.91507606103505
5875.38,6108.140295205957,-232.76029520595694
2335.4,1412.711902701465,922.688097298535
1109.23,3389.0818740683367,-2279.8518740683367
499.2,934.1091571780792,-434.90915717807917
1624.71,1231.4680499993983,393.2419500006017
4560.79,1497.5565504483345,3063.233449551665
1542.51,2684.1487407317636,-1141.6387407317636
911.97,972.8108928668726,-60.84089286687254
299.84,345.09625555763625,-45.25625555763628
2633.0,1181.1685629112433,1451.8314370887567
5798.32,5293.817810479671,504.502189520329
3273.36,2447.478875661895,825.8811243381051
4830.52,3807.0727194091896,1023.4472805908108
3232.24,3207.0072047153185,25.232795284681288
2876.77,3073.6401460928737,-196.8701460928737
10477.44,9917.376854957405,560.0631450425954
21627.84,11253.444048193764,10374.395951806237
1620.42,1078.4637313767892,541.9562686232109
1063.25,1560.331569582107,-497.081569582107
1620.55,938.786066507809,681.763933492191
1232.4,930.8721819781515,301.5278180218486
1382.87,290.7421436813097,1092.1278563186902
2068.22,854.9272347460037,1213.292765253996
3937.57,2392.93212346854,1544.6378765314603
3991.87,3275.341409852726,716.5285901472739
1189.86,728.3746045442431,461.4853954557568
6920.83,2733.5428332730967,4187.287166726903
2372.7,2354.1047444177675,18.595255582232312
849.69,2393.382539037204,-1543.692539037204
1751.53,3147.4240153202463,-1395.8940153202464
1391.1,1772.656443732083,-381.55644373208315
7271.26,5012.965422566565,2258.294577433435
747.19,924.1123449108588,-176.92234491085878
737.37,1877.7034151523399,-1140.33341515234
3208.41,3102.2674088787703,106.14259112122954
3320.72,6694.279253482784,-3373.5592534827842
8946.07,4583.255384359488,4362.814615640512
2665.28,2148.1920328541655,517.0879671458347
3199.08,3353.827550868481,-154.74755086848108
1444.86,3564.851148937734,-2119.9911489377337
994.8,2280.8645375333904,-1286.0645375333904
915.15,2044.3524020855211,-1129.202402085521
832.54,908.9910571885296,-76.4510571885296
703.3,1121.3158824263362,-418.01588242633625
1409.02,337.94863330815303,1071.0713666918468
5241.72,5246.697140927432,-4.977140927431719
2390.71,1757.2066937572758,633.5033062427242
2698.22,2660.0126037801465,38.20739621985331
2664.49,4809.075482286702,-2144.5854822867022
3802.44,3501.768271541107,300.6717284588931
1438.88,1777.920344853174,-339.0403448531738
557.7,1022.7264793310051,-465.026479331005
1271.49,5781.078943862998,-4509.588943862998
875.78,1076.2570483448417,-200.4770483448417
4144.24,2754.567001826505,1389.6729981734948
2776.7,3003.7214254403616,-227.02142544036178
1085.67,2081.876698937377,-996.206698937377
2011.52,3098.5192664414053,-1086.9992664414053
5196.72,4760.389301995291,436.3306980047091
3526.43,2953.0231078566408,573.4068921433591
2716.72,5244.180442806431,-2527.460442806431
11743.19,9246.006508715582,2497.183491284419
6512.26,3158.3409789165485,3353.9190210834518
5565.91,3558.830626906246,2007.079373093754
1806.03,2101.655782245409,-295.6257822454088
3039.36,2554.033497953013,485.3265020469871
1813.8,3103.8782849932645,-1290.0782849932646
729.07,1176.64185887941,-447.5718588794099
2704.99,3296.3419295506246,-591.3519295506248
2596.6,1008.4069315538397,1588.1930684461602
2296.01,2771.194446312383,-475.184446312383
5626.67,5499.324787728172,127.34521227182813
2174.18,2516.253361331055,-342.07336133105537
670.49,2098.211181420157,-1427.721181420157
1282.8,984.2997482652147,298.50025173478525
2477.77,2097.5663972691223,380.2036027308777
1846.3,1541.5920492193186,304.70795078068136
2116.98,1201.8191484492377,915.1608515507623
4559.31,6088.087446723606,-1528.7774467236059
7829.25,13343.605888987771,-5514.355888987771
1595.59,3039.6664458985865,-1444.0764458985866
1676.65,1244.9723666032364,431.67763339676367
2426.09,3139.9858744685616,-713.8958744685615
1870.38,2551.0892278533024,-680.7092278533023
3475.28,2643.684998489699,831.5950015103012
2100.89,2559.47468759571,-458.58468759570997
1405.04,2789.1810991148045,-1384.1410991148045
644.95,1699.0248239982777,-1054.0748239982777
1945.7,2377.329479420064,-431.6294794200642
1516.41,1278.900107870148,237.509892129852
1455.3,1182.9491158642584,272.3508841357416
1298.89,983.3027425336807,315.58725746631944
988.04,3247.223817495609,-2259.183817495609
2963.28,5263.364464434553,-2300.084464434553
1787.29,5908.422892929856,-4121.132892929856
3173.86,2179.7467453016748,994.1132546983254
2086.07,2947.939299805137,-861.869299805137
2023.93,3178.6749182576423,-1154.7449182576422
702.91,2072.895606717088,-1369.985606717088
581.46,236.84317395668143,344.6168260433186
539.82,728.7568443666989,-188.9368443666989
1141.75,53.90745213973594,1087.842547860264
959.86,1769.42673525483,-809.56673525483
1726.86,1187.840842854673,539.019157145327
1855.1,2213.2699754896375,-358.16997548963764
968.55,1542.8206384513853,-574.2706384513854
1748.24,2128.538780259717,-380.298780259717
7847.62,3807.3596506205567,4040.260349379443
3587.05,2742.661667218205,844.3883327817953
6362.45,4503.738173109959,1858.7118268900413
4178.52,4099.093965569346,79.426034430654
3937.46,2269.506175578707,1667.9538244212931
1609.28,1008.7574278852203,600.5225721147797
2429.96,2034.8992160530765,395.0607839469235
2848.88,3086.560912309177,-237.68091230917707
1772.37,3684.9624111811845,-1912.5924111811846
1032.51,-479.45574255392,1511.9657425539199
1158.72,-42.022094364642385,1200.7420943646425
928.9,966.4245283572789,-37.52452835727888
2279.31,4601.585104048296,-2322.275104048296
9192.27,5042.45582428336,4149.81417571664
1658.8,5309.523585052168,-3650.7235850521674
4441.91,3735.754335493248,706.1556645067517
2368.31,1552.767702390876,815.542297609124
1505.85,1047.1064842246533,458.7435157753466
2422.71,1324.392887921308,1098.317112078692
1535.4,1601.5650401311887,-66.16504013118856
1155.16,2395.071512317536,-1239.9115123175359
1587.2,2009.412370397852,-422.21237039785206
2149.49,3047.0865972845877,-897.5965972845879
4023.15,3737.5587810196716,285.59121898032845
1697.12,1550.6903712889155,146.42962871108443
5526.1,4389.969540320801,1136.1304596791997
1330.33,902.3631560926813,427.96684390731866
524.72,1211.4026858156803,-686.6826858156803
790.13,1585.0047160493727,-794.8747160493728
1316.09,2088.5002106321667,-772.4102106321668
7772.8,7389.556651243854,383.2433487561466
1575.84,4004.712692185941,-2428.8726921859407
6466.74,4892.358394511874,1574.3816054881254
395.3,1835.5672913489102,-1440.2672913489102
2421.37,1467.1927189368964,954.1772810631035
6083.73,5595.1225665394395,488.60743346056006
2962.16,2745.3265166460073,216.8334833539925
1791.94,2436.5912267469366,-644.6512267469366
2084.74,2558.4843481738408,-473.744348173841
1505.68,2047.1633093502437,-541.4833093502436
694.32,2048.126146030784,-1353.806146030784
2427.36,2277.0260040549065,150.33399594509365
708.29,2411.743126228013,-1703.453126228013
1810.01,1773.145632408453,36.86436759154708
8820.99,3282.598807860754,5538.391192139246
805.13,1544.553507441653,-739.423507441653
4227.83,5218.48682292781,-990.65682292781
3766.8,2974.799506444727,792.0004935552734
3189.84,2882.5739797731526,307.26602022684756
3178.81,3360.6207925585754,-181.81079255857549
1168.68,1864.990623315562,-696.310623315562
1163.65,4010.5287501798693,-2846.8787501798693
3224.29,2931.5192197201995,292.7707802798004
5103.98,6963.526945398752,-1859.5469453987525
795.66,1487.0189445276062,-691.3589445276062
5686.99,6761.679897581992,-1074.6898975819922
1738.72,1775.4385954558256,-36.71859545582561
7612.23,4863.143582177188,2749.086417822811
1726.57,2823.151655095962,-1096.5816550959619
1831.54,1849.5256944647604,-17.9856944647604
1047.36,4607.636504121962,-3560.2765041219627
833.16,2380.1449039417644,-1546.9849039417645
9625.21,3656.2521425388645,5968.957857461135
13857.5,5526.916630038084,8330.583369961916
7577.57,4238.652040029539,3338.9179599704603
3715.12,1909.931672682003,1805.188327317997
3061.6,3406.294685714895,-344.69468571489506
1283.96,3204.590544256016,-1920.630544256016
5182.48,5504.214175978336,-321.7341759783367
1716.71,3818.5037017391587,-2101.7937017391587
2292.42,1457.3763565238592,835.0436434761409
3673.81,4551.492606525056,-877.6826065250557
798.46,195.18920757123306,603.270792428767
5771.87,3647.773322149773,2124.096677850227
3062.02,3837.3404991544858,-775.3204991544858
1829.53,2778.836706670347,-949.3067066703472
1268.54,1228.5409031078673,39.999096892132684
1198.99,2061.6933335501453,-862.7033335501453
1352.06,2549.642216884473,-1197.582216884473
2775.14,2823.969492952883,-48.8294929528829
2107.68,1349.866644157482,757.8133558425179
3728.48,3099.8646942692367,628.6153057307633
12447.96,7469.833264640741,4978.126735359258
3240.22,5631.068140295488,-2390.848140295488
6405.95,3382.8736531105424,3023.0763468894575
779.82,2475.729208731652,-1695.9092087316517
1538.66,1391.97375183206,146.68624816794
3086.6,3972.4046340690256,-885.8046340690257
5238.85,2630.9988561623436,2607.8511438376568
668.93,1148.2832923231622,-479.35329232316224
2055.46,3311.701305154882,-1256.241305154882
2880.93,3261.9162498032188,-380.9862498032189
744.54,1752.7225698579314,-1008.1825698579314
4014.65,6155.752800023516,-2141.102800023516
1910.6,2495.487583760934,-584.8875837609339
2265.68,3998.684518306176,-1733.0045183061761
1582.02,3875.3846031313333,-2293.3646031313333
1138.42,3343.4514967265923,-2205.031496726592
5388.08,2658.4126340712683,2729.6673659287317
5886.57,3660.505018230315,2226.064981769685
6095.07,5128.569537712894,966.5004622871056
803.24,195.2195346483345,608.0204653516655
3821.96,7874.139388697427,-4052.1793886974274
2839.43,3108.2185519561503,-268.7885519561505
543.55,-153.50129566329701,697.051295663297
2740.37,3030.279445184017,-289.90944518401693
7562.49,4163.8605002595905,3398.6294997404093
934.49,1421.7750820625065,-487.2850820625065
7595.97,7130.787501421728,465.1824985782723
6178.78,3101.7102168955466,3077.069783104453
13289.27,8999.121743261989,4290.148256738012
748.25,2316.3814204829764,-1568.1314204829764
2027.47,2407.0861340740576,-379.6161340740575
2415.46,1575.9699393454775,839.4900606545225
1419.02,1740.4483477025533,-321.4283477025533
5135.65,3951.5823466771317,1184.067653322868
5783.2,5167.706527445344,615.4934725546555
877.76,1451.7676311287935,-574.0076311287935
1224.34,1142.5769122591623,81.76308774083759
1317.56,2221.1600489893062,-903.6000489893063
1617.24,4288.12075847572,-2670.8807584757205
356.92,116.11573963708724,240.80426036291277
2268.56,1341.5284670347403,927.0315329652597
782.46,491.79314368024757,290.66685631975247
4154.48,3407.1237650256435,747.3562349743561
3389.34,3953.698459340955,-564.358459340955
6030.23,4179.478942178221,1850.7510578217789
2553.8,2380.2025752467634,173.59742475323674
2607.29,1687.9698436416659,919.3201563583341
1903.92,1731.2236938085655,172.6963061914346
1760.05,2883.1724071374892,-1123.1224071374893
6819.44,1694.3212143541564,5125.118785645844
3311.84,2418.061343499227,893.7786565007732
901.52,1496.7808063929215,-595.2608063929215
9510.2,5255.105844767826,4255.094155232175
5705.98,2736.256898154274,2969.7231018457255
3998.21,3071.739511976761,926.4704880232389
6714.99,6036.534842641513,678.4551573584868
640.83,687.0022590149969,-46.172259014996825
1236.59,4415.616745572443,-3179.0267455724425
1562.52,1741.7056143481818,-179.18561434818184
1304.27,1410.7985584723779,-106.52855847237788
1373.96,855.3597387112281,518.6002612887719
737.54,1885.2943961411188,-1147.7543961411188
860.38,-297.4143675176042,1157.7943675176043
1596.09,3732.2615034160585,-2136.171503416059
4065.22,4980.565901736672,-915.3459017366717
3056.76,4095.001713382916,-1038.2417133829158
3921.41,1733.791664176205,2187.618335823795
6104.77,2207.75763811155,3897.0123618884504
5343.44,3552.4060390903837,1791.0339609096159
2271.72,1969.5155533044613,302.20444669553854
1437.36,1680.8764533114002,-243.51645331140026
1326.85,1339.807627649264,-12.957627649264168
2242.31,1757.5964682006047,484.71353179939524
1191.37,1981.0676336348965,-789.6976336348966
5401.44,3724.345895794791,1677.0941042052086
5566.38,5052.156980502178,514.223019497822
2684.64,1241.5580176028159,1443.081982397184
6250.25,5426.708146567739,823.5418534322607
1528.43,1869.2372468069966,-340.80724680699655
2641.72,2165.4543012293134,476.2656987706864
531.11,1318.7083042752913,-787.5983042752913
1942.97,3115.429564635216,-1172.459564635216
2420.02,3243.691002553897,-823.6710025538969
2995.98,1885.4977535051335,1110.4822464948666
4123.97,3417.0829095799363,706.8870904200639
586.35,1951.933195564994,-1365.5831955649942
2436.47,2389.4888884196357,46.981111580364086
538.27,2432.625939528267,-1894.3559395282668
2047.05,2791.1467884169015,-744.0967884169015
2848.31,3575.8628074157164,-727.5528074157164
8441.7,7174.526890793445,1267.1731092065556
2385.99,4927.481908898099,-2541.4919088980996
5482.64,3068.5595210167694,2414.080478983231
1565.98,3377.7171751585256,-1811.7371751585256
437.7,1968.875027110561,-1531.175027110561
3844.96,5868.15158991661,-2023.1915899166097
1539.29,1445.7409966630944,93.54900333690557
2406.94,3310.2539451463713,-903.3139451463712
2087.92,2403.5710678515834,-315.6510678515833
2392.13,2258.42538668817,133.70461331183014
4002.76,4721.995239276074,-719.235239276074
3818.24,2338.625090424889,1479.6149095751107
2872.21,4476.360405577024,-1604.1504055770238
4245.87,3757.457265594834,488.4127344051658
1489.39,1217.1608367499252,272.22916325007486
6386.99,5943.7196654388745,443.2703345611253
6109.49,5469.433794388155,640.0562056118451
1563.11,1816.675186655615,-253.5651866556152
1152.73,1753.065209167396,-600.335209167396
3598.98,4257.887909180954,-658.907909180954
3552.01,2980.63979646612,571.3702035338802
2753.92,4379.007481869452,-1625.087481869452
4233.79,3484.0460493150254,749.7439506849746
6826.98,6867.6426964359125,-40.66269643591295
1163.09,1973.8473255091176,-810.7573255091177
7413.39,3190.174268858681,4223.215731141319
3251.4,2623.490573836998,627.9094261630021
688.58,1539.507237430674,-850.9272374306739
1985.18,2519.2604844665298,-534.0804844665297
2478.0,4229.871026908003,-1751.871026908003
1440.13,2380.0281917051343,-939.8981917051342
539.96,1815.7773175673642,-1275.8173175673642
851.89,1435.2584382548189,-583.3684382548189
1434.23,2977.823089115963,-1543.5930891159628
828.69,646.6845274743052,182.0054725256948
2367.8,1726.2488596670748,641.5511403329253
2470.73,1955.1107986033758,515.6192013966242
867.74,1524.5146322488133,-656.7746322488133
7849.17,4442.388308378442,3406.781691621558
2741.82,2833.593149617231,-91.77314961723096
1531.69,2381.771127744193,-850.081127744193
3284.69,4629.284554855051,-1344.5945548550512
3262.64,1352.0105353740028,1910.6294646259971
7161.82,6874.680931770223,287.13906822977697
2676.39,2843.630486690663,-167.24048669066315
1675.99,749.0741365556894,926.9158634443106
1484.25,2386.8004270970314,-902.5504270970314
1696.87,3454.714539858298,-1757.844539858298
4284.94,4673.129073113807,-388.18907311380735
3163.36,3330.3067583406623,-166.9467583406622
1660.2,2176.861313246079,-516.6613132460791
1288.06,916.7100635183356,371.3499364816644
507.57,2134.046358188498,-1626.476358188498
800.04,1825.8797552688648,-1025.8397552688648
6588.19,5850.870581559913,737.3194184400863
1366.6,2220.901825148348,-854.3018251483481
155.51,596.3142455829851,-440.8042455829851
719.06,2183.718457040898,-1464.6584570408982
4339.19,5254.22899202809,-915.0389920280904
5912.94,5864.949064044322,47.99093595567774
3044.21,3130.2461595343934,-86.03615953439339
4806.2,4938.524926972588,-132.3249269725884
5770.6,4192.04427666077,1578.55572333923
2747.75,2206.6885023457203,541.0614976542797
2581.36,3661.9762881613588,-1080.6162881613586
1054.42,3049.8945425728666,-1995.4745425728665
1812.59,1652.5711380970092,160.0188619029907
1163.11,1406.5701574410016,-243.46015744100168
1302.97,684.2319112137842,618.7380887862158
7439.77,6871.361918766852,568.4080812331486
1297.12,1933.8632961850976,-636.7432961850977
2564.95,2855.220413082752,-290.2704130827524
3766.09,4135.101094167428,-369.0110941674275
1655.66,2124.059308846788,-468.399308846788
995.85,1554.9041310507682,-559.0541310507682
3634.36,4544.590356260159,-910.2303562601587
8130.6,6299.693579612594,1830.9064203874068
2349.12,2504.99332678685,-155.87332678685016
2269.17,2149.876247546725,119.29375245327492
5031.12,1648.181654898255,3382.9383451017447
1470.0,3251.417542024773,-1781.417542024773
2178.25,656.9243916221235,1521.3256083778765
1064.31,883.7863790993692,180.5236209006307
1088.74,1709.7001105299526,-620.9601105299525
1335.98,2747.1488812425155,-1411.1688812425155
3892.01,3248.667633531703,643.3423664682973
3158.72,3005.7520327521092,152.96796724789056
1307.73,3615.556284988006,-2307.826284988006
650.65,1121.7456506777128,-471.0956506777128
1422.01,2624.725927829788,-1202.715927829788
2612.0,2506.6244243270385,105.37557567296153
10876.05,3792.7625023153205,7083.287497684679
1806.62,2078.4197565148556,-271.79975651485574
4196.24,4385.3071653785055,-189.0671653785057
946.6,2170.194481778641,-1223.5944817786412
1166.77,2563.337632219949,-1396.5676322199488
625.95,-91.60351497101303,717.5535149710131
2784.2,601.8100487685829,2182.389951231417
6598.14,7063.014003166927,-464.87400316692674
5093.53,4395.3665916953205,698.1634083046793
907.53,2746.3402570147464,-1838.8102570147464
3146.01,4769.391695227452,-1623.381695227452
2392.99,2604.2378241109454,-211.24782411094566
1405.16,1615.4225774514457,-210.26257745144562
3940.72,4532.064908034831,-591.3449080348314
1273.42,672.9513107905,600.4686892095001
1670.21,3989.6099521593387,-2319.3999521593387
1953.52,1753.497272042659,200.02272795734098
1048.81,1542.0401613174838,-493.23016131748386
2114.18,836.5571116365509,1277.622888363449
1610.26,828.5695139769598,781.6904860230402
4257.34,3219.18354433388,1038.15645566612
1011.42,1869.9843716496985,-858.5643716496985
2152.93,1471.0311715648293,681.8988284351706
8041.99,4050.854974999591,3991.135025000409
689.61,2160.4744709997867,-1470.8644709997866
1188.44,1956.1814391986463,-767.7414391986463
1988.65,2756.4010077968524,-767.7510077968523
2513.69,1096.6969535103262,1416.9930464896738
766.93,1771.263356961509,-1004.3333569615091
2931.36,7358.956737656916,-4427.596737656915
951.31,555.132393384813,396.17760661518696
2438.13,2162.228443350152,275.9015566498483
2141.46,2880.513527906287,-739.053527906287
390.56,1682.9249570501543,-1292.3649570501543
2400.58,3919.382680853013,-1518.802680853013
2306.75,5676.577007676563,-3369.827007676563
623.61,1795.72421756915,-1172.1142175691498
511.55,1244.9142361829179,-733.3642361829179
1864.84,2228.9956020597688,-364.15560205976885
2264.95,2826.369060485858,-561.4190604858582
593.46,3295.2758810084397,-2701.8158810084396
899.79,840.7910154559447,58.99898454405525
10880.82,5002.122795070495,5878.697204929505
3052.89,2696.490678069549,356.3993219304507
2637.24,1792.7833416162512,844.4566583837486
2512.32,2592.0292384030668,-79.70923840306659
1491.84,2043.5928466588457,-551.7528466588458
1959.23,2026.0050049037977,-66.77500490379771
5558.37,3605.930322725063,1952.439677274937
1893.75,1516.925378709813,376.824621290187
2529.53,2693.333413165341,-163.80341316534077
4389.97,7175.523883612465,-2785.553883612465
2463.36,2382.570408882651,80.78959111734912
4922.64,6060.071336317388,-1137.4313363173878
2008.58,1494.7951713796276,513.7848286203723
1192.83,2670.457522598956,-1477.6275225989561
1997.94,701.0306230982645,1296.9093769017354
8222.45,8868.555027995619,-646.105027995618
1754.97,2657.917995823214,-902.9479958232139
2073.42,1329.9934259414372,743.4265740585629
1054.79,1722.1597161988852,-667.3697161988853
597.32,802.2356596646923,-204.91565966469227
2140.09,4559.525062268266,-2419.435062268266
2018.71,3887.697268271274,-1868.987268271274
1273.7,1895.108321290686,-621.408321290686
709.62,2354.457517033111,-1644.837517033111
1772.71,2508.8487245369324,-736.1387245369324
3851.88,1276.0533481215014,2575.8266518784985
2080.34,1090.1873628282676,990.1526371717325
1145.58,1605.6008946943857,-460.0208946943858
4608.25,2875.896937326521,1732.3530626734791
1379.65,3182.475041712267,-1802.8250417122667
3141.86,4335.475337543271,-1193.615337543271
1126.77,1700.1018779039598,-573.3318779039598
1877.61,1209.357797920407,668.252202079593
855.42,2274.6565413242984,-1419.2365413242983
677.83,611.5682271668079,66.26177283319214
3472.73,4160.012656985667,-687.2826569856666
3970.45,3874.078166444725,96.37183355527486
1367.23,1384.2673141993025,-17.0373141993025
1339.2,2752.245414413255,-1413.0454144132548
1773.25,2073.6955697593826,-300.4455697593826
3566.45,1747.0463790041763,1819.4036209958235
1085.52,2037.1195501833272,-951.5995501833272
679.02,2051.779512002626,-1372.7595120026258
4340.97,4548.979262129855,-208.0092621298545
4483.36,3350.7087503948733,1132.6512496051264
3036.4,1609.3317713157564,1427.0682286842436
2661.18,2959.44522581881,-298.26522581881
2422.37,1797.8358763382535,624.5341236617464
1771.2,1446.9913240258284,324.2086759741717
7655.72,4038.1777770317804,3617.54222296822
4453.9,8282.42115180492,-3828.52115180492
1474.12,2466.8162637636797,-992.6962637636798
759.06,673.2772571478163,85.78274285218367
6995.67,5936.93802398083,1058.7319760191704
503.79,1776.4725574357294,-1272.6825574357294
688.64,960.6586903159323,-272.0186903159323
2335.76,2401.377999675454,-65.61799967545358
1543.8,1172.3132711988765,371.4867288011235
3425.46,2804.2760629340837,621.1839370659163
1050.06,1731.7860866575477,-681.7260866575477
7721.93,8881.244579392747,-1159.314579392747
6320.51,4979.6612814563205,1340.8487185436798
5089.35,3626.1630839638447,1463.1869160361557
872.91,1017.1504964331637,-144.24049643316368
3600.44,4077.7143986268284,-477.2743986268283
7779.97,2494.312913352274,5285.657086647727
3270.45,2079.3505930711513,1191.0994069288486
4859.0,2174.483357996175,2684.516642003825
1183.62,1803.5890159741807,-619.9690159741808
5052.34,3587.9177408072887,1464.4222591927114
689.97,1063.6115806736034,-373.64158067360336
1212.66,2426.5365861294567,-1213.8765861294567
6573.58,3854.3015118164067,2719.2784881835933
6025.51,1492.0684574043714,4533.441542595629
914.34,1169.0065689090782,-254.66656890907814
3175.03,3690.1788437450073,-515.1488437450071
6855.83,2566.197953996925,4289.632046003075
834.41,1050.930981824123,-216.52098182412294
1319.14,1472.7615597352594,-153.62155973525932
1596.13,3228.2071584416117,-1632.0771584416116
3949.15,2220.1275315737216,1729.0224684262785
740.96,1985.0970049322964,-1244.1370049322963
3741.01,3314.509532314562,426.50046768543825
3928.11,1842.4577273106643,2085.652272689336
2466.0,2205.850289304724,260.1497106952761
2315.34,3911.284843152128,-1595.9448431521278
6663.53,1650.945511663619,5012.584488336381
606.42,1015.3845556577835,-408.96455565778354
6412.58,7526.655595532019,-1114.0755955320192
1528.33,1698.5371740017204,-170.20717400172043
997.93,1875.6503024261056,-877.7203024261056
1048.25,2168.1546356489157,-1119.9046356489157
3034.28,2108.9745880943337,925.3054119056665
1785.06,3021.6954367006288,-1236.6354367006288
2778.14,1904.075831173809,874.0641688261908
6532.79,9534.258514958412,-3001.468514958412
682.79,854.7526934966213,-171.96269349662134
1024.91,1842.2210686368217,-817.3110686368216
1857.13,3289.8951612394962,-1432.7651612394961
5298.18,2384.175373637859,2914.004626362141
2418.29,2956.556962595504,-538.2669625955041
4488.35,3692.725063804872,795.6249361951282
1844.85,3910.3947814668145,-2065.5447814668146
1753.51,2324.1031782247323,-570.5931782247324
2837.84,5442.911381556116,-2605.0713815561157
2196.27,3487.778391327603,-1291.508391327603
585.14,875.4238150128951,-290.28381501289516
4854.92,6749.745640709791,-1894.8256407097906
14882.14,13807.462363556526,1074.6776364434736
14018.37,5412.14826358336,8606.22173641664
1056.29,1737.6141786023486,-681.3241786023486
2754.58,2569.808931565579,184.77106843442107
2967.44,3501.92782238234,-534.4878223823398
3166.87,5456.5922430366245,-2289.7222430366246
971.25,3641.974332932463,-2670.724332932463
7992.43,7237.370875884375,755.0591241156253
1170.94,1563.3471865798235,-392.4071865798235
1131.84,939.9964415480315,191.84355845196842
2592.01,2741.83198234657,-149.8219823465697
2296.16,1847.3541221977243,448.8058778022755
2138.69,2771.277748926919,-632.5877489269187
670.95,1536.6444076099242,-865.6944076099242
503.78,1502.4834254628327,-998.7034254628327
2147.4,2789.1357337965305,-641.7357337965304
602.08,353.70037844154115,248.3796215584589
1760.17,3375.601011941963,-1615.4310119419629
566.63,2421.938945950133,-1855.308945950133
878.69,1394.444457383207,-515.754457383207
2935.29,5859.565618085046,-2924.2756180850456
1997.07,2584.076515802078,-587.0065158020782
1368.25,3014.616201671977,-1646.3662016719768
3492.8,2604.6740347714594,888.1259652285407
4088.59,3948.339646296731,140.25035370326896
1823.47,2590.9452232488,-767.4752232488001
2173.06,1585.492282994654,587.5677170053459
962.5,1220.4745722171526,-257.9745722171526
5384.71,7016.995195100302,-1632.2851951003022
1342.94,3105.556644836445,-1762.6166448364447
729.02,997.8504263873303,-268.83042638733036
4910.39,3555.8554181691243,1354.534581830876
4513.62,1223.313349611662,3290.306650388338
964.22,1672.404620671726,-708.184620671726
1365.84,1355.4611897761079,10.37881022389206
685.48,2475.1549534456353,-1789.6749534456353
2486.11,2611.2890840871682,-125.17908408716812
14402.79,11052.834864802691,3349.9551351973096
1586.95,2684.715652199814,-1097.765652199814
1438.05,1534.5393243034548,-96.48932430345485
1070.72,2355.24299222198,-1284.5229922219798
1507.68,2468.5591849469856,-960.8791849469856
636.95,1814.081465331576,-1177.131465331576
6113.22,4971.376865458915,1141.8431345410854
428.47,2063.4739403770527,-1635.0039403770527
837.14,1464.2459540442187,-627.1059540442187
3585.05,5749.958395676571,-2164.9083956765708
5232.79,6727.467749880987,-1494.677749880987
513.25,847.573914349895,-334.32391434989495
3425.83,1332.6459385070757,2093.1840614929242
1049.98,2660.563341772905,-1610.583341772905
11061.95,9630.5072762987,1431.4427237013006
14829.43,8222.848327536343,6606.581672463657
8647.15,4537.112575241562,4110.037424758438
5406.73,3774.6908120062444,1632.0391879937551
6030.7,6266.332019524989,-235.63201952498912
1123.68,2199.923839040475,-1076.2438390404748
2587.17,1827.5203026853,759.6496973147
4226.4,5209.614597092556,-983.2145970925567
1803.34,2546.0760197257455,-742.7360197257456
956.5,2337.933590625677,-1381.433590625677
724.1,1386.2032569229611,-662.1032569229611
736.7,2949.587491803817,-2212.8874918038173
2248.19,3761.131906142829,-1512.9419061428289
1163.55,1210.1763263511589,-46.62632635115892
3203.57,2608.1302626947454,595.4397373052548
1398.55,1232.27026155786,166.2797384421399
2889.12,1630.4977838938266,1258.6222161061733
1270.36,1485.8685338447724,-215.5085338447725
685.25,1124.1542416499844,-438.90424164998444
2622.1,1267.6751139375096,1354.4248860624903
1364.36,1568.859724413992,-204.499724413992
2337.45,1244.4231572245496,1093.0268427754502
7666.79,13263.803351919309,-5597.013351919309
2449.33,1502.6328855107947,946.6971144892052
2365.01,1601.4793292881354,763.5306707118648
2143.09,3611.921154565657,-1468.831154565657
1890.69,2563.6739714088067,-672.9839714088066
1663.43,2709.444061855253,-1046.014061855253
5411.88,2931.2171680601978,2480.6628319398023
1241.4,1987.2112647673848,-745.8112647673847
3313.88,1442.5555801907847,1871.3244198092154
2622.28,1767.8734266138922,854.406573386108
1960.3,1639.5410205348287,320.75897946517125
1485.38,1651.1790542288288,-165.7990542288287
1032.02,1180.9153280529742,-148.89532805297426
1781.63,1699.560939184994,82.0690608150062
291.41,2406.047467665416,-2114.6374676654164
11598.57,6952.234116742822,4646.335883257178
3104.45,7203.0858783248805,-4098.635878324881
3200.55,3472.1375124493525,-271.5875124493523
9469.91,4311.740944720284,5158.169055279716
3822.76,4624.035738205008,-801.2757382050077
1171.73,1877.2498537031488,-705.5198537031488
2929.76,3148.422518046312,-218.66251804631156
4270.91,6150.200730844222,-1879.2907308442218
1375.0,3839.8819354538646,-2464.8819354538646
2187.62,2792.075577067543,-604.4555770675429
2842.45,3489.960331418339,-647.5103314183393
1865.9,2964.8014830258558,-1098.9014830258557
5264.73,7559.576411886603,-2294.846411886603
2505.74,2889.931455280477,-384.1914552804774
2817.18,1532.9065178509115,1284.2734821490883
2043.75,1880.2999062899944,163.4500937100056
5412.5,4041.102583540759,1371.397416459241
5820.32,11930.48938182168,-6110.169381821681
2838.08,1960.720258866223,877.3597411337769
1182.83,540.9687858827375,641.8612141172624
2037.09,718.6550881128812,1318.4349118871187
788.38,322.7362870815484,465.64371291845157
1340.9,3111.356793589912,-1770.4567935899117
1417.16,4423.856702398064,-3006.696702398064
632.03,580.8730070891894,51.15699291081057
1083.05,2743.740188890952,-1660.6901888909522
1166.5,4358.132955325161,-3191.6329553251608
732.53,3433.624991598744,-2701.094991598744
889.09,1265.6352143165634,-376.5452143165634
5408.08,2802.7946998209814,2605.2853001790186
1696.74,1918.0786494202043,-221.33864942020432
7113.41,4696.419974736128,2416.9900252638718
688.23,1753.5214433197152,-1065.2914433197152
1968.75,2016.7058379472778,-47.955837947277814
1912.62,3077.4138062757384,-1164.7938062757385
4129.44,2267.88080808554,1861.5591919144595
863.49,930.9277233172406,-67.43772331724062
1104.41,776.0604762835901,328.34952371641
1798.95,1083.2182219193323,715.7317780806677
6225.31,1443.7293587063434,4781.580641293657
4332.98,2879.6216681679916,1453.358331832008
3303.79,1758.8329541735525,1544.9570458264475
2836.59,920.5155374814635,1916.0744625185366
3878.82,2011.836010339135,1866.983989660865
1842.84,1619.1196321845994,223.72036781540055
11613.2,6418.123145660735,5195.076854339266
818.4,1384.0642482749295,-565.6642482749295
4186.2,4815.66921566407,-629.4692156640704
5172.16,6970.031298349224,-1797.8712983492242
1302.74,2352.480323867313,-1049.740323867313
1074.5,689.7196647556494,384.78033524435057
2233.67,2813.9810630181423,-580.3110630181422
2517.2,1922.0428763656964,595.1571236343034
604.01,1420.5782676859944,-816.5682676859944
4113.35,4667.314913502146,-553.9649135021455
16596.56,7064.107366933068,9532.452633066932
8715.92,5899.775715557054,2816.1442844429457
878.74,1312.6317124832951,-433.8917124832951
3670.43,3720.9117261737524,-50.48172617375258
3936.74,6285.298727149093,-2348.558727149093
3284.02,3569.0794245936136,-285.0594245936136
2347.96,7021.33327264996,-4673.37327264996
4902.59,6566.188031267371,-1663.598031267371
1934.48,4240.93046145985,-2306.4504614598504
925.36,1466.4732562946297,-541.1132562946297
3815.87,2382.5191683193807,1433.3508316806192
688.61,1559.9556196664216,-871.3456196664216
1162.79,1603.1110817777937,-440.3210817777938
1250.92,3611.494015079376,-2360.574015079376
1689.04,2176.261451965203,-487.22145196520296
737.44,860.6932166750612,-123.25321667506114
6817.68,3359.711821199782,3457.968178800218
857.78,2103.2124079359596,-1245.4324079359596
763.29,1504.9756027742237,-741.6856027742238
2646.89,2696.172071426335,-49.28207142633528
1630.61,1721.5915777056628,-90.98157770566286
677.1,475.0682545796143,202.03174542038573
1747.27,1636.365056938089,110.9049430619109
15005.94,9461.834883071384,5544.105116928617
552.91,1276.062399051393,-723.152399051393
1233.16,2340.2055320477175,-1107.0455320477174
3038.8,3614.601161876322,-575.8011618763217
1575.61,518.5954558714462,1057.0145441285536
2156.08,3830.498996907967,-1674.418996907967
1987.31,1242.3465574002098,744.9634425997901
2499.6,3636.9639128915205,-1137.3639128915206
694.52,1752.4064549076697,-1057.8864549076698
2303.2,2762.2027398835226,-459.00273988352274
3308.8,6225.081218181285,-2916.281218181285
1401.84,2182.766173866302,-780.926173866302
1656.83,1890.6057431346258,-233.77574313462583
1064.41,445.2029176126523,619.2070823873478
532.88,2451.8307083937925,-1918.9507083937924
799.41,1590.2376749935684,-790.8276749935684
4162.97,4526.441579897051,-363.471579897051
2796.19,2309.075705467665,487.11429453233495
296.4,1605.2753061386845,-1308.8753061386847
4315.02,3770.143756144677,544.8762438553235
4938.68,4142.632819623305,796.047180376695
1341.86,646.7222182438774,695.1377817561225
4043.13,4948.23419869023,-905.1041986902301
10441.13,6353.809548676772,4087.3204513232276
1524.63,2149.332339521722,-624.702339521722
906.15,3963.0952659900577,-3056.9452659900576
1988.14,4103.846538359789,-2115.7065383597883
10977.31,5063.811159082015,5913.498840917984
3123.27,2444.366538353416,678.9034616465838
4129.06,2232.1365708499256,1896.9234291500748
1782.87,1719.3364014235299,63.53359857647001
7655.76,4109.153536790308,3546.6064632096923
1155.97,1603.1649139416297,-447.1949139416297
16014.48,9176.42818117034,6838.051818829659
2258.87,2285.178616752106,-26.30861675210599
5401.58,6639.634954172559,-1238.0549541725595
411.0,1256.6470365954779,-845.6470365954779
1182.94,2857.382874048665,-1674.442874048665
10.0,2265.663461863841,-2255.663461863841
853.22,459.41457425469457,393.80542574530546
903.21,2273.971157746954,-1370.7611577469538
805.42,1444.3661830001436,-638.9461830001436
4009.24,3537.8294813324737,471.41051866752605
702.52,1774.6756884930764,-1072.1556884930765
3251.23,3221.589127130583,29.640872869416853
1222.04,1491.5887212099915,-269.5487212099915
4566.69,4238.24611235866,328.44388764133964
3094.86,4449.332003257328,-1354.4720032573282
938.57,1712.1794217840913,-773.6094217840913
842.32,2469.9407630726905,-1627.6207630726904
1787.89,1284.8893625701003,503.0006374298998
1413.34,2287.0023819861362,-873.6623819861363
4981.55,6522.510066600089,-1540.9600666000888
9644.46,4804.597560261474,4839.862439738525
1091.13,3758.9593446891527,-2667.8293446891525
2636.46,3129.753700205555,-493.29370020555507
1511.79,1822.8738211252185,-311.0838211252185
8308.63,12317.930361189305,-4009.3003611893055
6968.77,6671.249192822796,297.520807177204
520.43,604.8816584578758,-84.45165845787585
11811.97,6451.341618125817,5360.628381874182
8322.99,5960.596919223447,2362.393080776553
2323.38,1653.9359121729697,669.4440878270304
3098.16,7949.532684645869,-4851.372684645869
2537.97,3008.1696801266653,-470.1996801266655
2848.58,3860.665280313886,-1012.085280313886
6766.97,6924.959210156645,-157.98921015664473
621.36,441.7686797087533,179.5913202912467
10969.5,2411.1035471237565,8558.396452876244
2358.72,1060.0470347189053,1298.6729652810945
888.31,1527.0683377195203,-638.7583377195203
1461.55,3022.141191879186,-1560.591191879186
710.09,996.282078074689,-286.192078074689
6613.28,6171.660398259306,441.6196017406937
1284.53,1923.5856764423597,-639.0556764423598
1347.36,1955.5644157431889,-608.204415743189
5579.3,4388.09061215751,1191.2093878424903
1703.33,2702.335380610721,-999.0053806107212
696.7,185.98019160889942,510.7198083911006
1273.8,736.1012388557585,537.6987611442414
3006.49,3128.853318300177,-122.36331830017707
4983.4,3052.094638176446,1931.3053618235535
4046.24,3358.366153654358,687.8738463456416
1445.83,1449.502072835411,-3.6720728354109724
5512.62,2073.813741434305,3438.806258565695
2240.86,2665.85183290196,-424.9918329019597
1331.42,1898.3527538792464,-566.9327538792463
2289.39,2548.7800815699434,-259.3900815699435
5286.99,5131.703674579485,155.2863254205149
1451.12,1009.5732137505568,441.54678624944313
637.31,16.91686467517559,620.3931353248244
1090.66,1376.430709213819,-285.7707092138189
8335.32,4446.83925687283,3888.4807431271693
1021.26,2977.785200445202,-1956.525200445202
1990.99,2383.7643137848663,-392.7743137848663
1418.21,3165.183536690333,-1746.9735366903328
1847.63,3969.4438372444065,-2121.8138372444064
5812.81,3793.358625482255,2019.4513745177455
3354.85,5544.766894249104,-2189.9168942491037
8906.73,8588.379326086804,318.35067391319535
1300.74,4284.297588077019,-2983.5575880770193
1668.78,1996.0748992582849,-327.2948992582849
1809.1,1263.58715152731,545.5128484726899
3701.23,2909.2867025859746,791.9432974140254
2719.42,3871.006020418313,-1151.5860204183127
812.11,434.6808506107287,377.4291493892713
1682.04,728.3230866779256,953.7169133220743
1684.61,2532.0485539096953,-847.4385539096954
4113.69,2993.079118117092,1120.6108818829075
626.15,2279.732467780719,-1653.582467780719
634.11,1426.9933799335934,-792.8833799335933
3262.46,2019.9618149506673,1242.4981850493327
1825.93,2241.4707791612395,-415.54077916123947
1447.44,3810.774857569626,-2363.334857569626
3281.5,3956.0408994042573,-674.5408994042573
2502.7,1014.8593630483349,1487.840636951665
1512.98,3320.114347015405,-1807.1343470154052
6729.12,7060.4191244778285,-331.2991244778286
1400.0,3608.1695796923527,-2208.1695796923527
2111.79,2510.5228883097598,-398.7328883097598
732.3,1217.3031706047002,-485.00317060470024
2380.39,2897.890420386932,-517.5004203869321
4855.36,1205.855191394303,3649.504808605697
1370.87,3896.091692023818,-2525.221692023818
938.44,2250.0263254017805,-1311.5863254017804
6325.69,4344.1823617961045,1981.507638203895
3292.32,2648.722737500074,643.5972624999263
579.62,681.4534132973176,-101.83341329731763
7650.85,5695.993099119882,1954.8569008801187
1266.73,2026.0433182409024,-759.3133182409024
3093.0,1898.7476441673566,1194.2523558326434
1479.1,2312.567835834675,-833.467835834675
3977.39,1699.1153036193841,2278.2746963806158
8207.08,7979.321575611092,227.75842438890777
1290.6,1836.5907268697802,-545.9907268697802
3215.48,2888.147018359785,327.33298164021517
1378.68,1723.9305098603904,-345.25050986039037
1057.74,1505.4024863207492,-447.66248632074917
11100.39,7605.648528169374,3494.7414718306254
2617.06,1965.3319179913601,651.7280820086398
3843.72,2965.9972330475625,877.7227669524373
3003.75,2678.526435901133,325.223564098867
1673.41,4554.272958392434,-2880.862958392434
891.14,1582.9232477162354,-691.7832477162355
3518.16,4535.384596791021,-1017.2245967910212
6758.05,5597.841461537889,1160.2085384621114
934.98,843.9965866001851,90.98341339981494
2381.82,798.2587342727184,1583.5612657272818
1693.42,-877.7426462615662,2571.1626462615664
1187.92,-533.8632453469971,1721.7832453469973
2116.88,2492.574271299554,-375.69427129955375
1200.4,1921.3452236765997,-720.9452236765997
1655.3,3175.9307700748286,-1520.6307700748287
2439.95,2863.2437556646987,-423.2937556646989
2459.13,2283.1033016867573,176.02669831324283
8178.07,7208.219390379538,969.8506096204619
3859.13,5856.374622912547,-1997.2446229125471
5069.7,2273.564675949342,2796.135324050658
1957.05,1974.6528292217354,-17.60282922173542
557.62,1419.9077308232138,-862.2877308232138
4295.43,3766.537806481228,528.8921935187723
764.6,1208.9187120709894,-444.31871207098936
1089.25,2391.5085294246724,-1302.2585294246724
3313.56,3865.372759451322,-551.8127594513221
625.57,1690.805639718496,-1065.2356397184958
1256.37,2741.9552905009823,-1485.5852905009824
1836.68,2790.754713348599,-954.0747133485991
3304.82,5031.220797375074,-1726.4007973750736
3604.13,4782.68178802591,-1178.5517880259094
1728.9,2199.3792751002484,-470.4792751002483
2208.28,1805.9367091514387,402.34329084856154
4471.33,3015.4696747239354,1455.8603252760645
2622.18,4252.226892972096,-1630.046892972096
3172.09,2904.9493105101924,267.14068948980776
731.24,3764.484909575654,-3033.2449095756538
2115.61,3544.934367941921,-1429.324367941921
6324.22,7793.336649739558,-1469.116649739558
2585.97,3983.6916733872367,-1397.721673387237
7069.58,6729.299451704925,340.2805482950753
1354.34,2059.2689190750657,-704.9289190750658
3640.04,2397.244213056919,1242.795786943081
771.89,181.88366302420053,590.0063369757995
2395.13,3914.194312044273,-1519.0643120442728
6028.49,3489.998570496845,2538.491429503155
751.7,5221.181122867879,-4469.481122867879
7881.43,2544.1523399840207,5337.27766001598
1539.4,1826.6749131886768,-287.2749131886767
1443.25,1842.3992336065535,-399.1492336065535
7716.1,5943.434600570074,1772.6653994299268
650.2,432.98858408014473,217.2114159198553
1810.72,4659.863146553761,-2849.1431465537607
1392.63,2445.924728438776,-1053.294728438776
541.7,4367.871956647888,-3826.171956647888
896.03,-525.3042936991536,1421.3342936991535
1862.89,3049.986372752327,-1187.096372752327
752.81,1342.6037040752285,-589.7937040752286
1728.39,2075.080285577831,-346.690285577831
1218.61,1941.1985042443885,-722.5885042443886
3105.75,1924.7527691004361,1180.9972308995639
6169.66,4715.795701852786,1453.864298147214
12160.11,6187.220563998142,5972.8894360018585
5647.52,2419.977520568151,3227.5424794318496
769.55,754.2382464690845,15.31175353091544
1147.65,3030.456884915484,-1882.8068849154838
3033.27,5568.984434234529,-2535.7144342345287
6657.84,5137.054161616087,1520.785838383913
2537.57,2481.2144472640166,56.355552735983565
2922.08,1736.651369795492,1185.428630204508
1571.02,3015.2246902410707,-1444.2046902410707
1311.03,3719.933678847172,-2408.903678847172
2173.49,3223.218454625698,-1049.7284546256983
652.85,2170.023539918232,-1517.173539918232
8408.09,6460.711662528795,1947.3783374712048
2469.95,3870.183266393342,-1400.233266393342
2936.89,2890.5272152637563,46.36278473624361
2069.44,2382.3796188644487,-312.9396188644487
4634.44,2213.71436312974,2420.7256368702597
2479.7,4483.433390109094,-2003.7333901090942
3313.81,1056.6906494490515,2257.119350550948
11221.56,11296.050605683868,-74.49060568386813
1471.49,2843.8547465022093,-1372.3647465022093
3050.15,5364.826046198032,-2314.6760461980316
2752.17,3859.4584613055904,-1107.2884613055903
1406.92,4815.28298203111,-3408.36298203111
3750.83,1726.8485551372871,2023.9814448627128
4196.78,2512.7113126446634,1684.0686873553364
2261.53,2137.0070786022866,124.52292139771362
2077.01,1103.4348040518216,973.5751959481786
5073.58,6725.268736968655,-1651.6887369686547
3841.14,4076.7113124427124,-235.5713124427125
3247.09,2557.2035129944925,689.8864870055077
9420.0,3965.8517830256596,5454.14821697434
1901.57,3042.9481424985624,-1141.3781424985625
3905.29,1930.0588324680998,1975.2311675319002
3118.53,5033.7398152044525,-1915.2098152044523
3350.37,2230.4594437428764,1119.9105562571235
417.35,1604.9997542151016,-1187.6497542151014
2410.76,1896.8817359248387,513.8782640751615
1378.34,4002.891907374272,-2624.5519073742717
898.46,1855.7199541187374,-957.2599541187374
1783.18,1027.8747667308353,755.3052332691648
1435.54,2017.566080200328,-582.0260802003281
2987.03,1555.8539982775835,1431.1760017224167
970.84,1356.4326838767545,-385.59268387675445
2750.82,3968.4970372684375,-1217.6770372684373
739.84,1530.942636667242,-791.1026366672419
1384.65,3034.3440997879743,-1649.6940997879742
1764.27,1546.8298355214615,217.44016447853846
1511.75,1792.9180057857566,-281.1680057857566
1504.11,1865.9158253270298,-361.8058253270299
1850.88,2998.0767265217073,-1147.1967265217072
9840.85,5586.287018531168,4254.562981468833
1537.01,2062.3156538512862,-525.3056538512863
1601.13,1118.6554263330243,482.47457366697586
3480.66,4665.230238249636,-1184.5702382496365
1433.47,2007.0020155266043,-573.5320155266043
1226.32,-319.61123147466833,1545.9312314746683
1970.02,6084.832094881964,-4114.812094881963
2980.03,4540.281129942603,-1560.2511299426028
4162.87,3658.0271705094256,504.84282949057433
915.2,256.0732358420189,659.1267641579811
4142.51,3176.8610541165017,965.6489458834985
8059.07,4785.218072597753,3273.8519274022465
3565.81,2059.925864554881,1505.8841354451188
1590.42,3841.021045229324,-2250.601045229324
2606.42,2625.7468252085337,-19.32682520853359
1057.0,1359.822478706105,-302.8224787061049
937.37,134.5527854305119,802.8172145694881
2880.96,4916.145389424892,-2035.1853894248916
2164.95,2504.5491661559313,-339.59916615593147
15002.89,5425.223587165859,9577.66641283414
838.19,794.1270402742705,44.06295972572957
816.21,1984.5769493491584,-1168.3669493491584
1064.6,1750.357607758429,-685.757607758429
2964.92,2711.4155739543594,253.50442604564068
1668.41,3417.4714900966687,-1749.0614900966686
805.89,883.9886497691641,-78.09864976916413
3030.37,3313.670833884795,-283.3008338847949
4131.89,3523.297989470587,608.5920105294135
917.64,1426.0652184217683,-508.42521842176836
2089.26,2172.5890255458967,-83.32902554589646
881.49,416.2888972468096,465.2011027531904
1174.64,1421.3738229574528,-246.73382295745273
1605.8,1824.2210475686716,-218.4210475686716
1031.57,-306.42048301172923,1337.990483011729
10010.0,8239.831401346102,1770.1685986538978
837.2,2531.6404131398886,-1694.4404131398885
954.83,2118.0909182935247,-1163.2609182935248
5264.84,2682.1526174819546,2582.6873825180455
1284.67,1677.3430759734974,-392.67307597349736
847.98,745.597145090708,102.38285490929206
7830.21,4644.978866661699,3185.2311333383013
8054.92,6813.723058720244,1241.1969412797562
4013.41,3709.5403490842996,303.8696509157003
4283.25,2529.8949966415726,1753.3550033584274
782.7,2191.6381210580926,-1408.9381210580925
3017.92,2908.176353594961,109.74364640503927
755.78,919.1177887897115,-163.33778878971157
1426.96,1513.7039622794387,-86.74396227943862
2717.54,1344.5854056036678,1372.9545943963321
2066.85,1697.861741614264,368.9882583857359
1795.03,969.8313407718722,825.1986592281278
223.49,1138.2692862086803,-914.7792862086803
5764.42,10483.370444063785,-4718.950444063785
2096.85,1873.962585669918,222.8874143300818
3436.55,5350.805199527841,-1914.255199527841
2787.64,2861.313194160271,-73.67319416027112
2438.3,1779.2697140801374,659.0302859198628
441.04,257.6976828731089,183.34231712689115
3802.45,3351.009072749215,451.4409272507846
7968.22,6211.870780599338,1756.3492194006622
1080.0,8953.54244323766,-7873.54244323766
757.78,1440.846641750982,-683.066641750982
2116.81,2248.346258465995,-131.53625846599516
1217.4,2800.068495407603,-1582.6684954076031
534.27,2041.411735447914,-1507.141735447914
5331.9,3212.3133858636284,2119.5866141363713
1676.71,2591.608585221129,-914.898585221129
944.9,659.6577463729744,285.24225362702555
2950.07,3031.282207898506,-81.21220789850577
808.6,1137.2916376733235,-328.6916376733235
1784.18,3440.708575281658,-1656.5285752816578
1229.0,2615.347943365664,-1386.347943365664
721.92,775.2444909213866,-53.324490921386655
646.0,1146.2738109830902,-500.27381098309024
1828.82,3879.020981058241,-2050.2009810582413
1875.42,2797.178585441867,-921.7585854418671
2236.53,1972.3508826869752,264.179117313025
963.36,2973.0286380595116,-2009.6686380595115
16832.12,5499.343991319641,11332.776008680357
2314.84,4404.556461804013,-2089.7164618040133
2241.95,2851.897071547942,-609.947071547942
4368.4,4696.622605165572,-328.22260516557253
1456.56,409.6467194418676,1046.9132805581323
4777.88,4186.299095040011,591.5809049599893
1600.52,4669.583778091519,-3069.063778091519
1686.59,1233.7060225031794,452.88397749682053
773.73,513.8166137194717,259.91338628052836
2635.47,4520.9419845663015,-1885.4719845663017
908.71,1094.6554617740687,-185.9454617740687
7874.39,3952.340478616373,3922.0495213836275
1211.12,2811.120766848381,-1600.0007668483813
2943.73,3136.3309157239078,-192.60091572390775
2105.52,3118.030288040303,-1012.5102880403028
445.93,943.5307183465736,-497.6007183465736
2514.84,2607.9796524433823,-93.13965244338215
1006.35,3532.3332127456533,-2525.9832127456534
1628.5,1772.7664854268996,-144.26648542689964
3025.52,1655.0140440148934,1370.5059559851065
1439.77,1965.8823570400637,-526.1123570400637
2074.88,5424.169212061898,-3349.289212061898
8456.09,4744.687010166563,3711.4029898334375
676.15,-166.7108484633914,842.8608484633913
4852.27,5626.90273231722,-774.63273231722
293.66,884.4341678187968,-590.7741678187967
1345.52,935.2223921655677,410.29760783443226
2475.41,2583.297760104825,-107.88776010482525
794.28,1019.1775444671025,-224.89754446710253
1651.91,2755.3687679455184,-1103.4587679455183
2855.24,2863.164619533976,-7.924619533976056
2935.55,2301.018010469565,634.5319895304351
5121.4,6514.52468099387,-1393.1246809938702
4857.98,5238.188531301579,-380.20853130157957
1250.93,456.64582723829574,794.2841727617043
841.43,2061.6701918332533,-1220.2401918332534
1217.81,1974.329484482464,-756.5194844824641
2049.88,2927.856514902189,-877.9765149021887
2227.73,2869.5157357019093,-641.7857357019093
3224.63,1203.5296176152508,2021.1003823847493
7806.11,5243.319356805188,2562.7906431948113
1480.52,3002.737615314881,-1522.2176153148812
1270.32,1659.2523767651753,-388.9323767651754
2245.81,1393.0862765595225,852.7237234404774
10691.88,7027.748715857972,3664.1312841420277
1104.16,1010.6810402444567,93.47895975554343
2632.6,2321.1258684545032,311.4741315454967
3951.65,2138.6730524494756,1812.9769475505245
4324.75,4845.232610661891,-520.4826106618912
1157.46,2633.464402527016,-1476.0044025270158
5845.08,8614.286101179918,-2769.206101179918
2428.33,1379.7529879719318,1048.577012028068
1183.22,935.7191605427986,247.50083945720144
1518.89,2616.5095629462776,-1097.6195629462775
3000.27,2537.690288517225,462.5797114827751
690.97,1739.1397571542539,-1048.1697571542538
589.85,904.30961179722,-314.45961179721996
11599.45,11920.42328287552,-320.97328287551863
2235.55,1921.313362623911,314.2366373760892
2671.48,2449.7453483069467,221.73465169305337
5331.94,5641.837197280744,-309.89719728074397
2040.35,2149.411253783931,-109.06125378393108
2378.94,2598.527680620224,-219.5876806202241
3482.82,5013.306141178106,-1530.4861411781062
3288.63,2953.9331362618514,334.69686373814875
2728.86,2070.2814276856225,658.5785723143777
3316.46,5809.758946563491,-2493.298946563491
1765.99,1733.3873877684591,32.60261223154089
1122.09,2449.5571356112005,-1327.4671356112005
2679.95,3710.2710894026304,-1030.3210894026306
2107.85,3835.223347914135,-1727.3733479141351
4049.02,4698.831327779153,-649.8113277791531
9913.63,10281.363905364105,-367.73390536410625
1758.42,1081.5873690197354,676.8326309802646
2058.0,794.5106659958578,1263.4893340041422
3015.13,2605.047503810547,410.0824961894532
5169.65,4619.519519543964,550.1304804560359
1780.21,2035.4414931692418,-255.23149316924173
2576.48,1593.2717305392541,983.2082694607459
1506.36,3939.805091145613,-2433.4450911456133
6971.98,3956.413209517934,3015.5667904820657
6302.71,5358.995294841052,943.7147051589482
996.63,2120.9895147122784,-1124.3595147122783
573.75,586.2538857843568,-12.50388578435684
3413.7,2130.7239344989125,1282.9760655010873
1312.14,2138.492258968826,-826.3522589688257
1244.61,1729.0555288605933,-484.4455288605934
1699.01,444.14569445441,1254.86430554559
3097.59,6165.868942224644,-3068.278942224644
7944.5,4550.041796800418,3394.4582031995824
6957.23,11085.152973252607,-4127.922973252607
701.96,2021.675995983434,-1319.715995983434
1981.64,1998.3083576116314,-16.668357611631336
1588.46,2973.302838345847,-1384.8428383458468
5262.95,5098.919093251178,164.0309067488215
208.28,1151.3873608703698,-943.1073608703698
2463.93,2049.975958100837,413.9540418991628
1362.95,1807.5449559157628,-444.59495591576274
5206.81,4991.126542521861,215.68345747813964
1829.49,1578.293275042724,251.19672495727605
2936.69,2497.742294022053,438.94770597794695
1766.88,1332.690066380451,434.18993361954904
5027.09,5298.7448512438095,-271.6548512438094
1236.74,2436.0615603085794,-1199.3215603085794
2706.99,2164.9042206495633,542.0857793504365
865.2,2966.3158970360705,-2101.1158970360702
2758.88,3778.4188691011464,-1019.5388691011462
569.89,2551.5177156942223,-1981.6277156942224
4439.03,1572.6539191734173,2866.3760808265824
521.7,-28.495631469714965,550.195631469715
3437.9,1975.3216847957337,1462.5783152042663
1074.74,2269.941102588418,-1195.2011025884178
1023.71,1475.7068513880606,-451.9968513880606
2217.47,4493.199693070526,-2275.7296930705265
2380.29,1905.5497222678146,474.7402777321854
1018.06,1219.5195463045034,-201.45954630450342
656.99,1208.391723745574,-551.4017237455739
1713.28,3254.7682809915027,-1541.4882809915027
832.38,1675.7154491717065,-843.3354491717065
784.31,2856.457311489882,-2072.147311489882
2261.5,4899.8795153579085,-2638.3795153579085
3268.75,4126.853093636597,-858.1030936365969
3962.11,3289.4802296649805,672.6297703350197
2328.68,5072.646483153095,-2743.966483153095
3594.76,4316.809224674773,-722.0492246747726
4590.84,4855.826725101451,-264.98672510145116
2080.91,1914.3321349071716,166.57786509282823
2717.1,2120.259815367893,596.8401846321067
1929.79,2222.4948119772594,-292.7048119772594
6758.16,5895.8004576283865,862.3595423716133
1563.45,2371.9197331288683,-808.4697331288683
2356.68,3240.377405929742,-883.6974059297422
914.08,2661.7566735970136,-1747.6766735970136
794.26,751.2761211876384,42.98387881236158
1168.65,1420.2479322112142,-251.59793221121413
2468.08,2633.6690076857244,-165.58900768572448
824.28,2160.645340333434,-1336.365340333434
4134.21,4842.712391876032,-708.5023918760317
1306.51,1129.2284466576014,177.28155334239864
1073.38,1591.6250750315196,-518.2450750315195
1574.82,1795.3532728711525,-220.53327287115258
1855.82,3597.3574330883007,-1741.5374330883008
5693.52,3817.59349027348,1875.9265097265206
1039.05,2420.177857148469,-1381.1278571484688
1790.65,2056.8002113739412,-266.15021137394115
570.39,1728.4818033902945,-1158.0918033902944
621.2,1257.7338212324723,-636.5338212324723
992.23,3672.06782409478,-2679.83782409478
2278.82,1527.583559423816,751.2364405761841
4200.26,3036.691894776431,1163.568105223569
5058.96,3521.2152773392136,1537.7447226607865
1238.67,2632.195481162293,-1393.525481162293
3222.75,1861.0684258847737,1361.6815741152263
1536.62,2405.6999004298964,-869.0799004298965
810.6,549.4575492311168,261.14245076888324
3287.67,1587.053732051391,1700.616267948609
2805.94,4587.8329321720585,-1781.8929321720584
3472.6,3672.3033261189516,-199.70332611895174
2228.83,2697.353892388336,-468.5238923883362
1458.94,2486.2221422056987,-1027.2821422056986
2431.22,2679.1911461681543,-247.97114616815452
1274.98,2647.985887191673,-1373.005887191673
4794.58,6009.045212774539,-1214.4652127745394
1394.86,1412.7963615938963,-17.936361593896436
1114.1,1208.1366617247425,-94.03666172474254
3544.57,2853.0080263586046,691.5619736413955
3024.85,2624.7170868480985,400.13291315190145
3783.99,4652.4125382831735,-868.4225382831737
2235.25,3464.0973091460505,-1228.8473091460505
2058.66,3982.720526013868,-1924.0605260138682
1552.33,1615.600154378295,-63.27015437829505
1586.11,1387.1300839504431,198.97991604955678
3402.95,1043.6810240625111,2359.268975937489
1760.42,876.1614729621826,884.2585270378174
3524.18,3320.156900132174,204.02309986782575
771.3,1049.8824410490352,-278.5824410490352
7956.2,6120.772575068108,1835.4274249318914
2721.4,2970.2074632794406,-248.80746327944053
4661.22,5558.795102014223,-897.5751020142225
5281.01,3535.346775519282,1745.6632244807183
829.36,2682.7640228383175,-1853.4040228383174
1411.84,2667.5713277767027,-1255.7313277767028
2514.84,1136.0230899180908,1378.8169100819093
3287.17,1320.1131433158391,1967.056856684161
1397.25,2700.5327361612162,-1303.2827361612162
555.67,3070.4795958501845,-2514.8095958501845
9705.96,8133.434377653052,1572.5256223469469
1106.99,1751.6544289659892,-644.6644289659891
2600.1,3700.809813919953,-1100.709813919953
464.19,-228.9441178631379,693.1341178631379
2440.61,3785.94530956575,-1345.3353095657499
3805.29,5687.070506895238,-1881.7805068952384
4939.49,4928.233815509568,11.256184490432133
12013.76,8778.382379410836,3235.3776205891645
2165.08,4618.996208797457,-2453.9162087974573
1237.18,1476.2832578983018,-239.10325789830176
1077.65,3130.4234824131595,-2052.7734824131594
4476.74,2988.7551209159556,1487.9848790840442
2366.5,3588.7313955763548,-1222.2313955763548
410.98,824.7227332185746,-413.7427332185746
1577.38,4343.107632836966,-2765.727632836966
2988.9,1349.8306861630301,1639.06931383697
1034.69,1417.8563609925075,-383.1663609925074
1328.55,1198.172194440869,130.37780555913105
212.88,-297.9434037579405,510.82340375794047
2266.86,1852.8116207387811,414.048379261219
654.98,829.018991963075,-174.03899196307498
2318.64,2906.3042001511108,-587.6642001511109
1160.91,1484.812827195614,-323.902827195614
1578.25,2988.5913444368725,-1410.3413444368725
9978.98,7890.776636579242,2088.2033634207573
2310.18,4099.997700273065,-1789.817700273065
1894.7,925.6366132897915,969.0633867102085
5597.48,3885.9455234199095,1711.53447658009
954.01,2848.9124621404794,-1894.9024621404794
2389.75,3997.3508863656925,-1607.6008863656925
6278.2,4367.045515221358,1911.1544847786417
1985.99,1789.9002541514474,196.08974584855264
2413.58,2552.268008533277,-138.6880085332773
1878.14,4722.33448943377,-2844.1944894337694
1809.96,3439.6383920958115,-1629.6783920958114
1504.05,3030.955137189566,-1526.905137189566
1184.54,2027.0141929713368,-842.4741929713368
2835.96,6235.326982178416,-3399.366982178416
4568.53,5500.8351785528175,-932.3051785528178
2498.29,1344.082033657583,1154.207966342417
6329.23,4550.904659800975,1778.3253401990241
956.38,1242.98517904635,-286.6051790463499
2196.44,1513.8366126605297,682.6033873394704
3366.01,3240.2271714477797,125.78282855222051
1274.94,1312.513964427613,-37.573964427612964
1297.3,4404.986424740392,-3107.686424740392
1927.14,3185.155618617944,-1258.015618617944
1560.54,1368.2673612386966,192.27263876130337
1709.85,1731.368301517938,-21.5183015179382
1853.36,2708.2294279262665,-854.8694279262666
5728.43,1611.0407221670034,4117.389277832997
893.61,1941.449367611301,-1047.839367611301
6031.43,4591.989056330816,1439.440943669184
3043.02,2635.8986639821987,407.12133601780124
264.29,1393.5315496756289,-1129.241549675629
2819.56,2415.3662487387332,404.1937512612667
2205.68,3250.148777974106,-1044.4687779741062
2894.97,3896.391088161563,-1001.4210881615631
4083.26,5965.759456869155,-1882.4994568691545
5725.54,4686.788176395798,1038.7518236042024
9374.62,5521.18208534423,3853.4379146557712
971.03,2200.764368177776,-1229.7343681777759
2153.59,1614.6586912863531,538.931308713647
2386.98,1631.5484134960404,755.4315865039596
1735.89,1710.7735165573886,25.116483442611525
1898.76,1458.1373298290284,440.62267017097156
6255.93,3969.629177820645,2286.3008221793552
1250.4,2366.0796177215157,-1115.6796177215156
13079.75,7589.1764111904495,5490.5735888095505
1679.53,2593.5292339143125,-913.9992339143125
1460.13,1223.679055462801,236.45094453719912
918.74,1917.539670395763,-998.7996703957631
3321.99,2437.281404739563,884.7085952604366
8829.13,2091.9083021890765,6737.221697810923
958.09,1396.3225410449018,-438.2325410449017
2847.24,1968.7673048424235,878.4726951575763
1132.56,2400.894764028202,-1268.3347640282022
2120.07,3681.990847806179,-1561.9208478061787
1896.36,1188.0613328596555,708.2986671403444
1596.43,3591.751303580883,-1995.3213035808828
1200.15,1741.7700263261654,-541.6200263261653
745.71,1575.1382061301922,-829.4282061301922
9096.22,4599.676124919944,4496.543875080055
334.1,1295.128044678276,-961.0280446782759
1713.49,3851.200913268518,-2137.710913268518
1287.19,2518.446631642933,-1231.256631642933
931.73,2698.333536880038,-1766.603536880038
2869.0,4093.463652583172,-1224.463652583172
3744.07,3419.0231957437577,325.04680425624247
1231.65,982.4675255681939,249.1824744318062
3920.29,5179.724333576062,-1259.4343335760623
1820.36,3165.804502771304,-1345.4445027713043
2565.14,2664.861503776342,-99.72150377634216
3151.74,3510.587185279488,-358.84718527948826
1094.72,2400.3265003302167,-1305.6065003302167
1647.64,2337.7114141062834,-690.0714141062833
1962.72,1574.6081851158729,388.11181488412717
7444.68,6613.254124093193,831.425875906807
1597.65,1834.6498341995507,-236.9998341995506
682.63,523.848252812581,158.781747187419
2142.76,2255.4434505775894,-112.68345057758916
778.53,2007.6043826106106,-1229.0743826106107
3084.52,5300.515936098649,-2215.995936098649
1762.24,2908.332843259415,-1146.0928432594148
4191.27,2439.800909264118,1751.4690907358822
1280.08,1441.7370000721367,-161.65700007213673
616.82,822.7050058477223,-205.88500584772225
923.84,377.03165338042527,546.8083466195748
2220.56,635.9509412235284,1584.6090587764716
1800.28,1659.2634313379008,141.0165686620992
706.38,1576.8554575729436,-870.4754575729436
512.3,2353.1837697716905,-1840.8837697716906
1543.32,2177.805266736912,-634.4852667369121
1880.97,2418.066591489032,-537.0965914890319
3899.53,4491.2976963845795,-591.7676963845793
3418.19,1038.168386723513,2380.021613276487
612.71,1368.896916788098,-756.186916788098
5656.28,6341.811525128369,-685.5315251283691
7528.31,5095.47472662496,2432.8352733750407
1615.81,3282.765494578797,-1666.9554945787972
1412.71,2241.471158720798,-828.761158720798
3642.95,2315.3409506591315,1327.6090493408683
2529.86,2207.1175071645694,322.74249283543077
616.25,2415.1650798423047,-1798.9150798423047
19535.36,5885.411391575086,13649.948608424915
1798.49,1891.1620564718828,-92.6720564718828
947.86,244.54823474001398,703.311765259986
3071.5,3276.4456600445005,-204.94566004450053
4644.86,5211.784320677953,-566.9243206779529
1962.7,2328.208726070335,-365.5087260703351
2564.09,1354.2522189077613,1209.8377810922389
7201.92,5935.48310413608,1266.4368958639197
1739.78,1880.8247156296093,-141.0447156296093
2386.87,4444.234223311927,-2057.364223311927
2457.45,1743.2475076149171,714.2024923850827
2005.6,971.5829037405704,1034.0170962594295
623.71,2208.929643336199,-1585.2196433361992
869.72,1497.9750292775268,-628.2550292775268
2653.01,3528.771392574785,-875.7613925747846
1962.77,2653.3507658817985,-690.5807658817985
1796.02,3012.632624624399,-1216.612624624399
1601.24,2274.50646465135,-673.2664646513501
1533.77,2309.2698632095644,-775.4998632095644
3812.25,3415.2640250701706,396.98597492982935
5383.37,4168.431819433212,1214.938180566788
1255.22,1148.8875463322206,106.33245366777942
2416.53,844.592042250051,1571.9379577499492
9189.62,3243.9760118690892,5945.643988130912
9746.75,4714.117100125223,5032.632899874777
11069.73,7995.006980985913,3074.7230190140863
1134.61,1583.4948173081189,-448.88481730811895
14839.35,7699.123069592279,7140.226930407722
3130.3,4446.91214298494,-1316.61214298494
1240.55,1417.4941439867403,-176.9441439867403
1200.04,1438.6326638153846,-238.59266381538464
2576.04,2320.0201608066673,256.0198391933327
5142.87,4538.435306205334,604.4346937946657
2496.84,1836.2304619764732,660.609538023527
2072.56,1872.2659880288825,200.29401197111747
2635.39,3786.6918867605473,-1151.3018867605474
1300.09,4385.434982557247,-3085.344982557247
1688.33,3241.3660411895285,-1553.0360411895285
777.56,676.8980592457849,100.66194075421504
506.01,2570.6030327300755,-2064.5930327300757
691.35,1511.912236293229,-820.5622362932289
3242.75,3212.8053475319743,29.94465246802565
5810.09,6111.692361498715,-301.60236149871525
3017.61,2565.475826511797,452.13417348820303
1255.39,1153.0020174104613,102.38798258953875
6139.05,5363.960913483293,775.0890865167075
3314.44,3404.5320201272975,-90.09202012729747
1996.19,4318.901018283276,-2322.711018283276
7035.23,6846.501531524768,188.72846847523124
4457.09,1939.445735537612,2517.644264462388
2301.54,3451.7586985383664,-1150.2186985383664
2205.51,3447.3245930317908,-1241.8145930317905
1737.52,2554.4414647990266,-816.9214647990266
3314.59,2049.636506891313,1264.9534931086873
6422.32,6715.42307101263,-293.1030710126306
1940.39,1621.3952086810862,318.99479131891394
2786.73,2187.0280823512376,599.7019176487624
911.76,1653.7509039604242,-741.9909039604242
1300.58,1491.3515874281727,-190.77158742817278
1501.56,2134.9833472730875,-633.4233472730875
1752.67,2174.6947136720532,-422.02471367205317
881.83,2437.0059207058052,-1555.1759207058053
3684.74,4302.363350467749,-617.6233504677493
486.19,570.2051326151741,-84.01513261517408
714.59,981.327172863791,-266.737172863791
1730.49,1127.6179954185448,602.8720045814553
1622.81,2487.9693630468,-865.1593630468001
2023.16,-356.1148320842874,2379.2748320842875
1462.13,1835.1039230177425,-372.97392301774244
2893.48,2771.3208431853564,122.15915681464367
1691.95,2048.919562884685,-356.96956288468505
7587.78,4328.747195748548,3259.032804251452
4052.74,3374.1063147143786,678.6336852856211
557.25,1025.303687618252,-468.05368761825207
935.03,2504.9192750842367,-1569.8892750842367
638.13,1144.508347710937,-506.37834771093696
764.53,1894.3494785227922,-1129.8194785227922
1732.53,1029.2859168899156,703.2440831100844
6930.48,4807.562486276998,2122.9175137230013
2946.97,3777.2255468146477,-830.2555468146479
4301.12,7686.218830258801,-3385.098830258801
2951.5,3129.045057666558,-177.54505766655802
3544.22,5720.974153758979,-2176.754153758979
1576.54,1604.9431556647892,-28.40315566478921
7340.22,6902.445830895882,437.7741691041183
956.83,1655.9837339642727,-699.1537339642726
1057.8,805.8745011468609,251.92549885313906
2035.9,4643.326143710906,-2607.4261437109058
2001.35,2050.7980573875657,-49.44805738756577
1703.35,1280.2388227077397,423.1111772922602
18689.59,12290.917266164419,6398.672733835581
840.5,1603.4616033569127,-762.9616033569127
5717.97,6951.470136568347,-1233.5001365683465
578.59,1051.9613417930893,-473.3713417930893
771.54,1491.3193220591222,-719.7793220591223
683.83,707.2061195748901,-23.376119574890026
11524.11,3058.343566857022,8465.766433142979
1350.0,7335.500099960527,-5985.500099960527
4309.82,4440.296304798757,-130.47630479875716
1977.31,2980.466851939769,-1003.1568519397692
1166.62,1141.7129055025491,24.90709449745077
5454.65,3318.650624201718,2135.9993757982816
2154.64,998.2546650164497,1156.3853349835501
633.95,1451.9557335937616,-818.0057335937615
3876.1,6951.972676268095,-3075.872676268095
3618.3,4978.1366106634905,-1359.8366106634903
772.54,1211.041512346139,-438.50151234613895
2929.66,5560.134678904646,-2630.4746789046458
8750.1,5125.9763094294885,3624.123690570512
1610.38,1742.9295102657475,-132.54951026574736
2536.87,951.9723790599858,1584.8976209400141
778.95,1712.9182025063824,-933.9682025063823
3344.63,2608.739284450648,735.8907155493521
2546.52,3261.3804022854238,-714.8604022854238
1620.44,1901.4215639884765,-280.9815639884764
6269.6,4026.4045023068966,2243.195497693104
1528.85,2627.493083426324,-1098.6430834263242
1236.07,2037.519169499843,-801.449169499843
1694.51,2012.5904553005003,-318.08045530050026
680.16,3922.154346123766,-3241.9943461237663
2655.3,8632.147875948995,-5976.847875948994
1704.98,1119.7879852892656,585.1920147107344
1584.27,2148.2005348107546,-563.9305348107546
862.77,1881.80956364845,-1019.03956364845
1261.78,2300.6932359905186,-1038.9132359905186
5145.5,3349.0364338624117,1796.4635661375883
6544.95,4770.778801311185,1774.171198688815
4103.38,6659.696730617527,-2556.3167306175264
2883.62,4297.846745373926,-1414.226745373926
11389.57,7120.9894566482435,4268.580543351756
399.67,633.9141512833248,-234.2441512833248
538.51,1377.7660361492822,-839.2560361492822
1657.32,1716.6284966886008,-59.308496688600826
5254.28,3768.6521333758265,1485.6278666241733
1152.68,365.932794914356,786.747205085644
2826.69,2778.857073756395,47.832926243605016
1773.92,1637.688972303605,136.23102769639513
2998.9,3647.9077442813177,-649.0077442813176
997.5,994.9405993899584,2.559400610041621
1084.14,1504.9955261046653,-420.85552610466516
1373.95,3048.0163954006925,-1674.0663954006925
1521.49,2712.7475272967904,-1191.2575272967904
2931.21,1498.1619927953261,1433.048007204674
1695.0,3092.644675832803,-1397.644675832803
5022.71,5928.905843030441,-906.1958430304412
1347.66,2424.6046377900384,-1076.9446377900383
850.68,399.2286856483239,451.45131435167605
5907.17,6035.961671823032,-128.79167182303172
5956.99,6054.785412462213,-97.79541246221288
2047.92,1102.1117881290425,945.8082118709576
7120.71,3880.9468859920207,3239.7631140079793
2124.03,1688.0594542998113,435.97054570018895
5611.56,6594.70066892868,-983.1406689286796
1527.28,2859.8786352895318,-1332.5986352895318
8982.33,5636.235427426769,3346.094572573231
7726.78,8534.312956799698,-807.5329567996987
4821.1,2036.541033026746,2784.5589669732544
647.56,1777.2527774428218,-1129.6927774428218
3255.9,5328.3689256374655,-2072.4689256374654
863.93,3179.35413700926,-2315.42413700926
3089.03,3577.84593416025,-488.81593416025
2184.37,3939.20546947614,-1754.8354694761401
2080.85,1860.928166868909,219.9218331310908
951.65,1696.3606181219548,-744.7106181219548
8091.51,10575.002778567461,-2483.492778567461
989.82,907.3465962732037,82.47340372679639
3767.67,5122.33692418439,-1354.6669241843902
2661.34,2408.1506741874214,253.18932581257877
566.9,2319.2262766817257,-1752.3262766817256
7939.91,8677.773115575583,-737.8631155755829
8266.66,4701.936309398128,3564.7236906018716
4641.17,4267.262120249959,373.9078797500415
1006.15,2201.866214898038,-1195.7162148980378
4782.79,3167.4225159320376,1615.3674840679623
2249.41,4925.34143249968,-2675.9314324996803
8735.58,4380.324764068646,4355.255235931354
2501.02,2242.2952825189236,258.72471748107637
1305.27,3693.003411406428,-2387.733411406428
925.07,2686.269341085751,-1761.1993410857508
2048.53,1023.831834639617,1024.6981653603832
1320.39,458.8261557031616,861.5638442968385
1621.9,2481.274684537954,-859.3746845379537
5367.47,5884.151571620943,-516.681571620943
901.1,4010.9484342610012,-3109.8484342610013
3187.34,3191.2588933808506,-3.918893380850477
2761.62,6081.410851757255,-3319.790851757255
6999.29,7014.49979535013,-15.209795350129752
1193.02,2342.035450071457,-1149.015450071457
3323.13,1851.027926494995,1472.1020735050051
3578.3,2883.097186137922,695.2028138620781
3507.32,3044.3977653616553,462.9222346383449
347.64,1068.2810196922414,-720.6410196922415
2145.86,481.3913891125343,1664.4686108874657
3939.35,5234.310997717192,-1294.9609977171917
2409.54,2075.315870296685,334.22412970331516
1912.83,1946.511243061851,-33.68124306185109
5771.6,4465.562843284992,1306.0371567150087
2065.95,4569.093191596501,-2503.1431915965013
11802.14,7609.8123414927395,4192.32765850726
4893.62,6427.213554376865,-1533.5935543768655
934.1,1583.4364101059448,-649.3364101059448
949.09,-202.08530047456597,1151.175300474566
5074.22,6603.703420309907,-1529.4834203099072
3505.1,6084.603299321125,-2579.503299321125
1208.36,2574.15230914813,-1365.79230914813
1271.9,465.80606223534653,806.0939377646536
2051.73,1605.0500102121334,446.6799897878666
491.15,2216.695992147738,-1725.5459921477377
961.46,1617.103497197782,-655.6434971977819
2777.34,3545.4876046124036,-768.1476046124035
3538.24,7802.201650164452,-4263.961650164452
1787.22,3099.4804417382134,-1312.2604417382133
11257.77,6506.3645709430375,4751.405429056963
6378.04,1963.1327799511673,4414.907220048833
8450.87,7066.681284643134,1384.1887153568669
2497.53,2920.924633538906,-423.39463353890596
1681.56,4390.694733311373,-2709.134733311373
2087.67,2078.8321295053365,8.837870494663548
2182.11,1581.531720929171,600.5782790708292
8438.73,7189.8950787260765,1248.834921273923
2575.16,1824.291881654602,750.8681183453978
1702.73,2189.65705179026,-486.92705179026007
5774.26,5894.872380370649,-120.61238037064868
2768.11,3360.1221306080547,-592.0121306080546
3012.46,1487.2122936522258,1525.2477063477743
867.69,1586.3834745988966,-718.6934745988965
940.55,1598.8805161873815,-658.3305161873816
2265.83,4823.400048938569,-2557.570048938569
5627.53,5408.638525478314,218.89147452168618
2586.49,3996.5009291830847,-1410.010929183085
2508.42,1697.8946363053185,810.5253636946816
12608.78,5986.874298494337,6621.905701505663
1913.72,1701.918993933817,211.80100606618294
4271.3,3546.404383370844,724.8956166291564
3407.57,4345.214797394817,-937.6447973948166
1201.45,2324.941667538077,-1123.491667538077
5003.12,6519.885832082752,-1516.7658320827522
1256.17,1951.4944366882692,-695.3244366882691
4504.52,2284.84014793772,2219.6798520622806
2143.64,3258.705395991456,-1115.0653959914562
7539.64,3917.8919802809205,3621.74801971908
698.29,1561.3850470711798,-863.0950470711798
3127.17,3069.39730653626,57.77269346373987
1165.86,1809.3546907744917,-643.4946907744918
1419.22,861.6485856687652,557.5714143312348
1631.8,4248.244767498882,-2616.4447674988814
722.87,950.8645408339578,-227.99454083395779
893.79,1040.6482548189365,-146.85825481893653
1086.85,1993.1810533170851,-906.3310533170852
1821.65,4952.331833488768,-3130.681833488768
6687.21,2505.802100286665,4181.407899713335
4680.64,2373.808786161593,2306.831213838407
840.93,1887.832629322596,-1046.902629322596
1604.6,2607.749606881295,-1003.1496068812953
3986.87,1071.0814541860836,2915.7885458139162
1806.6,2130.4833478469604,-323.88334784696053
1723.14,2083.6592933463617,-360.51929334636156
4990.71,7091.170027132559,-2100.460027132559
1453.22,153.10585406350378,1300.1141459364962
1302.09,2622.41949912137,-1320.32949912137
1753.45,2382.2794925617372,-628.8294925617372
1812.14,1283.8760952888679,528.2639047111322
2255.21,3645.566071003433,-1390.356071003433
2138.76,2822.334899695945,-683.5748996959446
1075.36,1618.3704264420348,-543.0104264420349
1537.76,1777.1749717200091,-239.41497172000913
1352.03,2328.5125268932507,-976.4825268932507
1594.3,917.2652065636796,677.0347934363203
5683.37,6633.835443209582,-950.4654432095822
3660.09,3288.884924605206,371.2050753947942
20695.69,8619.012230375876,12076.677769624122
347.87,1602.0294926476233,-1254.1594926476232
6890.98,6708.3842342020935,182.5957657979061
2347.19,1370.3303471076267,976.8596528923733
5056.39,5365.1087031437755,-308.7187031437752
970.83,1976.4634025896448,-1005.6334025896448
1722.44,2236.945472601518,-514.5054726015178
2125.07,3057.2634897305925,-932.1934897305923
2664.28,4765.3648122352415,-2101.0848122352413
793.57,2224.245869905412,-1430.6758699054117
969.59,914.070735635943,55.519264364056994
3357.37,4350.338446751237,-992.968446751237
7043.01,2259.3405336354526,4783.669466364548
2450.47,1085.1753359048635,1365.2946640951363
1662.8,1733.6954359131419,-70.89543591314191
3633.92,2248.4998309695757,1385.4201690304244
689.86,2304.4932933735527,-1614.6332933735525
2369.55,4585.869951739174,-2216.319951739174
1656.96,2133.9004952136634,-476.9404952136633
2447.72,1449.6152917369916,998.1047082630082
2418.58,5182.904613246428,-2764.3246132464283
1829.54,1939.8869084725184,-110.34690847251841
437.54,3437.5320941839145,-2999.9920941839146
9381.96,9238.3118167992,143.6481832007994
1630.66,2448.1959580476796,-817.5359580476795
1315.89,1755.5553465280095,-439.6653465280094
7617.7,5298.985460989248,2318.7145390107517
8077.11,7513.585539082193,563.5244609178071
8770.28,5596.113960693009,3174.1660393069915
2486.65,1288.3099047408255,1198.3400952591746
4346.75,7951.232414731919,-3604.4824147319187
2448.93,1154.7437225752547,1294.1862774247452
2167.49,2720.379123781973,-552.889123781973
6001.97,4234.970796246715,1766.9992037532857
1120.19,1712.8396377601948,-592.6496377601948
6365.29,5699.787898630407,665.5021013695932
802.89,3882.5503038270635,-3079.6603038270637
3708.57,5793.060314623507,-2084.490314623507
2946.17,2997.474931905318,-51.30493190531797
4840.87,5409.633432702904,-568.7634327029045
1730.57,2123.7921654646725,-393.22216546467257
753.12,1767.4956286941929,-1014.3756286941929
948.05,1659.0988672650853,-711.0488672650854
2228.91,3515.8719390858782,-1286.9619390858784
7256.96,2023.7045425207243,5233.255457479276
2150.89,3247.187100814781,-1096.297100814781
1713.86,2202.6837199571264,-488.8237199571265
580.0,4361.612671830204,-3781.612671830204
2611.22,995.0148082658659,1616.205191734134
1329.16,2589.0663000748154,-1259.9063000748154
4387.91,4745.235334338556,-357.3253343385559
1012.23,1506.9158121758335,-494.68581217583346
4328.86,3567.635250732038,761.2247492679617
4702.15,2182.130476433952,2520.0195235660476
765.76,1106.9823759094008,-341.22237590940085
6416.6,3568.7683254768976,2847.8316745231027
2042.49,3114.5265811022578,-1072.0365811022577
3817.36,4350.714147752689,-533.3541477526892
5708.77,4619.065329647191,1089.7046703528094
715.46,2001.9608779901318,-1286.5008779901318
2992.15,1395.8049785005119,1596.3450214994882
1284.89,1878.058169716603,-593.168169716603
6083.74,3109.7079882415537,2974.032011758446
4354.97,7166.805173926872,-2811.835173926872
8067.17,4402.281729451284,3664.888270548716
584.7,1616.511227763695,-1031.811227763695
10476.0,8276.629149139037,2199.3708508609634
4258.88,3196.8860998671457,1061.9939001328544
2202.09,1920.9496784401276,281.1403215598725
2876.8,1455.2730455030007,1421.5269544969995
1823.15,1774.6406039475446,48.509396052455486
699.93,1290.096896047251,-590.166896047251
4222.91,4651.758079323247,-428.8480793232475
1681.36,1457.1804820489695,224.17951795103045
4486.12,2851.5972248227554,1634.5227751772445
1562.06,1808.3999167491393,-246.33991674913932
2398.5,3060.48639394988,-661.98639394988
1248.37,2518.808537129287,-1270.438537129287
3670.25,2971.1857737628443,699.0642262371557
3716.73,3172.604192465432,544.1258075345681
2954.87,4272.509860797174,-1317.6398607971742
9230.39,4437.847980803185,4792.542019196814
1263.47,1118.9699193445435,144.5000806554565
903.21,1693.9217180995688,-790.7117180995688
1492.41,2275.49962885318,-783.0896288531801
4800.49,2513.1463024632994,2287.3436975367003
2438.18,4098.368177807496,-1660.1881778074962
3269.77,5460.032561565041,-2190.262561565041
2647.18,3080.9213589262686,-433.74135892626873
998.27,597.9772172694106,400.29278273058935
7528.4,7450.924307927348,77.47569207265133
533.0,2675.595260210659,-2142.595260210659
2185.49,2500.425862948197,-314.93586294819715
1083.0,3921.096732408085,-2838.096732408085
3879.15,2815.81166558703,1063.3383344129702
942.69,816.7476859231904,125.94231407680968
1724.78,2430.7296961087227,-705.9496961087227
9654.41,5384.943539640666,4269.466460359334
7601.97,3112.9685548753496,4489.001445124651
1902.31,1757.7535019257534,144.55649807424652
2437.13,1813.6002349683522,623.5297650316479
543.6,1423.3841931398129,-879.7841931398128
2324.2,2158.668746706831,165.5312532931689
738.16,2134.3068315522783,-1396.1468315522784
1754.69,1237.1417612114922,517.5482387885079
1029.01,3158.5620512239784,-2129.552051223978
639.34,1290.174546302539,-650.834546302539
1652.84,1537.7243893512011,115.11561064879879
3686.1,5506.186348952354,-1820.086348952354
7774.71,7138.720679842163,635.989320157837
1298.83,815.1144859780736,483.7155140219263
851.77,1273.6734456324423,-421.9034456324423
903.92,2130.213648508446,-1226.293648508446
4561.88,4418.761887187519,143.11811281248083
1100.38,328.0260645950149,772.3539354049852
947.32,1599.8185057365824,-652.4985057365824
3659.81,7236.427369464029,-3576.617369464029
3892.39,4192.368643205664,-299.97864320566396
1142.78,3035.3960011090953,-1892.6160011090954
4400.55,5880.326232435732,-1479.7762324357318
1015.99,1304.212578220237,-288.222578220237
6093.34,4718.257557035375,1375.0824429646254
3739.07,6428.975406394409,-2689.905406394409
2134.75,2625.67807678962,-490.9280767896198
7268.87,7647.262584532509,-378.3925845325093
844.29,743.8231982233888,100.46680177661119
3884.4,4158.409834069171,-274.00983406917067
1812.14,2029.5198335397818,-217.37983353978166
1113.13,1980.9289032972856,-867.7989032972855
4409.8,4727.832465181076,-318.0324651810761
5053.46,3892.914902583231,1160.5450974167688
655.4,281.3054659705367,374.09453402946326
2532.11,3862.299525294952,-1330.189525294952
2173.28,3592.638477969539,-1419.3584779695389
1483.48,1039.3966841957836,444.08331580421645
660.66,1432.271286612789,-771.6112866127891
2704.88,1445.605394062295,1259.274605937705
584.86,756.5814651955361,-171.7214651955361
7154.84,6653.0564389613855,501.7835610386146
3670.47,1876.2147801617289,1794.255219838271
7126.38,3278.7290067802282,3847.650993219772
6341.8,3150.7767165064183,3191.023283493582
1829.98,2023.4709263435698,-193.49092634356975
1974.14,1110.8788926795728,863.2611073204273
1068.62,1455.3036573837073,-386.68365738370744
4078.29,6408.821026970318,-2330.5310269703177
3212.54,3697.819224103968,-485.27922410396786
1864.19,1079.310289668445,784.8797103315551
1437.24,3052.294872330578,-1615.054872330578
1024.8,1024.0352700462795,0.7647299537204617
2048.92,1986.9405180371778,61.97948196282232
791.77,1377.1444496760982,-585.3744496760983
889.92,3496.46551142442,-2606.54551142442
724.17,2061.633312810901,-1337.4633128109008
922.77,1101.2619288034728,-178.49192880347277
2996.46,4931.080398642659,-1934.620398642659
1961.49,3389.711835873503,-1428.2218358735029
4680.24,9974.055829072302,-5293.815829072302
810.59,2784.662965540593,-1974.072965540593
2161.31,2161.686044259792,-0.376044259792252
1516.69,1458.2077673063613,58.48223269363871
3727.08,6591.399842931647,-2864.319842931647
6883.0,7334.1168949830935,-451.1168949830935
1301.12,2188.4896220359083,-887.3696220359084
3085.77,1613.353997935179,1472.416002064821
5497.11,4462.996724540742,1034.1132754592572
1125.45,2750.966677301184,-1625.516677301184
2387.19,3273.4156041363185,-886.2256041363185
3500.05,5437.346177981983,-1937.2961779819825
1693.04,3109.2879106978294,-1416.2479106978294
3367.19,5815.424690785,-2448.234690785
1307.98,2247.7953084797446,-939.8153084797445
2152.19,1317.9945281005284,834.1954718994716
2195.81,3373.7990467258765,-1177.9890467258765
1110.44,1765.9986808625663,-655.5586808625662
535.62,391.8516274249631,143.7683725750369
3403.54,4170.992090100954,-767.4520901009537
1891.81,2647.0832444344,-755.2732444344001
4559.71,3366.1968027379007,1193.5131972620993
2335.68,2166.9554083375842,168.7245916624156
583.35,6512.384422709264,-5929.034422709264
1150.28,2178.638899186162,-1028.3588991861618
1295.16,3541.0549569029554,-2245.8949569029555
2154.45,2005.5522322371971,148.8977677628027
4979.15,4782.864841282921,196.28515871707896
1130.8,2283.660572006725,-1152.860572006725
816.8,230.76825672418454,586.0317432758154
890.58,2830.435199869929,-1939.855199869929
1614.88,1139.6016392805489,475.27836071945126
4169.3,4734.4602088659785,-565.1602088659783
3467.73,6321.756239169584,-2854.0262391695837
5430.3,5955.998751083444,-525.6987510834442
2608.02,3593.106138220403,-985.086138220403
7496.38,6680.6726718602995,815.7073281397006
5377.32,4965.925276794723,411.39472320527693
21688.63,6349.340466092336,15339.289533907664
6768.82,6160.903104884562,607.9168951154379
1576.57,2745.33013646601,-1168.7601364660102
4704.3,3540.072161033728,1164.227838966272
1608.69,3449.743028883277,-1841.053028883277
1860.27,1620.1364698466507,240.13353015334928
4051.87,3935.8707528709783,115.99924712902157
2602.56,4678.135280239226,-2075.575280239226
1629.8,3990.7041351980215,-2360.9041351980213
950.77,1527.7457403548094,-576.9757403548094
1856.11,2477.7331044382154,-621.6231044382155
5489.78,6572.272151123336,-1082.492151123336
1495.05,2490.188619114,-995.1386191140002
2057.21,3312.0468032251465,-1254.8368032251465
2229.35,2250.1576367454645,-20.807636745464606
1099.82,209.85709685641098,889.962903143589
3368.01,5534.921367903233,-2166.9113679032325
3257.42,958.5316001025824,2298.888399897418
2941.11,1630.265275167192,1310.8447248328082
5511.24,5747.6859076115325,-236.44590761153268
702.34,508.71493925043376,193.62506074956627
2493.71,2669.2107798195816,-175.50077981958157
2899.07,851.7831151030996,2047.2868848969006
4960.16,5333.876117815735,-373.71611781573483
6113.52,7730.807408007026,-1617.287408007026
2560.34,4352.793809303573,-1792.4538093035726
2906.84,2063.263508986339,843.5764910136613
1016.52,3955.9952629862664,-2939.4752629862664
1966.0,1805.3222042900243,160.67779570997573
3646.41,3274.808674657921,371.6013253420788
2653.99,2871.7886162516884,-217.7986162516886
735.21,612.0567084463804,123.15329155361962
6286.43,4959.299469338996,1327.1305306610047
2140.75,2459.6501429640653,-318.90014296406525
2660.7,3050.4664985674485,-389.7664985674487
2668.94,1831.1331374269848,837.8068625730152
1644.99,1294.1113634485275,350.8786365514725
3437.26,3492.766907015596,-55.50690701559597
6058.44,5510.669078350127,547.7709216498724
786.81,2314.860866008335,-1528.050866008335
8648.04,5922.3585518772925,2725.6814481227084
2307.3,2666.081205269731,-358.7812052697309
3922.61,3444.542556280134,478.06744371986633
538.85,4962.944154175085,-4424.094154175084
4228.94,2516.2904856726145,1712.649514327385
714.55,2096.952422838427,-1382.4024228384271
2381.74,2277.899262337409,103.84073766259098
1647.63,2991.0926900494155,-1343.4626900494154
2932.73,4337.64826841905,-1404.9182684190496
772.9,1280.4836369514144,-507.5836369514144
5497.0,4494.237272062484,1002.7627279375156
839.48,748.0531601262464,91.42683987375358
750.4,2067.7543184793685,-1317.3543184793684
1297.57,1925.1759082195654,-627.6059082195654
1373.28,2930.3917444130907,-1557.1117444130907
8039.82,5976.032676140997,2063.7873238590028
835.0,4013.4304954253203,-3178.4304954253203
3065.49,1835.8974369119346,1229.5925630880652
8590.69,9214.681931580715,-623.9919315807147
3951.35,3398.567842387706,552.7821576122938
3202.37,2908.2379312101016,294.1320687898983
272.23,562.0696695641481,-289.83966956414804
2391.11,1371.9555724246552,1019.1544275753449
5525.55,5945.666494145562,-420.1164941455618
2941.65,3081.6490566339326,-139.99905663393247
687.86,923.1336545594054,-235.27365455940537
2797.9,2940.8655001003604,-142.96550010036026
1253.59,1923.12215943485,-669.53215943485
3930.29,1128.3132728867863,2801.9767271132137
1517.08,2083.174796331473,-566.0947963314729
2195.96,2325.9146805543955,-129.9546805543955
2621.15,2611.0226150166473,10.12738498335284
8174.69,4710.349128307187,3464.3408716928125
9911.79,7971.219592289107,1940.570407710894
1226.27,1458.8735516715738,-232.60355167157377
1649.35,2412.7039665646466,-763.3539665646467
1500.64,3107.3538159123755,-1606.7138159123754
1108.47,286.5952250716118,821.8747749283882
6776.4,7898.280772145813,-1121.8807721458134
1964.95,2072.2376139902476,-107.28761399024756
941.06,1163.1660697492287,-222.1060697492287
436.76,999.0869067567414,-562.3269067567414
6675.92,8423.516212789265,-1747.5962127892653
3034.9,5284.233930873714,-2249.3339308737136
953.38,1235.8110863392205,-282.43108633922054
4166.73,4971.157943123361,-804.4279431233617
1900.74,2672.814321982419,-772.0743219824192
1961.41,3714.981826886551,-1753.571826886551
405.85,40.49894388500303,365.351056114997
1740.66,3316.0798305310645,-1575.4198305310645
2074.03,3137.140307967332,-1063.1103079673317
2654.6,1726.0695263168107,928.5304736831893
2160.1,3019.184058026938,-859.0840580269382
3045.93,2670.070988288609,375.85901171139085
4716.07,4158.724108625484,557.3458913745153
1400.7,1672.3528380846856,-271.6528380846855
1616.82,1481.2875771385925,135.53242286140744
6012.6,4515.000535188618,1497.599464811382
3235.84,3520.709408888592,-284.8694088885918
3596.02,4677.723783920784,-1081.7037839207837
590.11,1425.2197336382867,-835.1097336382867
1935.58,3173.824814653168,-1238.2448146531679
7625.06,4558.96885455547,3066.0911454445304
4992.68,3718.6842356295383,1273.995764370462
1963.59,2496.3939676110385,-532.8039676110386
1565.2,3138.954079540113,-1573.754079540113
1628.32,1813.8771754302502,-185.55717543025025
413.91,2640.907677759619,-2226.9976777596194
3695.71,4188.707498075021,-492.9974980750212
1135.98,2564.1455624393625,-1428.1655624393625
1060.02,777.4223127594053,282.5976872405947
1526.74,655.701687914317,871.0383120856831
5280.31,7190.115846294117,-1909.8058462941162
1079.07,1139.395218111177,-60.32521811117704
1531.81,2027.8147862215005,-496.0047862215006
805.3,401.70043899322286,403.5995610067771
3379.84,2118.7999499160856,1261.0400500839146
445.84,2817.736613731352,-2371.896613731352
2810.84,2463.4007176026016,347.43928239739853
1177.08,605.5830264045786,571.4969735954213
15527.36,6637.6000439478885,8889.759956052112
502.17,749.482647084161,-247.31264708416103
1615.9,1835.009754994564,-219.1097549945639
890.88,2854.7892292867737,-1963.9092292867736
1658.18,1577.1694210865708,81.0105789134293
4220.48,4303.455993468114,-82.97599346811421
1030.79,1352.107557871685,-321.31755787168504
2601.76,3024.679603347968,-422.91960334796795
3678.95,2683.094624597956,995.8553754020436
1018.27,1642.4636561058303,-624.1936561058303
5644.53,8095.518026070694,-2450.988026070694
970.14,2749.527642923362,-1779.387642923362
6835.63,1241.189760865201,5594.440239134799
4022.41,5843.870226533452,-1821.4602265334524
4184.5,6472.309950454999,-2287.809950454999
380.75,248.66419553966432,132.08580446033568
465.8,1203.144510823745,-737.3445108237449
1809.69,2623.9646627158645,-814.2746627158645
5620.02,4270.162891540592,1349.8571084594087
3220.21,1566.7871119294107,1653.4228880705894
3890.72,624.7366186853368,3265.983381314663
5072.79,3816.7855999722588,1256.0044000277412
9863.93,6554.025967364084,3309.9040326359163
9675.88,7358.25796228073,2317.6220377192694
6059.41,3612.3466551341817,2447.063344865818
1804.39,2298.562135794952,-494.17213579495206
830.45,843.7317355729797,-13.281735572979642
1193.6,295.1832791405284,898.4167208594715
4088.63,2634.954222555939,1453.6757774440612
2743.94,4501.648146321356,-1757.7081463213558
2192.42,2460.908939121573,-268.4889391215729
6117.4,4242.58183039787,1874.8181696021293
295.46,1096.6924710386409,-801.2324710386408
4052.41,2391.5862266479207,1660.8237733520791
5238.48,5407.792119197745,-169.31211919774523
778.58,544.3548493115284,234.22515068847167
825.26,2151.693303196937,-1326.433303196937
4710.25,3426.76480876577,1283.4851912342301
3992.97,3095.190601469668,897.779398530332
1691.26,2889.6006090698997,-1198.3406090698998
2613.75,2385.904279274539,227.84572072546098
1145.01,686.2589075634746,458.75109243652537
2090.56,2600.953548265064,-510.39354826506406
1879.36,3387.9191951885505,-1508.5591951885506
623.5,2190.5645888838517,-1567.0645888838517
1976.98,1174.4532830389392,802.5267169610609
1349.48,1379.5664306506112,-30.08643065061119
2047.35,4693.265717855023,-2645.9157178550226
715.28,673.7773265055006,41.50267349449939
7225.54,7053.327181901269,172.21281809873108
1058.22,2592.7948261126135,-1534.5748261126134
8109.78,7733.6187804142855,376.1612195857142
1235.1,1018.657978517394,216.44202148260592
4286.83,8680.340451499265,-4393.510451499265
2899.16,3386.1107671698273,-486.9507671698275
2384.79,1899.8788816833448,484.9111183166551
11418.97,7548.463426965562,3870.5065730344377
1807.43,5706.364348823225,-3898.9343488232244
5364.13,1521.8812107947847,3842.2487892052154
1190.0,8012.60353068663,-6822.60353068663
2970.65,3842.5823697243677,-871.9323697243676
2116.53,2006.6274982523119,109.90250174768835
2583.19,4151.437892489701,-1568.247892489701
3735.74,2462.775383746721,1272.9646162532786
815.95,1427.6388855273128,-611.6888855273128
729.74,1371.0685334684977,-641.3285334684977
2777.94,2010.232654978743,767.707345021257
3143.22,3591.8948645575224,-448.6748645575226
12998.52,7646.204183966237,5352.315816033763
726.35,2600.1004258082594,-1873.7504258082595
1395.38,1254.0016883551311,141.37831164486897
2274.09,2358.5055489285637,-84.41554892856357
773.52,4487.835407130572,-3714.315407130572
2663.25,3517.686814813811,-854.436814813811
1739.02,1341.5591060004097,397.4608939995903
6498.35,4066.0750209894213,2432.274979010579
1742.23,1403.9198681314945,338.31013186850555
2025.49,3660.028647387031,-1634.538647387031
733.76,-403.4326168602247,1137.1926168602247
2023.09,2287.385776822449,-264.29577682244894
7666.62,8224.770656860124,-558.1506568601244
6304.74,6683.452876569544,-378.7128765695443
5825.19,6169.899152474172,-344.7091524741727
654.23,308.52117250651634,345.7088274934837
3467.2,2216.0695961286438,1251.130403871356
1245.55,3571.000779844276,-2325.4507798442764
1170.2,985.7804318891872,184.41956811081286
5638.4,3305.698103634075,2332.7018963659248
6823.98,6845.145160997035,-21.165160997035855
6233.45,3395.5862955051475,2837.8637044948523
4203.77,3577.6611345303563,626.1088654696441
2221.5,3142.1295896665856,-920.6295896665856
3911.96,2091.7211257105096,1820.2388742894905
2868.78,555.7255469419263,2313.0544530580737
974.63,2289.5101340435617,-1314.8801340435616
737.91,556.4700348295455,181.43996517045446
3252.41,6240.222757838823,-2987.812757838823
3738.0,1070.8820785512864,2667.117921448714
1463.43,2400.864609167068,-937.434609167068
1935.66,3020.1052377935525,-1084.4452377935525
1631.1,1461.5613068255861,169.53869317441377
794.23,3317.9751436838915,-2523.7451436838915
3114.86,1863.8568104898814,1251.0031895101188
5222.89,4039.3684974836324,1183.521502516368
1962.35,1752.1918816581829,210.15811834181704
2784.1,2363.0571628590014,421.0428371409985
4769.94,3234.7998911966656,1535.140108803334
1919.08,6072.757698885846,-4153.677698885846
9193.77,6344.296796040893,2849.473203959107
4736.71,2599.3963812016145,2137.3136187983855
338.62,843.1038061547679,-504.4838061547679
933.33,874.8873877887972,58.4426122112028
709.96,726.0497445785954,-16.0897445785954
544.88,1966.5091979607791,-1421.629197960779
4010.4,4336.586786536475,-326.1867865364752
1421.5,1215.4305910693565,206.06940893064348
1454.45,1832.17874059931,-377.72874059930996
2930.16,3038.329465993763,-108.16946599376297
2464.0,2465.4682095393114,-1.468209539311374
3162.25,4235.658342585798,-1073.408342585798
4973.87,3328.8628408821824,1645.0071591178175
1266.99,1939.2642259939262,-672.2742259939262
1575.97,3543.0570597845744,-1967.0870597845744
3620.58,4350.374325321161,-729.7943253211615
10026.1,11077.194285279562,-1051.0942852795615
3496.95,2215.8662587348563,1281.0837412651435
7472.18,5598.720846211738,1873.4591537882625
911.54,857.7950355546482,53.7449644453518
3894.3,2376.4174245358436,1517.8825754641566
1132.81,1575.4785119038995,-442.66851190389957
11453.51,10880.10102721848,573.4089727815208
1582.97,2574.673494074921,-991.7034940749211
3738.56,6412.110320272143,-2673.5503202721434
7455.82,2951.548475457892,4504.271524542108
725.3,1631.5418456681846,-906.2418456681846
1276.02,1374.9751129122212,-98.95511291222124
1463.65,2065.206698248749,-601.556698248749
1246.86,1381.5799688548498,-134.71996885484987
1915.47,1478.1987764414437,437.27122355855636
1820.58,2707.89641950858,-887.3164195085801
567.1,661.7527091115388,-94.6527091115388
3875.67,2978.7792791819984,896.8907208180017
4913.68,3809.4315808787696,1104.2484191212307
6319.97,5329.84919586697,990.1208041330301
4268.44,2817.4428522105036,1450.997147789496
1273.11,1259.0109577979672,14.099042202032706
915.11,1764.355527714943,-849.245527714943
2250.96,1809.672083420799,441.287916579201
2617.65,4120.589275133429,-1502.9392751334285
1462.12,1263.1155709761313,199.00442902386862
8332.53,2501.0303930777986,5831.499606922202
3651.33,3277.5086936627604,373.82130633723955
2929.31,1282.046830592436,1647.263169407564
6523.21,7842.709688689854,-1319.4996886898543
2322.64,2337.8609741283326,-15.220974128332728
17518.38,6756.933444051962,10761.446555948038
776.2,1132.3462029277196,-356.1462029277195
581.69,1642.4217585084546,-1060.7317585084545
2620.33,3894.3146110675643,-1273.9846110675644
3279.66,5072.664697605366,-1793.0046976053663
1432.34,3166.5388375548214,-1734.1988375548215
1927.54,3236.6188108351125,-1309.0788108351126
3159.05,2496.4447059513636,662.6052940486366
1506.78,3059.682901496072,-1552.9029014960722
1453.46,4078.8616132714424,-2625.4016132714423
5237.38,5863.945227983532,-626.5652279835322
365.3,1308.5912531075603,-943.2912531075604
6047.82,6661.086273595987,-613.2662735959875
2313.11,2122.33198995585,190.77801004415005
1747.36,1855.5702117443552,-108.21021174435532
6832.66,2722.0787206829914,4110.581279317008
4368.53,2736.7955930076796,1631.7344069923201
2815.35,1820.9202041368094,994.4297958631905
757.74,537.5410369493934,220.1989630506066
1453.67,2873.696507950032,-1420.0265079500318
581.46,52.554115071283434,528.9058849287167
2117.62,2415.606112389811,-297.9861123898113
1920.98,5229.907768203714,-3308.927768203714
1826.76,2123.41647833687,-296.6564783368701
1034.36,1773.1772541398427,-738.8172541398428
584.17,2430.9230038521882,-1846.7530038521882
1295.65,1509.5734379723192,-213.9234379723191
7745.21,6387.448332691228,1357.7616673087723
4925.05,4510.880546138425,414.16945386157477
2201.95,3765.639789829963,-1563.689789829963
7178.23,5413.1874162617605,1765.042583738239
1303.36,1368.611692218346,-65.25169221834608
1257.21,3446.298901397257,-2189.088901397257
3455.0,2745.055670023695,709.9443299763052
3894.21,2725.5598768738214,1168.6501231261786
6296.6,6298.93154127086,-2.331541270859816
2989.42,2417.60026317327,571.8197368267301
5457.66,4763.005318052841,694.6546819471587
2623.26,4914.554492654735,-2291.294492654735
3148.57,2334.8319286270403,813.7380713729599
2121.25,1939.0573612265916,182.19263877340836
2310.55,2444.8883836648615,-134.33838366486134
9716.37,9061.175001625517,655.1949983744835
5191.85,9991.530456884113,-4799.680456884113
1688.54,2429.5224195080395,-740.9824195080396
2090.02,1716.1534309941323,373.86656900586763
1455.46,965.9653478225346,489.49465217746547
997.05,2254.6251374868593,-1257.5751374868594
1202.1,235.52778778760114,966.5722122123988
3936.57,3447.5414978095123,489.02850219048787
1820.18,1349.931064693982,470.248935306018
1496.93,1617.1199866199024,-120.18998661990236
9009.57,3058.839266342607,5950.730733657392
997.6,1691.5542500607824,-693.9542500607823
5708.29,8035.277027587431,-2326.987027587431
8447.92,5452.84401394141,2995.0759860585904
1139.98,90.86130346636662,1049.1186965336333
2159.04,2061.850236195249,97.18976380475078
4880.69,1975.1206260076628,2905.5693739923368
4844.23,4779.5662810270915,64.6637189729081
893.91,2916.9938329097095,-2023.0838329097096
3773.67,268.12600820337934,3505.5439917966205
6389.2,6003.191071625743,386.00892837425727
509.97,1176.8672130721602,-666.8972130721602
896.42,1712.5863747373849,-816.1663747373849
831.9,-182.88532584306023,1014.7853258430603
677.21,2404.1482882959103,-1726.9382882959103
509.34,-195.45730950490855,704.7973095049085
629.95,943.4154411636957,-313.4654411636957
1424.13,2049.2180869272497,-625.0880869272496
1462.44,1539.4516426852383,-77.01164268523826
5192.88,4611.266643684614,581.6133563153862
1578.18,2254.7344224699377,-676.5544224699377
1949.56,3450.3335875627304,-1500.7735875627304
721.95,2880.201324541576,-2158.2513245415757
1072.31,1428.5222451706406,-356.2122451706407
1806.0,1826.4715011230428,-20.4715011230428
1097.94,2312.3860704474096,-1214.4460704474095
2187.0,5222.726758186529,-3035.726758186529
1219.89,1164.2685874086249,55.62141259137525
2968.69,3092.225417378871,-123.53541737887099
1553.78,1800.103638264789,-246.323638264789
717.2,2107.0484515093276,-1389.8484515093276
5443.89,4115.486032711214,1328.4039672887866
2151.69,1003.4263015157728,1148.2636984842272
3840.69,2758.2925250874714,1082.3974749125287
3926.72,3185.109428841639,741.6105711583609
1319.71,3617.501048460877,-2297.791048460877
17216.61,8776.433543671905,8440.176456328096
1239.17,1528.750594929462,-289.580594929462
4912.92,2998.0212318349554,1914.8987681650447
3512.34,2888.2103217731083,624.1296782268919
3877.16,5949.108767704267,-2071.948767704267
3630.77,4859.002851015574,-1228.2328510155744
4777.24,5317.24462095416,-540.0046209541606
7246.44,1712.2023780570378,5534.237621942962
3968.87,7293.798116171646,-3324.9281161716463
2150.53,4711.675899018882,-2561.1458990188817
3094.82,2515.412481763155,579.4075182368451
4527.05,6215.591100160155,-1688.541100160155
5874.21,2715.5329725605197,3158.6770274394803
3547.4,1663.148562101958,1884.251437898042
3099.34,2326.8216249563898,772.5183750436104
831.55,1145.5667033627262,-314.0167033627263
4150.65,3230.4242972628354,920.2257027371643
2775.72,2074.178479013805,701.5415209861949
882.47,1356.6505231819056,-474.1805231819055
2500.86,5292.055077973208,-2791.1950779732083
3799.04,4807.870486179208,-1008.8304861792076
1667.38,2682.330562348069,-1014.9505623480691
3740.27,5307.408879127858,-1567.1388791278582
901.06,4627.081653351876,-3726.0216533518765
1012.98,1939.2028255348332,-926.2228255348332
1038.27,770.8660728321511,267.4039271678489
3424.22,1632.0268416375131,1792.1931583624867
6301.75,6163.2222441663625,138.52775583363746
1494.14,1590.1416916442447,-96.0016916442446
1352.0,1900.030823658591,-548.0308236585911
11669.11,9374.036740761272,2295.0732592387285
1454.23,3354.449462769422,-1900.219462769422
903.55,1061.9925225444445,-158.4425225444445
769.64,2101.9494187267583,-1332.3094187267584
1160.94,-57.46844284997786,1218.408442849978
482.39,1063.1838222149977,-580.7938222149977
3407.55,6715.423340122543,-3307.8733401225427
570.12,-37.506266905616485,607.6262669056165
1586.04,3812.8888079162325,-2226.8488079162325
2831.47,1767.4438870763497,1064.02611292365
4192.21,5003.457646723825,-811.2476467238248
759.92,2193.7295511772627,-1433.8095511772626
2206.27,1278.6161358614672,927.6538641385328
1832.51,3205.680385161775,-1373.1703851617751
3049.25,2296.4071570260926,752.8428429739074
615.5,2741.6041007802514,-2126.1041007802514
2330.2,1227.1873905096136,1103.0126094903862
4324.27,2860.845647527601,1463.4243524723993
1106.85,1907.859528346658,-801.009528346658
6809.3,5212.789492578237,1596.5105074217636
2067.88,2350.5480066777395,-282.6680066777394
2563.4,3772.318838300691,-1208.9188383006908
926.72,1579.0375302887328,-652.3175302887328
1750.98,2763.5146246124714,-1012.5346246124714
1325.15,2639.0413471592924,-1313.8913471592923
5215.34,3899.5859848779583,1315.754015122042
997.45,884.1411796747736,113.3088203252264
1019.97,1201.3096828295322,-181.3396828295322
1131.66,1737.998251079633,-606.338251079633
5387.13,6586.275116409261,-1199.1451164092605
60.8,1465.0943209814334,-1404.2943209814334
10786.79,7336.065649877478,3450.724350122523
3530.97,4351.794698551854,-820.824698551854
2258.38,2054.9019759321823,203.47802406781784
3071.1,6971.76001111825,-3900.66001111825
1446.61,2691.0618108293006,-1244.4518108293007
5195.19,2646.4049106858206,2548.785089314179
4054.25,3800.001642730618,254.2483572693818
1225.16,1337.0844344418606,-111.92443444186051
555.5,-234.04020468485453,789.5402046848545
1366.87,838.7067754943896,528.1632245056103
1646.0,2183.2275290345397,-537.2275290345397
682.15,883.401039146273,-201.251039146273
635.89,1901.432769757586,-1265.542769757586
1577.35,1417.5160234537834,159.8339765462165
2024.03,4368.163107762395,-2344.1331077623954
992.1,1750.8924178701973,-758.7924178701973
1235.09,2280.064581814838,-1044.9745818148383
873.01,1306.5344575694035,-433.52445756940347
3945.56,1833.4068932691862,2112.1531067308138
549.93,1327.7788726110361,-777.8488726110362
1239.98,1997.0634512564052,-757.0834512564052
2079.74,1681.959473669958,397.78052633004177
3077.4,3014.3975527400817,63.002447259918426
579.97,770.2452986365765,-190.2752986365765
1252.5,1515.111851937092,-262.61185193709207
7541.77,3965.2507504621526,3576.519249537848
6934.83,4756.320499907588,2178.509500092412
989.81,1651.8831709943852,-662.0731709943852
923.89,1132.4052625157146,-208.51526251571465
562.7,1440.1519392860184,-877.4519392860184
2831.09,2987.6008512393455,-156.51085123934536
2430.1,4096.904021728941,-1666.8040217289413
7559.95,5893.571087510902,1666.3789124890982
4990.86,9322.432071235318,-4331.572071235319
2115.86,1586.9101189005492,528.949881099451
3590.32,4017.4583502230334,-427.1383502230333
719.3,1093.958060270566,-374.658060270566
2481.13,2468.126417026725,13.003582973275115
3448.33,2269.549269498513,1178.7807305014871
1574.34,2686.356066622716,-1112.016066622716
2296.09,4127.012982328201,-1830.9229823282012
1185.23,987.6952094199473,197.5347905800527
2871.81,1454.4960380330358,1417.3139619669641
6352.24,3057.9805510119745,3294.2594489880253
9200.5,8284.77053725598,915.7294627440206
368.87,3305.808804724671,-2936.938804724671
1745.71,2454.0992264877136,-708.3892264877136
3293.4,2914.280544745384,379.11945525461624
1596.43,852.2383247512084,744.1916752487916
1121.86,1523.326634716465,-401.466634716465
1022.27,2541.7424444429903,-1519.4724444429903
1505.87,1359.9521819010483,145.91781809895156
1227.31,2959.528911499184,-1732.2189114991838
1327.5,3595.6634852236884,-2268.1634852236884
1417.88,1822.7110448709714,-404.83104487097125
954.73,2013.7390354729018,-1059.0090354729018
1470.91,1540.829025484576,-69.91902548457597
12620.13,6365.125743218584,6255.004256781415
828.3,1304.2390526161516,-475.9390526161517
576.46,1827.503429484795,-1251.043429484795
588.34,2259.643283494192,-1671.3032834941919
1302.13,2069.7972227913942,-767.6672227913941
1352.35,1319.5020004927399,32.847999507260056
10076.2,9218.973655956808,857.2263440431925
1723.96,1864.8843405821158,-140.92434058211575
702.12,663.7565879766254,38.36341202337462
4267.2,5049.612275471334,-782.4122754713344
1879.69,1815.078243549271,64.61175645072899
1607.19,1830.719934736193,-223.5299347361929
6615.28,6765.138043433314,-149.85804343331438
1055.99,2328.8137362298335,-1272.8237362298335
2504.94,1774.1280768908364,730.8119231091637
649.93,1639.6969875852135,-989.7669875852135
801.84,2062.6008736488325,-1260.7608736488323
1943.99,1878.0560310497658,65.9339689502342
1925.94,2136.545971794888,-210.60597179488786
253.01,-280.6101861325019,533.6201861325019
747.63,678.129610132186,69.50038986781396
1352.59,2136.419444656206,-783.8294446562061
1156.03,2402.1352875373505,-1246.1052875373505
9726.36,7997.277045569453,1729.082954430548
1819.54,1945.3266568753593,-125.78665687535931
866.46,1434.791174574919,-568.331174574919
1365.65,-172.4352957410774,1538.0852957410775
2392.12,2118.651878710242,273.4681212897581
3731.03,2945.4765326597703,785.5534673402299
4686.88,5296.405316598934,-609.5253165989343
947.54,608.7084311156283,338.8315688843717
970.33,810.5959937923581,159.73400620764198
1940.17,3505.8139434150644,-1565.6439434150643
2249.7,3381.7830903205463,-1132.0830903205465
1813.36,947.0656127529778,866.2943872470221
983.48,2002.3257546157256,-1018.8457546157256
2754.17,2030.1650305795956,724.0049694204044
1898.49,2064.6316627260144,-166.14166272601437
1291.78,1831.9719275596635,-540.1919275596636
626.35,1896.6757485698313,-1270.3257485698314
1517.58,1628.044140433077,-110.46414043307709
1227.26,990.688195095519,236.57180490448104
3134.51,1653.5782938509092,1480.931706149091
610.52,1234.3515105979811,-623.8315105979812
1250.28,1724.2854297058486,-474.00542970584866
1654.46,5089.694962164787,-3435.2349621647872
2826.74,3816.5415821440793,-989.8015821440795
681.72,435.4348267760814,246.2851732239186
1224.46,1930.223084843487,-705.7630848434869
3429.46,4249.685851812844,-820.2258518128438
1226.55,3508.4549446523447,-2281.904944652345
1216.08,3064.8885824827294,-1848.8085824827294
1135.93,447.2395439347596,688.6904560652405
1108.63,473.17240732088214,635.457592679118
3545.96,1425.8233942865406,2120.136605713459
1599.25,2145.459778316696,-546.209778316696
5202.86,7159.906934457274,-1957.046934457274
7534.91,3660.9016903120055,3874.0083096879944
1118.12,1756.7987004288816,-638.6787004288817
902.6,3142.5015833816005,-2239.9015833816006
1790.94,1836.251379707236,-45.31137970723603
1255.46,1043.9317172139758,211.5282827860242
2015.41,3758.235987911231,-1742.8259879112309
1984.55,3616.8966720882763,-1632.3466720882764
1142.7,1333.9111485540886,-191.2111485540886
4192.53,4471.9122735254505,-279.3822735254507
779.31,-265.4388046797968,1044.7488046797966
10161.07,7340.434504085846,2820.6354959141536
939.19,2785.0372424010548,-1845.8472424010547
1391.49,2088.2709605887353,-696.7809605887353
780.43,500.83456940883866,279.5954305911613
631.75,3255.5216482693504,-2623.7716482693504
965.41,2510.191469475761,-1544.7814694757612
1012.81,3564.25868634926,-2551.4486863492602
1835.81,1618.2657525278196,217.54424747218036
744.83,1209.7398104755887,-464.90981047558864
908.27,886.2625609512077,22.00743904879232
2367.01,4802.686796773873,-2435.6767967738724
3304.41,4691.943266818582,-1387.533266818582
1146.48,2309.0982017074816,-1162.6182017074816
1467.38,2460.5277635795956,-993.1477635795954
8263.74,5246.60317089896,3017.1368291010394
1780.37,4156.155354482021,-2375.785354482021
2283.3,1792.5998867191684,490.70011328083183
1423.17,3548.964452662982,-2125.7944526629817
1131.0,2830.7925403014324,-1699.7925403014324
1635.22,1340.582946911348,294.637053088652
1293.05,1272.2570287094393,20.792971290560672
2561.1,2150.9321941869434,410.1678058130565
2376.16,1945.3297842157126,430.83021578428725
1306.35,589.2553603216816,717.0946396783183
16223.55,6179.2442657328975,10044.305734267102
3249.73,3276.469728068482,-26.73972806848178
761.45,2554.991241751838,-1793.541241751838
7878.64,5297.710596933244,2580.929403066756
1362.55,2804.8696190179403,-1442.3196190179403
1725.15,1705.8419351380833,19.30806486191682
3181.63,2720.3995011905213,461.23049880947883
2079.84,1238.2342633755532,841.605736624447
5885.77,2477.5135479977107,3408.2564520022897
888.83,1114.6911018977823,-225.8611018977823
2369.07,3541.752169617912,-1172.6821696179118
10338.98,6897.313014066408,3441.6669859335916
1779.42,2195.11489139431,-415.6948913943097
2695.6,6189.375412142043,-3493.7754121420435
650.01,1030.7101099413894,-380.7001099413894
1432.59,3392.768620399885,-1960.1786203998852
1639.35,3317.0573739007564,-1677.7073739007565
3908.43,3234.6101455684684,673.8198544315314
2766.77,6908.039226457609,-4141.269226457609
1010.96,402.8574470346998,608.1025529653002
2638.74,3963.7257380696146,-1324.9857380696149
3126.23,1912.5207824845788,1213.7092175154212
2815.32,4118.066392759954,-1302.7463927599542
518.56,1085.0123386356622,-566.4523386356623
2547.1,2298.077081986908,249.02291801309184
2148.47,1550.0534334649228,598.416566535077
1113.56,1631.5116962402303,-517.9516962402304
1341.59,1779.7414890013224,-438.1514890013225
1239.7,1878.8796124925475,-639.1796124925474
943.38,2999.5230454860043,-2056.143045486004
7639.62,5994.640252239456,1644.9797477605443
2100.38,3966.8275452834496,-1866.4475452834495
997.09,2829.0080642368794,-1831.9180642368792
3014.01,3861.6569668400552,-847.646966840055
2582.04,939.2080922135665,1642.8319077864335
950.75,1693.7316850017858,-742.9816850017858
899.62,2679.231379182042,-1779.6113791820421
1206.31,386.670315462385,819.6396845376149
3812.72,5609.822670822009,-1797.1026708220093
468.66,2138.538905711514,-1669.8789057115139
965.34,1926.5677465336607,-961.2277465336607
283.66,2047.2536168758138,-1763.5936168758137
1071.64,2684.981818105666,-1613.341818105666
712.97,1800.9652179289164,-1087.9952179289164
2369.51,2015.3201902413243,354.1898097586759
7402.8,2628.580244581008,4774.219755418992
1886.94,5154.098586763197,-3267.158586763197
11892.22,6376.636147090753,5515.583852909246
4510.86,1740.9586443608177,2769.901355639182
1130.3,1467.8812553295427,-337.5812553295427
2541.57,2290.1925849638465,251.3774150361537
6293.32,6022.129958328488,271.1900416715116
2060.23,3794.392357349143,-1734.162357349143
1783.08,3515.4550450118327,-1732.3750450118328
17519.14,9172.638161742187,8346.501838257813
2741.47,1651.3670349212762,1090.1029650787236
2788.99,2389.7535535096254,399.2364464903744
4228.68,3422.6921427455695,805.9878572544308
11850.88,5092.364124765517,6758.515875234482
718.69,1433.2705324619228,-714.5805324619228
902.34,1770.10427351491,-867.7642735149099
2593.71,1447.404825615353,1146.305174384647
656.81,640.713834952127,16.096165047873
9327.73,7377.739584571761,1949.9904154282385
872.8,1608.4859221596155,-735.6859221596155
1451.25,1337.4520133885458,113.79798661145423
766.19,1700.252477531866,-934.0624775318659
600.25,1153.5114352968487,-553.2614352968487
4762.7,4907.898901658609,-145.19890165860943
1977.84,2652.2154847325173,-674.3754847325174
2750.53,1902.6909763036042,847.839023696396
2147.27,995.5439028962151,1151.726097103785
1342.84,2757.347462394933,-1414.5074623949329
1829.67,2899.641197181801,-1069.971197181801
1961.55,1867.9985330181617,93.5514669818383
1075.77,2829.3609084903887,-1753.5909084903888
1797.74,2852.0569388247695,-1054.3169388247695
3535.7,4095.623148593573,-559.9231485935734
1274.38,1936.679775630685,-662.299775630685
920.21,1147.6041598900613,-227.39415989006125
2559.2,3439.3154162006244,-880.1154162006246
869.95,5257.338932648511,-4387.388932648511
748.39,1679.521570168827,-931.1315701688271
982.79,1926.59197925212,-943.80197925212
365.2,1739.5093443198316,-1374.3093443198316
5777.7,3903.035531535079,1874.664468464921
3127.27,1864.2799219228855,1262.9900780771145
6533.91,3051.675701991657,3482.2342980083426
7212.43,4426.748477953903,2785.6815220460976
1507.72,2032.9399062591733,-525.2199062591733
10192.0,9929.091069669084,262.9089303309156
4993.8,6451.837653262002,-1458.037653262002
1286.9,2265.01046142509,-978.1104614250899
3559.02,3515.15878570945,43.861214290549924
1380.47,2290.054310016127,-909.5843100161271
2680.56,2991.946124601509,-311.386124601509
882.67,1827.0366927922823,-944.3666927922824
835.47,1034.1674854725504,-198.6974854725504
2175.89,3031.5905205701624,-855.7005205701626
966.75,2370.1462084446875,-1403.3962084446875
1353.3,2172.21724650798,-818.9172465079798
6929.75,5303.185443773781,1626.5645562262189
3066.42,4556.597408042904,-1490.177408042904
2858.37,4109.8619682527915,-1251.4919682527916
1442.14,4072.8471636856284,-2630.707163685628
1988.75,2476.2550638130238,-487.50506381302375
1236.3,2303.521800608257,-1067.221800608257
554.78,1398.7181749796716,-843.9381749796717
1712.12,1675.9641854763195,36.15581452368042
11759.6,11132.526215056245,627.0737849437555
3248.11,2792.4005281849386,455.70947181506153
1806.6,368.3087479631489,1438.291252036851
2830.28,4791.923905007949,-1961.6439050079484
2863.08,1228.4516967009617,1634.6283032990382
9561.2,5380.954875680292,4180.245124319708
3144.35,1783.5429598099122,1360.8070401900877
5059.29,2604.3492286518426,2454.9407713481573
4460.07,4569.041911955277,-108.97191195527739
5154.05,2640.589796834212,2513.4602031657882
2431.57,3438.8547256757174,-1007.2847256757173
3179.23,4695.556005520074,-1516.326005520074
937.59,197.39063818474835,740.1993618152517
1775.77,2613.6042436689886,-837.8342436689886
5158.33,3368.0167663732805,1790.3132336267195
1458.51,1113.8952023873885,344.6147976126115
12227.37,5982.463083529095,6244.906916470906
1378.3,531.2589473669898,847.0410526330102
1241.57,1655.300606230384,-413.73060623038396
4241.84,1374.7233172842314,2867.1166827157685
21468.43,7880.194596634096,13588.235403365903
6868.93,8243.88056358726,-1374.9505635872592
10682.34,5053.644269384429,5628.695730615571
794.0,11685.514024846878,-10891.514024846878
3756.17,2021.7593738034284,1734.4106261965717
7786.93,5552.901759293562,2234.0282407064387
415.51,1955.1597601176272,-1539.6497601176272
16784.14,13369.115664390349,3415.0243356096507
987.62,504.62966710633543,482.9903328936646
1804.4,3272.4514976311525,-1468.0514976311524
1450.76,255.29726638876218,1195.4627336112378
829.86,1949.4038627051655,-1119.5438627051653
2811.01,4689.691871562384,-1878.681871562384
6104.8,5444.158968837671,660.6410311623295
15004.87,5541.838135740506,9463.031864259494
8485.63,6904.191733295085,1581.438266704914
4570.91,4398.066810562405,172.84318943759445
1039.75,1964.9150916593762,-925.1650916593762
4600.91,4730.474047837483,-129.56404783748349
212.46,3858.83917025941,-3646.37917025941
1231.08,2401.7584107035295,-1170.6784107035296
2037.82,2235.5054386577863,-197.68543865778634
2028.31,1728.0095845690532,300.3004154309467
2203.72,1233.4087827629517,970.3112172370481
866.57,2217.5254312189713,-1350.9554312189712
1589.33,1129.8809282400766,459.4490717599233
3667.95,3001.6486752873107,666.3013247126892
2526.61,4282.88690392629,-1756.2769039262898
3031.46,3028.967119495609,2.492880504390996
3143.75,2042.7994067886298,1100.9505932113702
8743.62,10560.010656697803,-1816.3906566978021
6820.61,4799.674582838364,2020.935417161636
3668.86,4603.327181574875,-934.4671815748748
744.62,65.90781054937003,678.7121894506299
767.09,1581.845219444062,-814.7552194440619
1451.05,416.4020098573859,1034.6479901426142
2026.02,729.2833988565103,1296.7366011434897
1848.2,701.2635331799297,1146.9364668200703
4148.61,4445.538933808704,-296.92893380870464
1087.54,2691.583252099948,-1604.043252099948
3321.69,2633.501070302831,688.188929697169
1201.32,3339.298523500075,-2137.9785235000754
2329.36,3461.057697329913,-1131.697697329913
1636.57,1505.0258594566765,131.54414054332346
6261.72,3806.084448860206,2455.635551139794
2352.75,2686.256994969138,-333.50699496913785
3369.7,2244.487594020923,1125.2124059790767
1086.04,1015.5902341329843,70.44976586701569
2340.65,4239.83695749638,-1899.1869574963798
1018.37,2491.1461232148563,-1472.7761232148564
3591.98,1205.0296717208128,2386.9503282791875
8677.65,7354.30523180325,1323.34476819675
2483.04,2029.6764353203944,453.3635646796056
950.03,2709.853356540384,-1759.823356540384
1587.06,776.4083339858826,810.6516660141174
2080.58,1370.2672730993177,710.3127269006823
4276.69,2927.635216323105,1349.0547836768947
995.13,789.1175692202958,206.01243077970423
3298.92,5209.7960639856565,-1910.8760639856564
11755.54,8218.261366574316,3537.2786334256853
9853.42,4161.4579312444675,5691.9620687555325
2955.46,1191.7539706069726,1763.7060293930274
2414.98,2953.4190103323012,-538.4390103323012
621.34,57.20666164022185,564.1333383597782
2750.69,3040.2163547234077,-289.5263547234076
1129.95,1457.56750872426,-327.61750872426
1186.39,1901.0604809421793,-714.6704809421792
1639.64,2668.9915958941615,-1029.3515958941614
7650.06,9426.48400581636,-1776.4240058163605
4040.24,3276.6932754522586,763.5467245477412
3120.59,2941.3586426430543,179.23135735694586
1896.38,2126.020047423774,-229.64004742377392
1505.39,1952.9011976250936,-447.5111976250935
927.59,1914.6937749406216,-987.1037749406215
1639.96,3211.749367218351,-1571.789367218351
2049.44,4081.914618275012,-2032.4746182750118
4217.24,3229.2904093541965,987.9495906458033
6489.88,6136.708901148053,353.17109885194714
5240.33,5236.158344674843,4.1716553251571895
3436.13,3728.2305296043896,-292.1005296043895
678.29,3768.4121354176723,-3090.1221354176723
1543.2,2705.397655629316,-1162.197655629316
5647.82,4733.221926493994,914.5980735060057
1483.08,1851.6111634888134,-368.5311634888135
3428.21,3917.8601274896837,-489.65012748968365
1015.16,3875.6081440980806,-2860.448144098081
925.56,1247.5315750307348,-321.9715750307348
8686.41,7654.133515378193,1032.276484621807
5394.09,6111.7293708747975,-717.6393708747974
10570.38,7989.4438004626745,2580.9361995373247
6086.21,2275.120795006619,3811.089204993381
1236.23,1216.0934160777203,20.13658392227967
952.52,4054.5324090609893,-3102.0124090609893
644.6,3342.9104365454536,-2698.3104365454537
1736.68,1166.3545256465932,570.3254743534069
2163.13,428.09814711148226,1735.0318528885177
744.56,1037.4911566849257,-292.9311566849258
708.74,721.3313562757744,-12.591356275774388
9564.6,7947.383791866149,1617.216208133851
2008.18,3218.769093866043,-1210.589093866043
2150.35,2332.526218696499,-182.1762186964993
7386.44,6645.37285860919,741.0671413908094
816.56,1484.4942174554649,-667.9342174554649
5246.67,3964.1383875455067,1282.5316124544934
2090.07,649.1538867742024,1440.9161132257977
2462.76,544.3651368125944,1918.394863187406
2931.11,4620.93312975401,-1689.82312975401
5906.43,2504.870373239746,3401.559626760254
2124.53,1973.9641481613708,150.56585183862944
2879.51,2316.2685722755878,563.2414277244125
1817.53,909.9201768076807,907.6098231923193
1361.25,406.6051944037753,954.6448055962247
6674.52,2634.0076161865745,4040.512383813426
2825.41,2473.222882336124,352.18711766387605
3405.85,2571.723947314539,834.1260526854608
2416.86,1341.9324933328976,1074.9275066671025
3695.2,3872.234748315499,-177.0347483154992
1253.88,1954.6513215032141,-700.771321503214
2724.76,3088.6866072263088,-363.92660722630853
3596.38,1293.2462714164537,2303.133728583546
801.42,1423.522992649458,-622.1029926494581
766.59,652.9335391140595,113.65646088594053
1031.62,2182.1132997882296,-1150.4932997882297
1413.43,1846.4014647705467,-432.9714647705466
4789.44,2552.939406493757,2236.5005935062427
728.79,643.3404660947257,85.44953390527428
2151.82,3127.8339119644243,-976.0139119644241
2502.29,2085.6949500609467,416.5950499390533
1205.35,1642.2819191601004,-436.9319191601005
607.96,1301.164494972687,-693.2044949726869
4050.24,3091.484511501682,958.7554884983178
4520.87,2871.7768030907355,1649.0931969092644
2908.89,615.2858773955626,2293.604122604437
2925.15,3775.1480425214277,-849.9980425214276
4570.03,2012.7904150049785,2557.2395849950212
798.72,-179.91740945370861,978.6374094537086
1894.02,3651.176646161327,-1757.156646161327
1871.06,2338.454480423866,-467.39448042386584
1266.78,3106.61149327689,-1839.8314932768901
1855.22,1374.11452138843,481.1054786115701
12110.8,8750.537268137516,3360.2627318624836
2219.14,2587.210962525592,-368.0709625255922
2655.35,5895.958589097273,-3240.608589097273
1299.83,3350.8567453064993,-2051.0267453064994
812.98,2431.2266919370495,-1618.2466919370495
518.72,1132.5038331844314,-613.7838331844314
533.78,2023.9098012303548,-1490.1298012303548
1907.9,1393.2170391777083,514.6829608222918
795.93,1794.8948208605511,-998.9648208605512
7211.89,4611.588356882855,2600.3016431171454
1279.55,3583.0975773158984,-2303.5475773158987
837.85,1571.854128787577,-734.0041287875771
4791.76,3061.2634380346194,1730.4965619653808
3274.5,3359.974929005039,-85.47492900503903
2552.89,3712.4998437185436,-1159.6098437185437
1769.37,2230.082332083078,-460.7123320830783
3337.76,4390.102623007314,-1052.3426230073137
1058.7,950.4868142781797,108.21318572182031
6440.81,5371.9444574206445,1068.8655425793559
2530.95,5216.177941327375,-2685.2279413273754
7249.49,5626.906606880475,1622.5833931195248
834.39,1370.7371104543524,-536.3471104543524
2066.96,4319.112394999332,-2252.1523949993316
1504.09,1670.524957029706,-166.43495702970608
4604.45,7326.543253730675,-2722.0932537306753
1988.2,921.8988764589078,1066.3011235410922
569.95,1901.4563937661433,-1331.5063937661432
757.92,2224.9794554652312,-1467.0594554652312
8982.54,7849.4141314280705,1133.1258685719304
2748.18,3991.7767916441135,-1243.5967916441136
9055.05,12080.244112002914,-3025.194112002915
1584.15,1058.7537532002762,525.3962467997239
2944.16,1214.6287648879966,1729.5312351120033
5794.93,6560.751256407797,-765.8212564077967
5694.86,3278.381723002585,2416.4782769974145
3383.37,6914.1380947855205,-3530.7680947855206
1455.7,3114.2507300722964,-1658.5507300722963
4442.84,5776.27179671846,-1333.4317967184597
6893.51,6176.843667893341,716.666332106659
1298.01,2193.422430611305,-895.4124306113051
579.48,1398.3765890811724,-818.8965890811724
3254.75,2057.716567787447,1197.0334322125532
3002.83,2687.4720745225345,315.3579254774654
1990.91,2002.7150532528194,-11.805053252819334
6268.55,4475.083920774593,1793.4660792254072
4874.66,2193.2404242004513,2681.4195757995485
1869.95,1639.5420887963396,230.40791120366043
1182.77,2240.151430964463,-1057.381430964463
3001.42,3563.009548110015,-561.5895481100151
1205.41,1878.3770734280151,-672.967073428015
7822.47,7327.435345125908,495.03465487409267
589.36,2650.887478611749,-2061.527478611749
5554.86,3364.6026831780027,2190.257316821997
693.3,1482.8849564436728,-789.5849564436728
3182.37,3805.2209674980368,-622.8509674980369
2134.26,1904.0607133534886,230.1992866465116
1818.17,2084.2665241401296,-266.09652414012953
6170.42,1544.7310410459045,4625.688958954095
2445.43,896.0036687151569,1549.426331284843
1525.03,2465.3582722545907,-940.3282722545907
1604.59,3214.4649245178944,-1609.8749245178944
7891.27,6178.832343541472,1712.4376564585282
6727.05,3635.99963630806,3091.05036369194
3961.31,1038.8967390774812,2922.413260922519
5501.88,3215.752322557745,2286.127677442255
2390.47,2812.98738472198,-422.5173847219803
728.49,1613.903799238086,-885.4137992380861
1609.34,2189.265840414245,-579.9258404142449
2468.87,3796.086477447975,-1327.2164774479752
1071.9,2153.3312683223057,-1081.4312683223056
1509.51,3140.607979625981,-1631.097979625981
4131.49,2863.2286902864175,1268.2613097135822
4208.58,4136.615843835552,71.96415616444756
3001.36,3715.3974721435825,-714.0374721435824
1331.52,1416.4065560176523,-84.88655601765231
2895.42,2901.408550974366,-5.988550974365808
968.63,1764.5302440587607,-795.9002440587607
716.26,1034.3921331008924,-318.13213310089236
5587.26,2444.9278003291274,3142.332199670873
1512.25,1791.3017766177118,-279.05177661771177
1562.48,2633.9466643274914,-1071.4666643274913
9965.2,6946.617145590642,3018.5828544093583
1918.81,2208.751820649054,-289.9418206490541
2300.28,2205.274048998077,95.00595100192322
4118.29,2231.2669818240306,1887.0230181759694
2668.42,2894.2342717512574,-225.81427175125737
6629.0,7285.811312839823,-656.8113128398227
1043.78,1072.7250908143792,-28.945090814379228
2011.24,996.4220749688038,1014.8179250311962
5547.29,7983.122220781902,-2435.832220781902
2458.74,2402.597345144027,56.14265485597298
3140.33,3396.203970529093,-255.87397052909319
16759.47,11642.476878363723,5116.993121636278
1826.7,2242.2419130169365,-415.5419130169364
1641.69,2158.4007821215914,-516.7107821215914
2587.25,1763.0197714732558,824.2302285267442
3589.36,4380.396471124077,-791.0364711240768
1067.12,966.6365641083883,100.48343589161163
3486.32,3870.598761213104,-384.27876121310373
1498.81,800.3062290349199,698.5037709650801
1808.15,1436.7012033850967,371.44879661490336
6322.07,2118.292163047694,4203.777836952306
775.88,3820.816049047193,-3044.9360490471927
3632.81,3988.5131385249942,-355.7031385249943
1572.16,3837.7680891315213,-2265.6080891315214
717.2,1691.8805121301461,-974.6805121301461
630.39,2333.1670817526965,-1702.7770817526966
4508.11,801.6638966712694,3706.4461033287303
1233.87,1179.5827710390904,54.28722896090949
1500.54,1670.3424823693008,-169.80248236930083
5838.86,5548.55765836888,290.3023416311198
1585.94,3975.738618339544,-2389.7986183395437
7229.57,5594.245411376677,1635.3245886233226
1520.48,3631.7357763210885,-2111.2557763210884
1393.35,839.053091218341,554.2969087816589
3141.48,5064.287397726764,-1922.8073977267636
3321.42,4173.18842888731,-851.7684288873097
6348.02,5493.350997418292,854.6690025817088
4741.25,5814.486463926487,-1073.236463926487
1497.14,2901.6540055565783,-1404.5140055565782
1532.39,436.4671995851463,1095.9228004148538
2755.95,1330.5717818121202,1425.3782181878796
654.82,1691.8630863780065,-1037.0430863780066
3999.3,3846.9320051259147,152.36799487408553
2218.6,1823.6461164093553,394.95388359064464
3758.69,4554.011919552913,-795.3219195529132
1375.34,2392.2262470405235,-1016.8862470405236
9523.22,8562.834705021916,960.385294978083
601.91,1099.4438139757995,-497.5338139757995
7095.41,5415.4891153164845,1679.9208846835154
4542.84,3593.179362706118,949.6606372938822
889.98,1352.3448578513166,-462.36485785131663
709.73,2654.1516856543826,-1944.4216856543826
2035.96,1048.061867621924,987.8981323780761
3138.2,2739.9936634952287,398.2063365047711
1782.56,1154.0358709275606,628.5241290724393
656.97,2473.0631046936214,-1816.0931046936214
4270.4,2784.163728907971,1486.2362710920288
6649.57,3631.4180692680084,3018.1519307319913
675.57,1162.8315391224799,-487.2615391224798
8588.82,5747.48667987272,2841.33332012728
6050.31,5730.130098554158,320.179901445842
1478.99,1826.726076140344,-347.73607614034404
6262.15,7114.618521122847,-852.468521122847
2232.11,1299.3247233576835,932.7852766423166
985.47,1308.4628726637407,-322.9928726637406
4153.89,4824.6016328967835,-670.7116328967832
10801.72,4230.126942936492,6571.593057063507
1264.44,635.7454563349182,628.6945436650818
9015.27,4879.972507634319,4135.297492365681
6311.63,8180.988789324029,-1869.3587893240292
1038.19,2512.025388349216,-1473.835388349216
780.85,1609.5794512020311,-828.7294512020311
2098.4,2236.52374990872,-138.12374990872013
3305.5,3744.095730781222,-438.59573078122185
2841.0,2792.392989956347,48.60701004365319
752.12,542.4904210932268,209.6295789067732
1997.18,1791.1495520234148,206.03044797658526
1112.78,3571.3379720041166,-2458.557972004117
233.33,1734.8487132061027,-1501.5187132061028
1068.48,1249.3844137870335,-180.9044137870335
4754.8,4221.142282818129,533.6577171818708
903.33,1240.3782765477754,-337.04827654777534
668.96,128.5174468574299,540.4425531425702
3170.44,4063.4314385099506,-892.9914385099505
2161.37,1925.324702056777,236.04529794322298
9819.92,6163.818035227649,3656.1019647723515
784.34,120.08089127923807,664.259108720762
3274.01,2352.9969291803754,921.0130708196248
4384.35,6128.209540023916,-1743.8595400239155
2005.35,2886.132124304893,-880.7821243048929
1092.06,2955.952971817312,-1863.8929718173122
690.73,2571.153084542486,-1880.4230845424859
6999.9,10027.81061209322,-3027.910612093221
4146.32,2680.3542985946883,1465.9657014053114
1232.13,4325.939220060643,-3093.8092200606425
2717.3,3671.381923881494,-954.0819238814938
2907.97,2508.8141450232606,399.1558549767392
2058.09,1743.598852791532,314.4911472084682
2081.73,3032.8471199238684,-951.1171199238684
2418.88,2773.1162892399925,-354.2362892399924
399.93,2572.897715222075,-2172.967715222075
3755.86,4880.414859591481,-1124.554859591481
4456.38,2827.4934623331505,1628.8865376668496
2998.13,3676.4548755844935,-678.3248755844934
1522.73,1660.290509430075,-137.56050943007494
3107.71,4309.922173580547,-1202.2121735805467
551.28,1311.6986824952755,-760.4186824952756
732.66,835.5843378262264,-102.9243378262264
1452.07,1683.5721653364171,-231.5021653364172
4965.05,2184.82609399952,2780.2239060004804
3131.19,2939.8658652184554,191.32413478154467
2756.5,1751.8295630383732,1004.6704369616268
2030.17,3148.3928799964697,-1118.2228799964696
2635.79,2805.7581893903302,-169.96818939033028
4276.33,3213.1437429450234,1063.1862570549765
1509.78,2484.9584220900106,-975.1784220900106
4477.63,5459.165651146989,-981.535651146989
6345.89,4164.592639899109,2181.2973601008916
2929.35,2462.4308462533177,466.91915374668224
2605.14,3598.2315418456496,-993.0915418456498
3015.55,4016.7324654019603,-1001.1824654019601
841.2,4244.3086267949875,-3403.1086267949877
6463.33,9883.993670654992,-3420.6636706549925
580.0,5716.964712563574,-5136.964712563574
1080.6,1179.0270166822745,-98.4270166822746
4543.94,3024.639378910009,1519.3006210899907
6254.35,3992.6742484337137,2261.6757515662866
860.91,543.9889901769805,316.9210098230195
2540.11,3070.7528085946064,-530.6428085946063
1409.18,1861.1019011874987,-451.92190118749863
1544.58,1965.218981148906,-420.63898114890617
1611.09,3924.6917235005303,-2313.60172350053
3310.62,732.4261072070067,2578.193892792993
1943.81,3013.3524983237317,-1069.5424983237317
801.2,3156.374357287832,-2355.174357287832
2089.34,3602.7677960525943,-1513.4277960525942
3914.19,2386.9276815138587,1527.2623184861413
1589.56,2350.6071242750113,-761.0471242750114
2168.42,1061.374838295024,1107.0451617049762
1292.2,1553.1986420739242,-260.9986420739242
2477.15,3662.064828615036,-1184.9148286150357
7731.65,6530.169964192683,1201.4800358073162
3482.48,2488.5466608723173,993.9333391276828
2975.6,4247.271124870222,-1271.6711248702218
447.82,49.911090552544124,397.90890944745587
1692.82,1102.045460268865,590.7745397311348
2608.51,3261.540640520133,-653.0306405201327
1452.85,3778.657838059461,-2325.807838059461
1399.76,1638.0707561148038,-238.31075611480378
2422.52,2638.2810570294823,-215.76105702948234
292.99,-401.83922118602555,694.8292211860255
799.91,1945.9078553826416,-1145.9978553826418
2217.51,3208.3280966136695,-990.8180966136692
4491.79,3679.9124259414275,811.8775740585725
1000.48,1430.3200061173404,-429.8400061173404
749.79,2411.88885617363,-1662.0988561736299
3264.65,2276.504105704187,988.1458942958129
4217.46,2983.163363225704,1234.296636774296
999.11,-153.2271608873778,1152.3371608873779
957.16,2362.281583902957,-1405.1215839029574
1199.06,2297.328243605364,-1098.2682436053642
7758.4,9911.243498479835,-2152.843498479835
11967.36,7977.713951933666,3989.6460480663345
2599.02,3227.240346437832,-628.2203464378322
4638.59,4940.033373958203,-301.44337395820276
2472.74,1052.8794217045418,1419.860578295458
1487.93,3226.612237667962,-1738.6822376679618
6397.73,4497.482361430923,1900.2476385690761
2277.44,5309.035883081559,-3031.5958830815594
1823.49,1994.085993041299,-170.59599304129893
2710.85,1225.4916550829107,1485.3583449170892
2531.19,1270.464826010067,1260.725173989933
6297.88,6435.9404995561545,-138.06049955615435
16352.5,7533.4409499397025,8819.059050060298
2696.71,2360.825349240773,335.88465075922704
1508.16,2869.2869523616364,-1361.1269523616363
751.65,854.8962581336061,-103.24625813360615
12110.34,8809.94736647989,3300.3926335201104
816.48,1050.1661170551204,-233.68611705512035
1175.61,4129.49220014964,-2953.88220014964
2255.17,1192.9943024513418,1062.1756975486583
14618.33,8397.24972581205,6221.080274187951
2284.87,3142.7637446625713,-857.8937446625714
707.45,2147.064789196519,-1439.614789196519
1472.77,2880.003467718096,-1407.233467718096
2270.94,2791.2917457360772,-520.3517457360772
5807.81,2308.787173786286,3499.0228262137143
5076.61,6078.963961064222,-1002.353961064222
2380.84,1694.4631447646736,686.3768552353265
1603.23,1605.6034249947263,-2.3734249947262924
5187.87,3966.65986578929,1221.2101342107098
1824.39,1464.7792610950762,359.6107389049239
1224.76,1226.5808220449771,-1.8208220449771488
2556.96,4678.516548789655,-2121.5565487896547
1578.16,4027.049027730013,-2448.8890277300134
2760.87,3901.050557116904,-1140.1805571169043
4240.81,3951.471393266488,289.3386067335123
10946.24,2991.019634734723,7955.220365265277
2063.48,561.4140689346909,1502.065931065309
1443.26,3267.921315770061,-1824.661315770061
506.62,1536.169587221544,-1029.5495872215438
4823.55,3882.993447645026,940.556552354974
5271.33,4780.7747001900425,490.55529980995743
2827.72,3605.966764765101,-778.246764765101
4825.14,1864.4190145857228,2960.7209854142775
5160.43,4576.851752934476,583.578247065524
5458.22,6568.667383076846,-1110.4473830768457
2692.31,2249.4909886139244,442.81901138607554
4842.2,3730.6891169102623,1111.5108830897375
888.6,927.9172749180291,-39.31727491802906
1075.46,1528.2562197035545,-452.79621970355447
1160.7,3494.5548770625105,-2333.8548770625102
1439.54,4942.556104882055,-3503.0161048820546
596.44,952.5665745168158,-356.1265745168157
4098.73,5011.691858909054,-912.9618589090542
5146.56,6397.3914062250615,-1250.831406225061
3616.59,3538.411175887297,78.1788241127033
2694.18,2319.7011562781527,374.47884372184717
1148.74,770.5809397007013,378.15906029929874
4190.79,1077.2253591949318,3113.564640805068
4130.97,3316.5296632598233,814.4403367401769
1665.1,2063.5786700485382,-398.47867004853833
5473.76,6937.365332310036,-1463.605332310036
2977.43,2965.871835335968,11.558164664031665
7033.83,3915.6667316280264,3118.1632683719736
3377.53,695.5704213034943,2681.959578696506
2502.87,3949.886418888358,-1447.0164188883582
2908.46,7694.824215190028,-4786.364215190028
3581.49,2782.0136383742147,799.4763616257851
1977.72,1032.2110668021426,945.5089331978575
6731.63,5486.243569542952,1245.386430457048
1907.15,3708.2415412555924,-1801.0915412555923
662.19,678.7249733733325,-16.53497337333249
4551.12,7339.803143849782,-2788.683143849782
4655.7,2278.31106635008,2377.3889336499196
1930.58,1950.535392322527,-19.955392322527132
6024.25,5969.647257637105,54.60274236289479
3280.76,3028.946009429129,251.81399057087128
3895.79,3327.935263222432,567.8547367775682
2308.86,3913.0837589527528,-1604.2237589527526
833.47,1439.2468982163318,-605.7768982163318
1555.25,3364.925790858618,-1809.6757908586178
660.02,1032.3884901399554,-372.3684901399554
1424.54,2069.355613368435,-644.8156133684352
1550.07,3970.7921623260863,-2420.7221623260866
5543.08,2657.8586837889775,2885.2213162110224
1586.36,826.5183691826151,759.8416308173848
2333.99,3272.211471322709,-938.221471322709
2445.21,4640.401979874538,-2195.1919798745375
826.99,-252.97795258719026,1079.9679525871902
14395.73,10608.029456041932,3787.700543958068
2726.8,1485.3649469698967,1241.4350530301035
9190.75,7191.083981162685,1999.6660188373153
1460.7,1443.278122849627,17.42187715037312
3594.16,1675.9234282710402,1918.2365717289597
9380.26,5865.0926755016535,3515.1673244983467
2324.04,2537.805694498216,-213.7656944982159
2086.56,3513.0045900111145,-1426.4445900111145
5948.65,5973.963128396896,-25.31312839689599
1130.56,493.6232145093727,636.9367854906272
2932.34,3512.7759023207586,-580.4359023207585
3901.74,2705.3761841397686,1196.3638158602312
3237.86,3302.87606683714,-65.01606683713999
5418.97,4248.230109906216,1170.7398900937842
4863.98,4390.537875230173,473.4421247698265
492.94,586.5313485584682,-93.59134855846816
3017.91,2121.538203670139,896.3717963298609
1167.98,2211.943168744515,-1043.9631687445149
1730.99,2109.753728984847,-378.7637289848469
9203.54,5901.950971338211,3301.5890286617896
4362.31,2250.2780413070186,2112.031958692982
5039.77,3674.220627422476,1365.5493725775245
1450.66,2220.907016288161,-770.2470162881607
2924.95,4756.1614024313385,-1831.2114024313387
1474.06,1369.560680713513,104.49931928648698
2443.1,2435.8483897416554,7.251610258344499
1369.3,1975.0621310286901,-605.7621310286902
792.98,1915.7871267073797,-1122.8071267073797
3744.45,5862.84605031907,-2118.39605031907
9385.31,7063.500545116664,2321.809454883335
847.84,2072.221182064167,-1224.3811820641668
2802.6,3657.992949057727,-855.392949057727
6011.02,8108.461688572424,-2097.441688572423
623.86,1720.689340913103,-1096.829340913103
2098.65,3681.824394922088,-1583.1743949220877
3335.67,3645.2111244163834,-309.54112441638335
2656.89,2042.661364097752,614.2286359022478
4774.86,7047.2745062816275,-2272.414506281628
3490.99,2080.284638899412,1410.7053611005877
687.0,2205.514110749642,-1518.514110749642
1610.3,2192.9463868439666,-582.6463868439666
611.83,1714.1178718568733,-1102.2878718568732
2369.17,3761.1575143766386,-1391.9875143766385
647.47,969.356111318393,-321.886111318393
756.09,1773.590640597401,-1017.500640597401
1122.02,1394.917305225363,-272.89730522536297
1950.88,615.7634782779771,1335.116521722023
1012.05,1213.0621839901057,-201.01218399010577
3623.71,3620.090649765154,3.6193502348460243
1057.56,3024.399474730802,-1966.839474730802
445.08,3177.2175693357617,-2732.137569335762
14421.77,3643.1358663886326,10778.634133611367
2486.26,4712.921605158901,-2226.661605158901
1842.62,3951.8653932800635,-2109.2453932800636
4698.64,2875.319941081214,1823.3200589187863
3648.84,1326.755782229364,2322.0842177706363
941.33,1270.2001105032687,-328.8701105032686
2591.36,5608.487115007386,-3017.127115007386
7794.91,7157.98390319944,636.9260968005601
1139.53,1367.1610158625074,-227.6310158625074
10476.73,5526.769399362254,4949.960600637745
6661.02,3174.605861482435,3486.4141385175653
1075.81,59.609648523808346,1016.2003514761916
6752.51,9716.943476843913,-2964.433476843913
3475.82,2223.007540078341,1252.812459921659
1979.9,1758.05572004826,221.8442799517402
4267.45,1278.897730476452,2988.5522695235477
4161.84,4276.276970817838,-114.4369708178383
4598.01,4082.9701742373145,515.0398257626857
2602.99,2489.8923503068504,113.09764969314938
3885.02,2670.3038809872173,1214.7161190127827
886.07,2373.1856088019586,-1487.1156088019584
892.31,1084.9764529819622,-192.66645298196227
2967.48,2031.8502199750433,935.6297800249567
1924.29,1049.3340799164132,874.9559200835868
3976.65,5652.378699389654,-1675.7286993896537
5228.94,4634.5620506469,594.3779493530992
1923.5,2936.242127005816,-1012.7421270058162
3008.86,5200.77834786843,-2191.9183478684295
789.47,1729.732670174729,-940.262670174729
906.93,2404.0700526943297,-1497.1400526943298
2062.93,1470.6726980674175,592.2573019325823
5000.27,6492.3224493408,-1492.0524493407993
9382.66,7451.670976891175,1930.9890231088248
3761.4,5543.893329626475,-1782.4933296264749
1865.41,1413.6747073919082,451.73529260809187
6474.83,6783.907973264606,-309.07797326460604
4572.39,2561.7334029088147,2010.6565970911856
2118.69,1966.2086949434083,152.48130505659174
1834.13,2458.950016268981,-624.8200162689809
1817.84,2616.15527486733,-798.3152748673299
1965.31,4596.656701755107,-2631.346701755107
338.71,2212.608827745101,-1873.8988277451008
5365.55,4937.294548104108,428.2554518958923
1311.68,2163.728980992561,-852.0489809925609
1110.04,1719.2021080512875,-609.1621080512875
5354.68,5883.8390130985745,-529.1590130985742
663.29,4460.011754902421,-3796.721754902421
7656.82,3890.1646805243827,3766.655319475617
2802.23,4927.928854557254,-2125.6988545572544
2273.01,2340.000513729293,-66.99051372929262
1052.69,1397.6039776075402,-344.9139776075401
1107.78,1369.1278454351063,-261.34784543510636
623.81,420.8167626636937,202.99323733630627
6423.27,1060.0974297762934,5363.172570223707
11750.32,6402.245498766591,5348.074501233409
875.67,1042.3110567971326,-166.6410567971326
2344.87,2183.3769977289426,161.49300227105732
597.98,2534.324319821168,-1936.344319821168
4772.94,3064.4148074334266,1708.525192566573
1075.19,2820.8374136289276,-1745.6474136289276
1139.43,878.0595647205369,261.3704352794632
6703.32,4766.596420761374,1936.7235792386255
2511.4,1614.1662807188081,897.233719281192
4500.83,2018.0718200039637,2482.7581799960362
7118.87,3564.559508126318,3554.3104918736817
2373.25,2924.860311421912,-551.6103114219118
1539.46,1558.6104313309634,-19.15043133096333
1326.48,2809.5107335630396,-1483.0307335630396
881.42,316.0647312011072,565.3552687988928
199.83,220.90686854160413,-21.076868541604114
735.22,1872.0331830842174,-1136.8131830842174
2236.93,5374.184403981072,-3137.2544039810723
2696.74,1439.8117575623176,1256.9282424376822
1576.75,1891.6133541051868,-314.8633541051868
1532.6,3194.6703863328084,-1662.0703863328085
1425.97,2331.320478273584,-905.3504782735838
2002.35,2229.418693395764,-227.06869339576406
6791.73,5007.4272951534085,1784.302704846591
11319.87,5163.4398795709285,6156.430120429072
2132.94,3937.8270097772365,-1804.8870097772365
620.18,1318.4160027983653,-698.2360027983653
828.53,608.9972842223475,219.53271577765247
2534.95,2201.922293255375,333.027706744625
2432.24,3307.9994775516548,-875.759477551655
1719.95,4137.475129307339,-2417.525129307339
1963.21,2662.3024617127367,-699.0924617127366
2536.04,2686.872432199221,-150.83243219922088
1588.16,2789.3633077037634,-1201.2033077037634
1776.19,1908.0682715334638,-131.8782715334637
3784.37,4661.841604997683,-877.4716049976832
3604.61,2493.262682309992,1111.347317690008
1156.95,3703.853047015013,-2546.903047015013
1355.06,1721.1745046170302,-366.1145046170302
5889.4,5242.908194174735,646.4918058252642
2634.88,864.0896936087122,1770.790306391288
1032.12,1503.6880171163052,-471.5680171163053
1001.07,1830.4995911752308,-829.4295911752307
2856.63,2703.0564159428095,153.5735840571906
1665.2,3311.125608388109,-1645.925608388109
4361.23,5019.5690971350205,-658.3390971350209
1146.92,686.9324098874241,459.98759011257596
138.45,194.63346738350492,-56.18346738350493
4277.12,4428.379773998678,-151.2597739986777
2228.91,2116.916116006013,111.99388399398686
2175.22,2189.1842081216873,-13.964208121687534
2702.66,2987.4944568032247,-284.83445680322484
2913.64,1998.445519033091,915.1944809669089
1666.33,3670.0036385563535,-2003.6736385563536
3613.73,3838.1941756129327,-224.46417561293265
1332.83,1399.184329957754,-66.35432995775409
1035.8,1180.2933171983923,-144.49331719839233
750.0,1452.9219463161062,-702.9219463161062
8339.55,4581.340422703474,3758.209577296525
2651.03,2866.6797483859673,-215.6497483859671
10954.2,5068.166379016655,5886.033620983346
2680.97,6512.014526639578,-3831.0445266395786
3567.01,3562.6857558317006,4.324244168299629
1757.27,3583.8077379239394,-1826.5377379239394
4444.89,2677.3634424840466,1767.5265575159538
2297.87,4384.161666832546,-2086.291666832546
1316.22,1890.8582748775439,-574.6382748775438
603.0,1314.8606640213904,-711.8606640213904
9017.68,6254.2094643278215,2763.470535672179
2285.1,1410.0614797150404,875.0385202849595
1124.53,1632.410467790209,-507.88046779020897
3300.84,4279.693699960075,-978.8536999600747
1143.66,883.9379631386357,259.72203686136436
1431.82,1226.2692395056417,205.5507604943582
6230.88,8983.300060969465,-2752.4200609694644
711.8,1424.6374623329616,-712.8374623329616
2251.37,5671.107646552969,-3419.7376465529687
1685.07,2269.926562240249,-584.8565622402491
1869.6,1563.2372598146405,306.36274018535937
873.72,631.6502741466254,242.06972585337462
5585.38,6299.008281362081,-713.628281362081
371.52,2072.2490684671075,-1700.7290684671075
8943.56,8401.23007159349,542.3299284065088
10336.39,4704.002781676279,5632.387218323721
1224.75,1318.1699713119028,-93.41997131190283
1790.0,1777.333770858902,12.666229141098029
1977.76,2306.5505717460587,-328.79057174605873
3786.7,7905.369069959238,-4118.669069959238
8975.4,6467.73972824083,2507.6602717591695
4584.19,3880.793415943078,703.3965840569217
857.45,2102.9113451897656,-1245.4613451897656
2936.9,2586.4214585005625,350.4785414994376
3989.44,3410.7428446711265,578.6971553288736
8403.99,6445.058251698554,1958.9317483014456
13055.04,7111.461289975533,5943.578710024468
2229.26,3612.3877771661537,-1383.1277771661535
2093.32,1449.5674762519034,643.7525237480968
1392.34,1290.4644857845599,101.87551421544003
2200.43,2341.9168490517,-141.48684905170012
870.54,940.0990057242964,-69.55900572429641
2277.63,2230.344647614449,47.28535238555105
2200.56,916.4527706827212,1284.1072293172788
870.65,1970.7311925027261,-1100.081192502726
353.58,1039.885869634575,-686.3058696345752
5918.0,3618.4747634015876,2299.5252365984124
987.7,1423.1386312888558,-435.43863128885573
3160.13,3287.552286156094,-127.42228615609383
8116.15,8386.441566775018,-270.2915667750185
3118.12,2478.461141847978,639.6588581520218
1627.1,1436.5576847985606,190.54231520143935
4048.41,5666.596851212602,-1618.186851212602
6397.55,3899.787675516639,2497.762324483361
1306.42,2604.6001634366476,-1298.1801634366475
3535.47,3977.5359064402573,-442.06590644025755
2303.92,4196.98660666256,-1893.06660666256
3947.76,6309.211045592351,-2361.451045592351
1008.15,661.3792940976502,346.77070590234973
1260.64,2771.8985786447456,-1511.2585786447455
4235.98,3639.9190320060093,596.0609679939903
974.81,1720.227643307641,-745.4176433076411
2183.48,2292.2087905503536,-108.72879055035355
4019.19,7707.105540318219,-3687.915540318219
3562.59,2801.724968230571,760.8650317694292
6285.32,6501.632124139002,-216.31212413900266
1649.63,1404.8333530879809,244.79664691201924
11373.49,9853.516980793775,1519.9730192062252
462.97,1275.5481077442812,-812.5781077442812
1681.75,3444.5844053704986,-1762.8344053704986
7171.79,3247.947835815152,3923.842164184848
1533.17,2770.8110721654393,-1237.6410721654393
1991.24,2591.729826700948,-600.4898267009478
1540.85,2423.747363831239,-882.8973638312391
4947.25,3409.0628929714026,1538.1871070285974
905.51,1515.027288466453,-609.517288466453
1557.92,4813.230024260019,-3255.3100242600185
1545.52,3440.8097594885567,-1895.2897594885567
691.69,2134.904658580123,-1443.214658580123
2113.73,2819.0864487518947,-705.3564487518947
22828.41,3808.585493508209,19019.82450649179
2668.27,1835.5734699808254,832.6965300191746
446.04,1199.751942069931,-753.711942069931
1906.89,1684.4783671967841,222.41163280321598
2722.26,2344.0798262576623,378.18017374233796
2881.2,2115.906448199481,765.2935518005188
4096.25,2418.579361788393,1677.6706382116072
5622.83,2645.161333285265,2977.668666714735
1028.47,1473.392790483482,-444.922790483482
3753.47,3046.4205439563134,707.0494560436864
815.52,2147.013901044678,-1331.4939010446778
1913.81,540.6908971965012,1373.1191028034987
8903.79,5125.300988901506,3778.489011098495
2458.02,2827.024125191577,-369.0041251915768
2500.44,2191.466188752547,308.9738112474529
1396.75,1991.0604054325786,-594.3104054325786
2269.6,1359.3555906517734,910.2444093482266
2016.69,3111.602462372173,-1094.9124623721727
1932.72,3222.3240473985616,-1289.6040473985615
2515.47,2819.0559026231463,-303.58590262314647
3882.54,4532.492253992876,-649.9522539928757
11679.55,4501.243960873944,7178.306039126055
3212.4,2462.2735518520262,750.1264481479739
1547.51,2509.3159237613095,-961.8059237613095
8558.79,9683.572566575833,-1124.7825665758319
2759.61,2540.078449266905,219.53155073309517
2294.12,5654.615145278465,-3360.4951452784653
3685.76,5713.510712574247,-2027.7507125742468
4599.72,5657.051683223351,-1057.3316832233504
670.68,1272.9720929610755,-602.2920929610756
631.01,2530.696695814574,-1899.686695814574
595.0,1701.061749933681,-1106.061749933681
3950.9,2951.3048245710593,999.5951754289408
984.78,525.2773262209928,459.5026737790072
726.12,1625.1131151884888,-898.9931151884888
922.65,2418.7624203351743,-1496.1124203351742
920.16,1777.3268366024522,-857.1668366024522
6558.81,6187.6555953059105,371.15440469408986
1746.02,1243.9194569583974,502.1005430416026
5964.58,6978.022226697157,-1013.4422266971569
1424.2,2701.609280896021,-1277.409280896021
1671.33,1463.0960885413215,208.23391145867845
1932.1,1724.4581857700596,207.64181422994034
2042.41,967.4993536502823,1074.9106463497178
2449.51,3721.227972861706,-1271.7179728617057
803.24,-760.1583132282437,1563.3983132282438
3788.79,3392.8243434003602,395.9656565996397
4055.41,4124.082477306525,-68.67247730652525
300.12,1619.0122573602735,-1318.8922573602736
1686.2,1823.0713429226175,-136.8713429226175
6712.68,3964.4997905248383,2748.180209475162
1237.94,3570.1008493959184,-2332.1608493959184
3371.89,2140.549502252581,1231.3404977474188
1520.05,1846.757348607207,-326.707348607207
6422.37,6306.942148427832,115.42785157216804
463.16,649.155372314208,-185.99537231420794
1485.39,3371.1092978956085,-1885.7192978956084
2455.7,2278.2964466098733,177.4035533901265
1798.62,2738.387402713197,-939.767402713197
1482.61,1397.3070170636192,85.30298293638066
1559.12,1837.2642099750005,-278.14420997500065
4270.46,2423.734409721244,1846.725590278756
2982.81,1890.9648033870135,1091.8451966129865
856.1,2605.276598706267,-1749.1765987062672
4002.73,5148.280551383265,-1145.5505513832654
2686.32,2762.543822395091,-76.22382239509079
4776.09,3053.899701584827,1722.190298415173
4589.93,6932.122461417114,-2342.192461417114
2022.36,1213.8979776347971,808.4620223652028
2731.45,2703.276511473971,28.173488526028905
2388.65,3366.950077869463,-978.3000778694627
762.34,50.21371944972503,712.1262805502749
446.34,2200.6119966913707,-1754.2719966913708
3001.34,1591.3409557151283,1409.9990442848718
4869.12,3085.7587191505745,1783.3612808494254
1070.86,1728.049989641386,-657.1899896413861
1564.68,5835.287727122537,-4270.607727122537
5445.3,3955.1427922131315,1490.1572077868686
4809.43,4785.572028117435,23.857971882564925
2057.96,2840.061748129385,-782.1017481293848
3306.47,7575.687078286051,-4269.21707828605
5958.17,3203.4524917921744,2754.7175082078256
1142.0,1865.6349515397014,-723.6349515397014
1563.52,1143.0199123817542,420.50008761824574
5954.6,5776.519899841954,178.08010015804666
4024.68,2250.2391559096372,1774.4408440903626
1413.57,3043.672796925507,-1630.1027969255072
2136.48,3017.0610503591793,-880.5810503591792
970.44,1206.5308091804898,-236.0908091804897
5209.66,2353.852270787063,2855.807729212937
667.96,2232.376528670938,-1564.416528670938
2560.47,1495.7538903863435,1064.7161096136563
4935.54,2050.68296765443,2884.85703234557
4812.92,4245.809423469173,567.1105765308266
901.18,2213.8473217934434,-1312.6673217934435
736.65,2066.9935124715516,-1330.3435124715515
3652.02,2882.715723058411,769.3042769415888
2425.03,2724.5282587738575,-299.4982587738573
1246.64,151.60388066624313,1095.036119333757
610.87,1946.6504471311737,-1335.7804471311738
621.29,1353.5343798711083,-732.2443798711083
766.98,987.1527187667718,-220.17271876677182
1009.29,1295.0314396380559,-285.7414396380559
6197.2,10004.755494993362,-3807.555494993362
1731.96,3138.7012990038393,-1406.7412990038392
991.83,1048.271013889864,-56.44101388986394
3136.43,2600.539634019047,535.890365980953
1128.5,2493.306271353189,-1364.806271353189
2442.77,3443.3195206699875,-1000.5495206699875
6467.26,3283.100872461435,3184.1591275385654
2373.79,2041.8037290177117,331.98627098228826
8116.39,3259.518027291912,4856.871972708088
2748.05,4132.33653136012,-1384.2865313601196
1738.15,1885.2192279843339,-147.0692279843338
2116.88,3750.202956822278,-1633.3229568222778
5469.22,3390.1650005420165,2079.0549994579837
11063.68,4400.622086474213,6663.057913525788
2346.65,3493.316908755471,-1146.666908755471
15275.4,8278.86108208583,6996.538917914169
1619.74,4791.142537196576,-3171.4025371965763
1370.6,2051.3035142666604,-680.7035142666605
1907.8,1890.4368347100785,17.363165289921426
2046.82,3204.6328676319467,-1157.8128676319468
6315.26,3576.4332834212646,2738.8267165787356
2357.79,2257.24213812811,100.54786187188984
2082.41,5461.288584580631,-3378.8785845806315
9329.48,9813.02973196419,-483.54973196419087
1213.63,1219.2216178444019,-5.591617844401753
13661.13,5483.355931517675,8177.774068482324
5377.16,7233.572659887089,-1856.412659887089
3980.87,9706.379608266267,-5725.509608266267
2411.23,1294.4773687226898,1116.7526312773102
768.41,2457.3840171551133,-1688.9740171551134
2683.19,3143.5662866080643,-460.3762866080642
840.55,2350.605066806438,-1510.0550668064382
1141.56,1826.3614579245277,-684.8014579245278
2716.61,1639.2057334918554,1077.4042665081447
1994.88,1492.1813494055584,502.6986505944417
5738.18,4869.812057267588,868.3679427324123
1779.13,1680.7784843803258,98.35151561967427
6865.4,4489.435983968984,2375.9640160310155
1763.66,1892.2078281738327,-128.5478281738326
1171.8,2007.7862858475219,-835.9862858475219
666.53,3374.782750849212,-2708.252750849212
1966.41,2903.5166749779987,-937.1066749779986
3078.36,3631.065255227637,-552.7052552276368
1345.32,1733.882015532873,-388.56201553287315
2132.91,2445.5690957735956,-312.6590957735957
8496.17,5851.665348599378,2644.5046514006217
1556.51,2691.657161684321,-1135.1471616843212
9393.58,5223.59319553507,4169.98680446493
3379.08,5499.694664244926,-2120.6146642449257
8446.75,2457.29675380059,5989.4532461994095
2610.05,2960.950010367819,-350.9000103678186
611.4,1535.943879619572,-924.5438796195721
1034.33,2547.5124209633573,-1513.1824209633573
1933.47,1517.9701405964124,415.4998594035876
1391.79,655.5877742012248,736.2022257987752
2779.43,2177.7809946117654,601.6490053882344
1737.02,2404.235832736934,-667.2158327369339
2570.23,845.3778678195742,1724.8521321804258
11537.43,6951.113969784869,4586.316030215131
3032.99,2978.0171873574313,54.97281264256844
3176.41,7003.692137448139,-3827.282137448139
3104.55,2851.6300490093613,252.91995099063888
8610.93,6913.673855485608,1697.256144514392
2136.95,2086.534270238425,50.41572976157477
1248.72,514.6684136564196,734.0515863435804
3855.45,2908.5549338958367,946.8950661041631
2622.03,3440.2650268464354,-818.2350268464352
3924.11,2068.828830327076,1855.281169672924
1994.76,2701.5029702463967,-706.7429702463967
5924.68,5074.430318633812,850.2496813661883
748.42,512.5779316646069,235.84206833539304
13469.9,5010.127106229166,8459.772893770834
8713.41,5165.8429733143075,3547.5670266856923
1877.8,2847.2790979204246,-969.4790979204247
587.26,1193.78792196632,-606.52792196632
1003.44,1125.5539534623413,-122.11395346234121
4748.97,2272.0422618780008,2476.9277381219995
1115.51,1135.9308094646203,-20.420809464620334
2934.56,6766.43238833895,-3831.87238833895
6739.17,5791.015737263201,948.154262736799
2746.01,3437.6640123210045,-691.6540123210043
2210.4,3015.0862563754617,-804.6862563754617
1417.73,864.3432843340245,553.3867156659755
1085.38,828.6370602957322,256.7429397042679
4368.2,5161.745787031716,-793.5457870317159
4904.68,4339.04657156126,565.6334284387403
884.7,1122.7760234776667,-238.0760234776667
1568.34,1654.742187891615,-86.40218789161509
3865.0,4609.568942335801,-744.5689423358008
8597.52,3981.1574266861126,4616.362573313888
10466.52,10864.941751021543,-398.42175102154215
1713.87,1513.7216207300194,200.14837926998052
4150.03,6632.695966784072,-2482.665966784072
6123.73,4116.201337423273,2007.5286625767267
702.04,1424.5493435570331,-722.5093435570332
3557.21,4480.366015008104,-923.1560150081041
3169.95,1959.17680981167,1210.7731901883299
4455.84,6973.648147577419,-2517.808147577419
12681.44,5511.141609254289,7170.298390745712
1258.65,3458.653636940444,-2200.003636940444
945.61,3320.1265053257466,-2374.5165053257465
4149.82,2143.1490082591727,2006.670991740827
1985.7,2834.5005011619887,-848.8005011619887
2538.97,3679.2934551069757,-1140.3234551069759
1708.5,2242.2739801701737,-533.7739801701737
2415.7,1902.3732822078146,513.3267177921853
867.23,1343.5913360467337,-476.36133604673364
2129.97,2265.1926932483443,-135.2226932483445
1489.24,1782.2610663253213,-293.02106632532127
4942.91,4094.66236783539,848.24763216461
2376.98,1717.4271664982818,659.5528335017182
4386.81,3567.0233898608426,819.7866101391578
2072.12,2453.4172671923907,-381.2972671923908
1933.2,1406.4116820955885,526.7883179044115
3969.66,2664.2502299539797,1305.4097700460202
1067.19,961.9005023071484,105.28949769285168
3571.07,4213.028136536931,-641.9581365369309
3806.47,6490.083035467339,-2683.613035467339
4785.5,2964.34085218883,1821.15914781117
2239.18,2219.0694517633315,20.110548236668365
6189.89,5598.999232391552,590.8907676084482
2423.76,3018.1287202240983,-594.3687202240981
2982.58,231.6494247009066,2750.930575299093
2005.08,2597.68311640946,-592.6031164094602
4863.8,3472.118146768868,1391.6818532311322
1571.98,6100.469398495642,-4528.489398495642
5083.09,3377.0867423473437,1706.0032576526564
616.91,947.1293698248453,-330.21936982484533
1687.64,2466.32552230589,-778.6855223058899
3814.11,6703.676103120492,-2889.5661031204922
6583.56,5060.805350399825,1522.754649600175
2402.93,2921.410221781087,-518.480221781087
2323.09,2208.8046969497564,114.28530305024378
5002.43,4653.673652575984,348.756347424016
1303.43,1951.6454731806648,-648.2154731806647
7284.95,5578.142093278907,1706.8079067210929
1796.6,2419.6358791989114,-623.0358791989115
1835.88,3292.181594023889,-1456.3015940238888
1043.07,2871.480362445689,-1828.410362445689
5307.92,4743.182030269713,564.7379697302867
1404.71,1088.0745167945197,316.63548320548034
2301.38,2325.9179477996354,-24.537947799635276
980.67,1419.630539350542,-438.96053935054204
15792.69,10215.2483567946,5577.4416432054
1538.53,2105.5562158200687,-567.0262158200687
4983.33,3732.0308308239687,1251.2991691760312
4438.04,3203.983359653373,1234.0566403466269
3060.63,2650.7393362483413,409.89066375165885
6294.57,7527.623239676835,-1233.053239676835
913.36,615.7029421493871,297.6570578506129
3307.34,3207.8033856906727,99.53661430932743
1402.71,4787.429140956379,-3384.7191409563793
6611.71,4597.306717519265,2014.4032824807355
3925.23,6075.333620583326,-2150.1036205833257
840.36,1444.7021449003819,-604.3421449003819
1269.85,1873.8989901736709,-604.048990173671
3826.04,2705.0721993790225,1120.9678006209774
7835.17,10281.627898165421,-2446.4578981654213
2347.67,1957.9045495928112,389.76545040718884
12687.04,10401.392829741526,2285.647170258475
3442.42,2486.5790426661247,955.8409573338754
1213.36,2210.90901434407,-997.54901434407
1732.05,3084.9162822701437,-1352.8662822701438
892.62,1608.1950767930812,-715.5750767930812
2285.56,1439.457034497911,846.1029655020889
997.03,1838.8940972605237,-841.8640972605237
2648.64,5461.872491469501,-2813.2324914695014
6196.63,3104.408119767012,3092.221880232988
1456.25,2773.0682526563246,-1316.8182526563246
5241.63,3597.5338375897836,1644.0961624102165
2037.83,3097.9923295042627,-1060.1623295042627
2311.8,2273.274049339963,38.525950660037324
1312.59,2270.632729623875,-958.0427296238752
1455.85,2070.4680232933697,-614.6180232933698
1198.32,2299.8502097486603,-1101.5302097486604
1287.16,1008.6011434554537,278.5588565445464
3258.36,2954.874032839328,303.4859671606723
915.6,2300.3998325547436,-1384.7998325547437
4029.39,7134.4098487604915,-3105.0198487604916
280.76,2181.0062861140286,-1900.2462861140286
1912.99,3226.570666549674,-1313.580666549674
1910.6,1606.0889501218642,304.51104987813574
1849.77,3443.7437414379356,-1593.9737414379356
2542.54,2830.5577556613443,-288.0177556613444
672.33,1208.6109813380021,-536.2809813380021
2306.46,1858.0502899897242,448.40971001027583
1483.77,2371.8462880105535,-888.0762880105535
1926.84,2819.6127678537637,-892.7727678537638
1508.8,3351.895839489344,-1843.095839489344
1530.93,2508.6997696670715,-977.7697696670714
11231.39,5156.591506667285,6074.798493332714
3393.4,5937.370327770675,-2543.9703277706753
2559.53,3897.328978960756,-1337.798978960756
1164.92,1398.9299248958382,-234.00992489583814
1074.93,2211.8026903726436,-1136.8726903726435
2980.57,2397.361516589571,583.2084834104294
1352.35,2975.461772628035,-1623.111772628035
8296.71,8889.791274224743,-593.0812742247435
3388.34,2207.7364362767808,1180.6035637232194
317.41,2981.1307707506194,-2663.7207707506195
1081.92,2302.6127680273157,-1220.6927680273157
1522.55,2983.457693819271,-1460.907693819271
652.56,936.3955302237198,-283.83553022371984
2231.03,4415.219509968293,-2184.189509968293
784.84,2004.7563395216775,-1219.9163395216774
1012.13,1038.6606927712744,-26.530692771274403
695.0,2343.9568094767824,-1648.9568094767824
4374.48,5743.525179886703,-1369.0451798867034
977.17,2284.5190904468745,-1307.3490904468745
1485.58,1468.8216567600462,16.758343239953774
575.99,2287.4831953455086,-1711.4931953455086
4035.2,3422.006555612146,613.193444387854
1297.06,1065.9304466273484,231.12955337265157
3743.3,4143.451088146554,-400.1510881465538
2663.71,2470.9529784993497,192.75702150065035
6424.03,5724.780669355116,699.2493306448841
474.22,1138.9823596402246,-664.7623596402245
5158.54,5296.7585943692675,-138.21859436926752
1297.77,1276.423082149261,21.34691785073892
2845.65,2465.9261366958676,379.72386330413246
568.61,1251.8237040636077,-683.2137040636077
1154.6,4176.56456573749,-3021.96456573749
3228.58,805.7712174449123,2422.8087825550874
1569.21,2848.290782022422,-1279.0807820224218
1867.57,849.5096123251003,1018.0603876748996
4637.35,5002.003338778471,-364.65333877847024
888.92,2606.424713048065,-1717.5047130480648
2437.06,4362.966041572683,-1925.906041572683
8437.75,5134.3645753986975,3303.3854246013025
1926.24,1132.5302162259566,793.7097837740434
3417.54,2714.1007745341863,703.4392254658137
1173.59,2722.3082313344994,-1548.7182313344995
6047.8,3585.935757416191,2461.8642425838093
2350.35,2725.2062530981566,-374.8562530981567
2183.94,1821.5976225977806,362.3423774022194
4708.22,2780.214040295529,1928.0059597044715
2253.6,2887.904380316366,-634.304380316366
1078.84,839.6323451731262,239.20765482687375
1237.16,1841.6449011131972,-604.4849011131971
9938.88,3742.329185670053,6196.550814329947
2211.0,1307.8967759373168,903.1032240626832
1636.79,2668.875944893808,-1032.0859448938081
6978.04,1764.6002722739158,5213.439727726084
1328.41,1341.3924968929919,-12.982496892991776
2581.04,2620.8179762057703,-39.7779762057703
5970.79,7108.949944401928,-1138.1599444019284
1931.36,2851.440487899778,-920.0804878997781
1552.38,327.81952510945837,1224.5604748905416
3873.86,6377.667951270208,-2503.8079512702075
1169.32,2386.2841015248996,-1216.9641015248997
2776.08,2991.268131811644,-215.18813181164387
949.53,1335.285264041561,-385.7552640415611
424.36,1845.2054825213509,-1420.8454825213507
1365.4,950.8614789564724,414.5385210435277
3283.96,5391.290700089311,-2107.330700089311
4651.49,6515.197668593229,-1863.7076685932288
1595.63,1174.581491986189,421.0485080138112
1601.01,2411.4532138103427,-810.4432138103427
1750.51,1677.2974229035838,73.21257709641623
3797.27,2760.1929692329945,1037.0770307670055
740.22,3463.3363890416267,-2723.1163890416265
3205.45,3552.864635717441,-347.41463571744134
1120.82,2150.732319387428,-1029.9123193874282
7360.31,6306.411423752003,1053.898576247997
701.69,2747.2725887032693,-2045.5825887032693
5131.64,7124.820447210257,-1993.1804472102567
1672.69,1247.4657837107602,425.22421628923985
4026.09,4012.00435060133,14.085649398670284
2486.84,1801.564066722984,685.2759332770161
7293.8,5868.573791761853,1425.2262082381476
4153.27,3994.3609182320797,158.90908176792072
5393.6,2408.7474862448917,2984.8525137551087
1947.09,2291.219662978076,-344.1296629780761
1764.95,3995.5233140033424,-2230.5733140033426
8813.06,10224.592586550145,-1411.5325865501454
1255.36,3459.1462436682245,-2203.7862436682244
1241.88,2160.0495833344557,-918.1695833344556
3372.23,3191.4931935503087,180.73680644969136
822.69,2048.7923038469758,-1226.1023038469757
1303.9,2338.7122439811124,-1034.8122439811123
1330.93,681.8221067966258,649.1078932033743
4986.17,3535.0310185615635,1451.1389814384365
2101.05,5032.573175386374,-2931.5231753863736
1410.87,1737.8563018474265,-326.9863018474266
3814.21,1968.4644510257544,1845.7455489742456
2506.14,1383.5772222760838,1122.562777723916
216.83,858.5891056813748,-641.7591056813748
7456.29,4503.836726232723,2952.453273767277
7635.07,8561.506127552755,-926.4361275527554
1432.03,3994.0435478428335,-2562.0135478428338
1677.74,1630.0801112937866,47.65988870621345
4192.91,2216.0305587196553,1976.8794412803445
1461.9,1231.5798879955066,230.32011200449347
1488.19,1909.2037149850053,-421.0137149850052
7890.87,5566.783923006335,2324.0860769936653
601.55,3152.2657234823787,-2550.715723482379
1520.17,2187.0159239103486,-666.8459239103486
2288.38,1284.164323042426,1004.215676957574
6906.02,5170.471041587844,1735.548958412156
2427.8,2841.919690766411,-414.1196907664107
1811.93,1636.9288852987238,175.00111470127626
6184.74,9286.400391108105,-3101.6603911081056
3143.33,1537.2361396672889,1606.093860332711
851.43,1306.1194720383892,-454.6894720383892
7823.27,9299.561300844536,-1476.2913008445357
1228.93,1584.9307088476855,-356.0007088476855
699.21,1050.4878967931377,-351.27789679313764
1063.6,-53.30929904264832,1116.9092990426482
10813.59,4415.975763068731,6397.614236931269
1565.29,3356.689245510969,-1791.3992455109692
517.8,1137.8400920835506,-620.0400920835507
2465.37,1252.147845623519,1213.2221543764808
4551.71,4591.536057355626,-39.82605735562629
3254.08,2162.601578901508,1091.4784210984917
2588.68,3150.30718940248,-561.6271894024803
5094.23,4799.569306201441,294.6606937985589
943.64,1132.0142278995813,-188.37422789958134
2279.8,1442.9509289547013,836.8490710452988
988.65,2240.518931908539,-1251.8689319085388
1808.04,709.3734729149678,1098.6665270850322
8647.34,6608.1879954592905,2039.1520045407096
1648.21,2355.7110491578624,-707.5010491578623
2743.09,2733.5370388589977,9.55296114100247
1372.85,4986.076363501928,-3613.2263635019285
4293.5,7528.453895265251,-3234.953895265251
336.4,1880.5073717469295,-1544.1073717469294
9949.55,6336.08585265152,3613.464147348479
7657.41,6026.380643815328,1631.029356184672
157.18,2429.961531064858,-2272.781531064858
2879.14,2430.055555897107,449.08444410289303
4394.78,3931.660814925509,463.1191850744908
2016.37,1566.3355508199363,450.0344491800636
1294.73,2444.5309406634847,-1149.8009406634847
3178.38,1475.3795351426872,1703.0004648573129
2488.4,1813.9206664830017,674.4793335169984
6273.74,1935.0768661068932,4338.6631338931065
2600.83,2530.8778183711484,69.95218162885158
841.63,1939.3355386198396,-1097.7055386198394
2073.53,3077.5142376088525,-1003.9842376088523
3095.34,2636.796846867145,458.54315313285497
518.64,1598.51315765254,-1079.8731576525402
4333.46,5795.0321035683355,-1461.5721035683355
1617.88,2682.8279192633795,-1064.9479192633794
1427.65,645.7326326584046,781.9173673415955
8941.06,4692.808253616148,4248.251746383851
1822.96,1060.7711429831197,762.1888570168803
5156.14,2929.1255541804157,2227.0144458195846
1696.04,2197.6205582658436,-501.5805582658436
1573.82,4510.2711347962095,-2936.4511347962098
1873.36,624.5126043661041,1248.8473956338958
836.4,2064.7830072204592,-1228.3830072204591
1669.0,663.426408960037,1005.573591039963
7724.12,3297.8077706150116,4426.312229384988
2976.53,3485.769611609527,-509.23961160952695
804.75,1760.5244042626045,-955.7744042626045
2202.23,2917.3114799600908,-715.0814799600907
872.29,4144.336038498524,-3272.0460384985245
2837.53,2800.1802647259588,37.34973527404145
2014.6,2622.6042857074654,-608.0042857074654
3751.23,4661.741573210509,-910.5115732105091
3347.67,2974.1852011399947,373.4847988600054
1460.43,3048.7345971224804,-1588.3045971224803
474.85,954.0711592600351,-479.22115926003505
1592.35,2289.216171852037,-696.866171852037
2586.84,1049.8302173023026,1537.0097826976976
1489.05,1156.074013198353,332.97598680164697
828.55,471.9708898148193,356.57911018518064
5107.0,10.579100654319575,5096.4208993456805
5041.82,7511.5143271214065,-2469.694327121407
2285.97,3808.13720213156,-1522.1672021315603
1636.65,1224.982926628701,411.667073371299
1361.48,4023.3472255730812,-2661.867225573081
688.05,1709.009489884887,-1020.959489884887
1323.86,2407.7508638993436,-1083.8908638993437
1757.81,1463.7415330616454,294.0684669383545
987.55,3629.5628510081665,-2642.0128510081668
650.05,5728.504277042051,-5078.454277042051
1983.81,676.3534882023647,1307.4565117976354
4208.15,4023.956999402193,184.19300059780653
839.7,637.4101254818114,202.28987451818864
2582.61,1843.8436984826235,738.7663015173766
881.33,1496.9548555313975,-615.6248555313974
1081.6,1191.5836504893007,-109.98365048930077
6921.56,7355.205517677188,-433.64551767718785
3444.7,5060.704149429061,-1616.0041494290608
3019.29,2516.0864603299856,503.2035396700144
701.55,3111.3744865943618,-2409.8244865943616
1095.52,1453.4459785353467,-357.92597853534676
2149.09,3119.534718240028,-970.4447182400277
826.28,1310.663267082218,-484.383267082218
1421.79,2110.6521757335163,-688.8621757335163
1009.03,1132.266701144524,-123.23670114452398
1065.56,1838.697021615847,-773.1370216158471
744.88,2637.7938945207234,-1892.9138945207233
3577.93,1231.8997990793036,2346.030200920696
7207.08,3284.978233744554,3922.101766255446
5372.25,3665.874491660669,1706.3755083393312
1558.82,1929.5168394247694,-370.69683942476945
638.37,2395.797243509118,-1757.427243509118
1813.03,1537.8378659669258,275.1921340330741
2209.62,1079.0902521794899,1130.52974782051
904.3,1863.442485928976,-959.1424859289762
2090.31,2914.3329322494556,-824.0229322494556
1239.97,362.00687266560794,877.9631273343921
3589.12,4532.593663745106,-943.473663745106
3050.5,938.7114614808916,2111.7885385191084
2531.44,2187.376002967362,344.0639970326379
4066.4,4466.117465403943,-399.71746540394315
530.49,791.1704293552539,-260.68042935525386
1380.14,711.7248881037965,668.4151118962036
3744.77,7147.000531820572,-3402.230531820572
1053.35,2631.0538291007874,-1577.7038291007875
3533.98,2484.4385174969307,1049.5414825030693
2667.01,3753.555713256627,-1086.5457132566266
3206.74,1832.6552030834496,1374.0847969165502
3303.16,3994.6331196843194,-691.4731196843195
1209.82,2357.630152363773,-1147.810152363773
431.76,1144.033118425076,-712.2731184250761
838.48,1580.517384794528,-742.037384794528
4523.68,4325.377770036636,198.30222996336397
1976.97,1616.683735278106,360.286264721894
3573.93,2722.7697684417963,851.1602315582036
5447.55,3557.475690979286,1890.0743090207143
841.13,1823.5904510082237,-982.4604510082237
1920.32,2731.3015990218605,-810.9815990218606
4845.45,2216.9023173688815,2628.5476826311183
1875.82,2602.6365242386923,-726.8165242386924
465.81,154.5607959909239,311.2492040090761
3402.42,3572.458232776932,-170.0382327769321
5851.81,5398.664424318935,453.14557568106557
1373.46,1259.7157521864585,113.7442478135415
4642.22,1438.9294362633016,3203.2905637366985
2433.85,1557.5895582457374,876.2604417542625
1845.67,1646.230104816191,199.43989518380909
871.59,1755.5945344501984,-884.0045344501983
11314.26,7778.790967070465,3535.4690329295354
2662.3,1583.722194581171,1078.5778054188293
3383.89,2509.9279459572645,873.9620540427354
1817.56,724.5265945888073,1093.0334054111927
1288.22,1632.6625265569867,-344.44252655698665
7916.01,4504.169224664456,3411.840775335544
715.36,1161.3513146760179,-445.99131467601785
2484.53,3842.015957853845,-1357.4859578538449
1408.12,2939.1121934927696,-1530.9921934927697
6720.75,6939.138021456059,-218.3880214560586
1060.88,609.9685927554868,450.91140724451327
2337.62,5160.398978124224,-2822.7789781242245
1629.33,2292.698536158119,-663.3685361581192
1250.35,2073.6854405323056,-823.3354405323057
4110.21,3779.6312994578093,330.57870054219075
2774.21,4754.87101092476,-1980.6610109247604
837.86,1094.1997874591598,-256.33978745915977
5905.3,4040.0264870760075,1865.2735129239927
835.86,1275.6851640740947,-439.8251640740947
16197.37,8566.53388382,7630.83611618
1376.34,3458.121706035083,-2081.7817060350835
2063.35,3100.843286499088,-1037.4932864990883
8105.65,5336.496724529634,2769.1532754703658
1652.68,1656.1078791788052,-3.427879178805142
3287.55,1266.310392828949,2021.2396071710511
3496.69,3483.138985992712,13.551014007287904
1634.13,1587.7396638729767,46.390336127023375
449.44,924.7222475042292,-475.28224750422925
331.08,1043.576053074338,-712.4960530743381
7366.2,2741.907974718179,4624.29202528182
869.71,2568.5410811025445,-1698.8310811025444
1414.56,1948.6726338378603,-534.1126338378604
584.51,1967.4621562991224,-1382.9521562991224
576.9,1597.9637420432089,-1021.0637420432089
1732.25,1357.6165509735158,374.6334490264842
1786.95,813.9701793722081,972.9798206277919
5816.97,2399.003985528877,3417.9660144711233
898.02,1262.2693636452643,-364.24936364526434
4345.68,3816.524856301997,529.1551436980035
6960.51,8067.958765849685,-1107.4487658496846
862.7,-250.11419925621686,1112.8141992562169
2001.32,2376.8078707667873,-375.4878707667874
1939.59,2134.715424356526,-195.12542435652608
3365.37,2391.7515690108066,973.6184309891933
1289.1,4564.559558212229,-3275.459558212229
1045.4,1475.8669483920671,-430.466948392067
2390.46,2421.393015042459,-30.93301504245892
1617.72,1959.6667979711792,-341.9467979711792
1236.73,944.7643835049387,291.96561649506134
8573.37,6340.776005898479,2232.593994101522
1441.91,1282.831720896917,159.0782791030831
981.34,1419.38275581658,-438.04275581657987
4138.85,3897.3065813500934,241.54341864990693
677.15,1497.9419701437075,-820.7919701437075
2699.78,4251.508483604964,-1551.7284836049635
787.58,535.726078945739,251.85392105426104
617.87,2215.6566412415186,-1597.7866412415187
6467.05,4858.530151806148,1608.5198481938523
3207.04,2606.526729604149,600.5132703958511
1594.56,657.6652805585762,936.8947194414237
2052.2,1789.5988123294155,262.6011876705843
2680.42,2264.6831058577864,415.7368941422137
2334.32,2861.0996721942083,-526.7796721942082
1357.23,1318.445901988748,38.78409801125213
1435.0,5320.890104939099,-3885.890104939099
3027.9,1710.326150377105,1317.573849622895
942.08,2145.119831128805,-1203.039831128805
1611.02,830.2039655398319,780.8160344601681
1146.77,4843.900244881706,-3697.1302448817064
977.31,1366.621356983599,-389.3113569835991
1901.95,2390.75390697468,-488.8039069746799
407.38,1600.3082714890509,-1192.928271489051
4975.24,3281.8644171187566,1693.3755828812432
2984.58,3074.422998535663,-89.8429985356629
2368.28,1559.7788474114539,808.5011525885463
630.9,1524.732640562336,-893.832640562336
5115.72,3312.2518735655167,1803.4681264344836
4267.62,4738.478804116125,-470.8588041161247
1931.64,3830.535546989856,-1898.8955469898558
4297.62,3903.588994050767,394.0310059492331
2280.98,2399.280962663084,-118.30096266308419
825.62,1860.3962658620108,-1034.7762658620109
1037.27,1977.2544292202015,-939.9844292202015
4506.71,3784.3687292749473,722.3412707250527
3455.1,3626.1799302372087,-171.07993023720883
4086.3,3400.031864950356,686.2681350496441
1337.8,1993.9775916593476,-656.1775916593476
5107.98,7519.012990427027,-2411.0329904270275
1984.93,2783.8708522301536,-798.9408522301535
2509.7,3787.73943188076,-1278.0394318807603
2924.18,2691.8897573203785,232.29024267962131
2661.58,3570.1163496387812,-908.5363496387813
2433.26,3191.4031706628853,-758.143170662885
2879.04,4486.009238010997,-1606.9692380109973
3299.87,7227.448917361358,-3927.5789173613584
2244.13,2034.832853791902,209.29714620809818
1101.46,2729.901350226579,-1628.4413502265788
2311.1,1665.7809239334877,645.3190760665123
1458.68,1582.6522582699897,-123.97225826998965
1304.27,1024.2810485609634,279.98895143903655
1344.08,2163.217186519048,-819.1371865190481
1388.16,1758.4722165593635,-370.3122165593634
824.54,1658.2933886075687,-833.7533886075687
3918.29,3991.8249641174652,-73.53496411746528
8169.51,7826.959973180383,342.5500268196174
3261.7,2345.0687830897728,916.6312169102271
352.35,788.6372830547186,-436.2872830547186
1261.04,4475.02952372758,-3213.9895237275805
10382.0,7170.693992386069,3211.306007613931
1178.63,2497.6857148239446,-1319.0557148239445
26660.3,8631.381710861293,18028.918289138706
2288.44,3149.7966484379144,-861.3566484379144
853.6,1413.9816713809148,-560.3816713809148
4257.41,2187.0778666717874,2070.3321333282124
10964.5,13009.458410459261,-2044.9584104592614
1224.96,1320.7843071606537,-95.82430716065369
11685.09,7871.1471738861155,3813.9428261138846
4081.32,4089.826956109585,-8.506956109584735
2044.43,3632.069477742399,-1587.639477742399
2205.68,6063.441412261591,-3857.761412261591
4951.0,5183.086184061697,-232.08618406169717
2368.92,1162.7910087833034,1206.1289912166967
2102.31,2528.479309299944,-426.16930929994396
1490.53,98.1353955805746,1392.3946044194254
6040.78,5573.0544477911235,467.72555220887625
1574.11,2147.4013434047743,-573.2913434047744
1831.13,3209.570208094872,-1378.440208094872
8166.7,6798.205389869155,1368.494610130845
1338.87,1214.967457349348,123.90254265065187
846.18,2327.6475931535665,-1481.4675931535667
9952.63,10309.121576473222,-356.4915764732232
4790.42,3339.387580089899,1451.032419910101
5110.58,6272.29135304073,-1161.7113530407305
2656.47,5522.777325253666,-2866.3073252536665
753.93,1397.124640489799,-643.1946404897991
4210.87,7259.395812411339,-3048.525812411339
1256.0,2160.9726289666596,-904.9726289666596
1445.81,865.1425788962331,580.6674211037669
950.38,1993.351379768173,-1042.971379768173
5243.16,5727.39333055732,-484.2333305573202
2710.85,2293.8544849110567,416.9955150889432
2538.51,3391.286684005224,-852.7766840052236
2605.48,2114.4587451316465,491.0212548683535
2184.78,3709.99885004258,-1525.21885004258
1726.55,3251.0335940359296,-1524.4835940359296
4547.0,2037.3828727173864,2509.6171272826136
6682.14,1989.8764093511963,4692.263590648804
2901.02,4891.578126909031,-1990.5581269090312
3195.24,5056.7660197738705,-1861.5260197738708
1475.81,2001.213711797759,-525.4037117977591
882.76,811.0941027634683,71.66589723653169
1704.6,1496.7876708171661,207.81232918283376
5580.02,6096.130689490038,-516.1106894900377
770.6,2392.9354922518987,-1622.3354922518988
1470.68,1269.9458586475307,200.73414135246935
3204.52,4391.5168053943025,-1186.9968053943026
2267.49,3776.575830149306,-1509.0858301493063
927.44,1234.8567338714872,-307.41673387148717
3126.73,5292.451484545601,-2165.7214845456006
1495.07,2048.76637835202,-553.6963783520202
1120.61,3138.0070446182126,-2017.3970446182127
2292.98,2249.5033154527396,43.47668454726045
3451.82,4421.2088169920025,-969.3888169920024
13654.95,7903.918173331515,5751.031826668485
6233.06,5059.074120868071,1173.9858791319293
8473.77,7794.021653654535,679.7483463454655
1388.45,2247.4637015241806,-859.0137015241805
2676.76,3705.4117143616572,-1028.651714361657
807.44,1264.6318352242959,-457.1918352242958
5638.16,5653.671631867714,-15.511631867713731
1554.06,2020.2971766646606,-466.23717666466064
10880.74,6280.066244695143,4600.673755304857
4548.46,4455.619792534461,92.8402074655387
4110.66,2907.634141631791,1203.025858368209
735.63,531.8042505246505,203.82574947534954
1650.5,2314.262253421558,-663.762253421558
1727.58,2263.1417416493405,-535.5617416493405
4021.77,2004.937188659149,2016.832811340851
1652.9,4626.577561373236,-2973.6775613732357
3807.49,2099.337089225214,1708.1529107747856
1600.75,1047.8322838859224,552.9177161140776
3983.75,1786.3075243227772,2197.442475677223
4379.12,653.627776004779,3725.492223995221
1741.43,2818.490358300402,-1077.060358300402
4219.41,5571.332522640524,-1351.9225226405242
1127.46,1648.4040354555457,-520.9440354555456
3610.56,2630.2550506232074,980.3049493767926
563.85,753.2576983834972,-189.40769838349718
764.19,1622.8530864110512,-858.6630864110512
2992.98,2298.2624735678596,694.7175264321404
1073.31,1684.3245645000763,-611.0145645000764
1852.08,2868.060712866524,-1015.9807128665243
6369.53,6859.318814413055,-489.78881441305566
4005.39,5298.082344514068,-1292.6923445140678
663.81,2798.7021057691777,-2134.8921057691778
4199.76,2775.9080093454536,1423.8519906545466
710.69,1085.3790200246667,-374.68902002466666
529.16,1522.9067502743255,-993.7467502743256
1388.18,3346.591780550905,-1958.4117805509047
7169.03,7557.5452353530845,-388.5152353530848
2168.21,3028.162717946752,-859.9527179467518
1828.98,573.0367092867087,1255.9432907132914
6441.2,6096.61567379863,344.58432620136955
405.8,1059.096944227377,-653.296944227377
3657.92,2806.24023900875,851.6797609912501
2245.15,1973.4188786271748,271.7311213728253
2244.89,1320.666516329207,924.2234836707928
7711.61,4000.5875461473634,3711.0224538526363
6958.03,8684.957584147494,-1726.9275841474946
1542.24,2165.0575852431034,-622.8175852431034
2513.05,2168.9942534174165,344.05574658258365
6966.49,4554.514518410012,2411.975481589988
943.27,853.5605721026011,89.70942789739888
2438.97,3293.207728721728,-854.2377287217282
1050.01,3181.080017431012,-2131.0700174310123
5114.81,4748.9716100864125,365.8383899135879
1347.35,2169.7355617446856,-822.3855617446857
3056.8,1852.9614622538948,1203.8385377461054
3619.67,1164.1875955158007,2455.4824044841994
2427.37,3739.1800947252427,-1311.8100947252428
1909.43,2560.5170660693843,-651.0870660693843
1397.06,2614.4045075934073,-1217.3445075934073
908.08,2177.583740534655,-1269.5037405346552
787.12,1705.7356518121678,-918.6156518121678
2985.38,5033.14892771837,-2047.76892771837
531.45,1822.5535523953704,-1291.1035523953703
2844.47,4270.278723805511,-1425.808723805511
632.12,1992.5513267808346,-1360.4313267808348
2705.28,2997.1768396491057,-291.89683964910546
1600.99,3772.6811705581663,-2171.691170558166
745.76,1521.4638845972033,-775.7038845972033
761.41,1779.1471296030795,-1017.7371296030796
2646.85,4078.3117371791286,-1431.4617371791287
4555.81,3952.3985288265667,603.4114711734337
2798.0,1072.5518933560813,1725.4481066439187
3690.28,3605.208323879189,85.07167612081139
2100.84,3212.9609433121436,-1112.1209433121435
1285.67,1195.4578260156204,90.21217398437966
1202.58,314.043817323349,888.5361826766509
2780.89,3388.4672803523,-607.5772803523
886.44,4735.572124278497,-3849.1321242784966
1990.36,2399.443789195437,-409.08378919543725
1976.15,4436.523442137263,-2460.3734421372633
2041.11,1896.4273327862943,144.6826672137056
5039.38,5214.271266718306,-174.89126671830581
2761.41,3363.9378020661643,-602.5278020661644
1087.65,958.0312460526004,129.61875394739968
953.26,1576.0349774188164,-622.7749774188164
810.4,430.8144214804561,379.5855785195439
1308.57,4403.921725611481,-3095.351725611481
8830.35,4647.634414797363,4182.715585202637
799.25,-303.45414477583944,1102.7041447758395
1136.27,2374.0120617468815,-1237.7420617468815
720.29,955.7224765799044,-235.43247657990446
3155.72,3239.61225639085,-83.89225639084998
566.05,1422.3921988316054,-856.3421988316054
600.6,1690.0893252573048,-1089.4893252573047
1785.87,1599.8859743003045,185.9840256996954
6903.31,5869.2607903328435,1034.049209667157
2622.17,1845.7475020393276,776.4224979606724
1504.24,2802.3593047656186,-1298.1193047656186
3450.45,2140.094234604525,1310.355765395475
1133.99,1312.5436418774057,-178.55364187740565
9692.89,5201.688723501162,4491.201276498838
460.8,807.201436061622,-346.40143606162195
1554.59,2471.183020344921,-916.5930203449209
1267.38,2271.183340017011,-1003.8033400170107
2270.53,2176.632642338948,93.89735766105241
1915.36,1675.6936363126424,239.6663636873575
2945.39,6067.238844191305,-3121.8488441913055
1932.09,2206.0850481009215,-273.9950481009216
6258.79,4288.467894915967,1970.322105084033
2033.28,4032.0644870601736,-1998.7844870601737
606.45,1614.5078249658595,-1008.0578249658595
2557.32,3451.1070786965047,-893.7870786965045
857.22,1866.512743433801,-1009.292743433801
3178.96,5065.312666811102,-1886.3526668111017
4501.23,6457.902002330991,-1956.6720023309917
1588.95,1539.5481908477898,49.40180915221026
860.4,2055.1933636644885,-1194.7933636644884
1754.69,154.17422449906263,1600.5157755009375
829.84,1463.502569670992,-633.662569670992
1632.99,4648.284495455108,-3015.2944954551085
2810.2,1379.22343322786,1430.97656677214
3926.3,6075.426470659161,-2149.126470659161
1306.49,4000.492230705936,-2694.002230705936
2539.13,3331.3078973010042,-792.1778973010041
856.53,473.6257789098954,382.90422109010456
1050.61,2299.2252237153416,-1248.6152237153417
4067.99,4466.441985814296,-398.45198581429577
355.74,1055.0839311578711,-699.3439311578711
2431.43,690.9919486751902,1740.4380513248097
2636.61,2719.535993062926,-82.92599306292595
1934.18,3350.599124568471,-1416.4191245684708
1342.83,1829.1713507118561,-486.3413507118562
1259.82,1243.0655969700786,16.754403029921377
3272.25,2259.7780383114355,1012.4719616885645
976.61,1146.1113418671355,-169.50134186713547
5975.82,5933.025600066194,42.794399933805835
1040.41,3356.568870927537,-2316.1588709275366
3410.46,2081.298774615999,1329.1612253840012
13570.6,8169.021215177393,5401.578784822607
4189.85,5561.824761125133,-1371.9747611251323
680.36,940.1618357296816,-259.80183572968156
1595.4,1425.6236190760155,169.77638092398456
1981.08,3015.041222575588,-1033.9612225755882
1037.02,2098.340744257633,-1061.3207442576331
611.52,1733.316221802912,-1121.796221802912
1717.42,2146.83970083878,-429.41970083878005
1763.5,1796.4221405518783,-32.92214055187833
1443.64,2394.677515173857,-951.037515173857
1004.08,4224.404133599747,-3220.3241335997473
1495.71,3520.9261422937716,-2025.2161422937716
776.38,1622.5830474508632,-846.2030474508632
3695.98,4299.796647071851,-603.8166470718511
12331.45,11100.60904526668,1230.8409547333213
1905.01,332.3868635492563,1572.6231364507437
949.15,2452.901462330793,-1503.751462330793
1471.02,2960.7288733174287,-1489.7088733174287
2055.31,2569.8873149158003,-514.5773149158003
784.6,1139.6007319263754,-355.00073192637535
678.92,3366.0440252162584,-2687.1240252162584
3602.7,1841.8149291819536,1760.8850708180462
1844.51,2648.1302633419896,-803.6202633419896
1591.03,3665.6419064166284,-2074.6119064166287
5964.19,6862.11691301697,-897.9269130169705
1120.07,839.9016794973516,280.1683205026484
1111.09,1063.963048810545,47.126951189454985
7036.75,2285.2305483205946,4751.519451679405
1563.0,3374.3954706946483,-1811.3954706946483
906.04,2707.9944608548085,-1801.9544608548085
2166.15,3383.4044826545064,-1217.2544826545063
5626.51,3315.472106343216,2311.037893656784
8461.37,10850.372063270814,-2389.002063270813
5905.19,2257.8166250979643,3647.3733749020353
1583.11,2658.6039108212035,-1075.4939108212036
7378.71,3124.1216170893863,4254.588382910613
4699.49,3880.5682592532858,818.921740746714
1768.42,2140.348230318206,-371.9282303182058
2098.38,2382.5890766410325,-284.2090766410324
6643.38,4728.957783003188,1914.4222169968125
2560.03,2715.8212767689315,-155.7912767689313
1106.57,3143.677690019563,-2037.1076900195633
1160.47,2956.2119933471504,-1795.7419933471504
233.15,345.5727974544933,-112.42279745449329
2370.52,2999.90565035494,-629.38565035494
4188.97,4005.562621250385,183.40737874961542
6304.7,3410.585519471494,2894.1144805285057
6036.35,1521.1747734451435,4515.175226554857
3445.83,6512.966463789407,-3067.1364637894067
1325.02,1893.7592098459195,-568.7392098459195
2183.38,4340.054861390125,-2156.6748613901245
624.94,1970.9239346338227,-1345.9839346338226
770.15,1144.3866899249235,-374.23668992492355
1538.57,2148.545686320607,-609.9756863206069
1384.71,2325.7615852321,-941.0515852321
7079.41,5503.633133476851,1575.7768665231488
886.41,4539.638203786587,-3653.228203786587
1643.97,2174.6198575767044,-530.6498575767043
3183.28,3199.183581953395,-15.903581953394678
5818.29,3037.5465958066993,2780.7434041933006
1163.84,832.2381799485602,331.60182005143974
1444.97,3641.5234853294496,-2196.5534853294494
2517.53,3431.0172547687303,-913.48725476873
1966.48,2126.598740084677,-160.11874008467703
3450.78,2751.273287128585,699.5067128714154
3383.41,2008.6281114698877,1374.7818885301122
5089.85,3333.4148618384734,1756.435138161527
1275.55,1864.7268372940011,-589.1768372940012
1036.33,2451.047359642624,-1414.7173596426242
3035.67,1797.534338311043,1238.135661688957
2065.27,3572.2087192199815,-1506.9387192199815
1236.76,1165.4074011186196,71.35259888138035
2085.47,2532.46506820664,-446.9950682066401
3748.63,4137.821767576164,-389.19176757616424
1166.58,1412.7502042425704,-246.17020424257043
813.95,3144.376996836796,-2330.426996836796
6065.13,6388.32799231006,-323.1979923100598
15116.85,7679.970543466651,7436.879456533349
1690.56,1585.9770436948802,104.58295630511975
647.89,545.2207919905953,102.66920800940466
7329.04,7145.189183744853,183.85081625514704
813.64,1365.9494163903817,-552.3094163903817
595.78,1168.5817767240542,-572.8017767240542
1027.68,2695.9202518404745,-1668.2402518404745
1649.12,2726.706856084877,-1077.5868560848771
1584.64,1784.4244678735895,-199.7844678735894
2017.67,2625.5474613192623,-607.8774613192622
748.56,987.8002072599108,-239.2402072599109
6980.84,6975.7052966039755,5.1347033960246335
7375.91,11374.818478681693,-3998.908478681693
1186.07,2404.986483020777,-1218.9164830207772
895.92,1384.9619931166792,-489.04199311667924
1323.61,3554.9239616202435,-2231.3139616202434
2756.39,5327.445028869435,-2571.0550288694353
4398.3,8808.015132663382,-4409.715132663382
849.67,1818.5028069468854,-968.8328069468854
2261.7,-36.31151297776796,2298.011512977768
3178.22,1463.6180523178696,1714.6019476821302
955.6,2814.7485164213153,-1859.1485164213154
7972.47,7067.349291801577,905.120708198423
9599.64,7341.190533183013,2258.4494668169864
913.13,1823.3535637808104,-910.2235637808104
1113.44,4538.503147439487,-3425.0631474394872
1417.18,5120.787639968841,-3703.607639968841
1492.98,3614.740531685247,-2121.760531685247
3166.63,1698.0096432272821,1468.620356772718
4312.86,3491.3097130271663,821.5502869728334
6763.17,5311.836998122491,1451.3330018775087
3626.51,3799.1382044012607,-172.62820440126052
914.18,2170.4130311241697,-1256.2330311241699
1233.64,2393.605716913469,-1159.9657169134691
1379.07,1426.6492582013618,-47.57925820136188
801.25,2179.1324649067105,-1377.8824649067105
3511.08,5038.079762179487,-1526.9997621794873
1348.03,2083.030113761242,-735.0001137612419
568.03,1956.1079151699246,-1388.0779151699246
3773.33,7379.408807169326,-3606.078807169326
2236.06,2922.486112441975,-686.426112441975
6257.58,3037.8829747347822,3219.6970252652177
612.77,621.0095489447026,-8.23954894470262
2125.58,1304.836202400478,820.7437975995219
4737.09,4187.21040913518,549.8795908648199
1511.48,1560.16681164501,-48.68681164501004
6439.63,5828.541770263137,611.0882297368635
834.36,2083.1700665964677,-1248.8100665964675
2585.5,2901.9029084647404,-316.40290846474045
2826.29,1903.12069664798,923.16930335202
2662.95,2218.2419653398897,444.7080346601101
1379.7,1448.7664096317553,-69.06640963175528
3268.2,3126.3446714622155,141.85532853778432
4764.42,5216.182593776451,-451.76259377645056
8351.07,7462.193761757197,888.8762382428031
2646.42,1960.8254267640764,685.5945732359237
3583.8,1667.3517771236877,1916.4482228763125
14267.91,4349.915002162462,9917.994997837537
2388.31,2727.327327730367,-339.017327730367
1218.54,723.851181336815,494.688818663185
1573.35,2149.9912598468404,-576.6412598468405
575.48,1204.2581930696654,-628.7781930696653
8954.31,6655.797991828658,2298.512008171341
2968.2,4246.259116065693,-1278.0591160656932
1574.57,2863.7374297854954,-1289.1674297854954
6654.87,2236.853922690748,4418.016077309252
686.4,-49.87057881989523,736.2705788198953
1724.14,3305.513696908028,-1581.373696908028
801.36,3149.0182943155373,-2347.658294315537
686.82,429.9642977335933,256.85570226640675
2077.9,1412.4328608592186,665.4671391407815
1203.55,1359.493637368115,-155.9436373681151
750.0,2763.163456107032,-2013.1634561070318
8454.41,8012.3741632281335,442.03583677186634
1088.85,2367.9813248235687,-1279.1313248235688
2390.59,3197.7991696776453,-807.2091696776451
8139.87,5464.726546488335,2675.143453511665
2192.59,2034.1725120712113,158.4174879287889
2401.37,1519.5057601589203,881.8642398410796
1092.16,3020.5705698904767,-1928.4105698904766
1514.05,239.77402390068812,1274.2759760993117
17647.79,9765.553706725263,7882.236293274738
6975.35,6209.478680498584,765.8713195014161
6021.69,4222.22832134533,1799.4616786546694
3085.79,2140.989965283698,944.800034716302
833.87,2266.42650111533,-1432.5565011153303
1497.28,2464.7195409028277,-967.4395409028277
1045.86,1836.2770541462064,-790.4170541462065
6449.39,5543.164556803483,906.2254431965175
986.34,996.9013867970407,-10.561386797040655
1208.18,1860.5760530469483,-652.3960530469483
1365.8,3331.3969947555925,-1965.5969947555925
2264.63,3121.2792172636246,-856.6492172636245
1803.74,979.1950605383809,824.5449394616192
3841.29,3434.3166920553685,406.9733079446314
9583.07,6525.508141862275,3057.561858137725
2471.83,6292.464165339709,-3820.6341653397094
609.65,469.7507291470354,139.8992708529646
905.22,1038.5460929868323,-133.32609298683224
2005.08,1234.0756438780713,771.0043561219286
1461.56,1565.173655403191,-103.61365540319116
1966.67,3591.1080520851783,-1624.4380520851782
2184.78,2464.1473984635973,-279.36739846359706
421.36,3014.9321224079854,-2593.5721224079853
1175.59,1901.602081038569,-726.012081038569
1780.13,2405.5180981951994,-625.3880981951993
1031.78,934.7153109249805,97.06468907501949
2731.15,3508.3445589382277,-777.1945589382276
9448.79,7390.983005620684,2057.806994379317
5740.76,3237.254293079314,2503.5057069206864
2727.93,2683.6783784733025,44.25162152669736
2548.05,1088.6320669508164,1459.4179330491838
9612.96,5530.051611274083,4082.9083887259158
941.95,2030.1916879651344,-1088.2416879651344
6064.14,3204.015851191117,2860.1241488088835
2650.77,3243.6420609105116,-592.8720609105117
849.31,661.6844363556937,187.62556364430623
858.31,2620.2284204492144,-1761.9184204492144
2808.68,1992.0447907368812,816.6352092631187
1114.59,1881.1517855716825,-766.5617855716825
864.33,921.2965569895582,-56.96655698955817
749.31,1883.5815629973422,-1134.2715629973422
2285.94,3047.3375304829688,-761.3975304829687
1529.06,2285.671979244489,-756.6119792444892
3378.28,5127.49412205383,-1749.2141220538301
7082.48,4751.156592218436,2331.323407781563
1600.78,2642.1958135902923,-1041.4158135902924
385.04,991.9676958035689,-606.9276958035689
1621.44,1444.581837580678,176.85816241932207
1738.22,4717.414922246009,-2979.194922246009
5110.59,4197.016422979097,913.573577020903
3015.93,3203.277599247182,-187.3475992471822
2605.5,1571.681840175846,1033.818159824154
2406.11,2358.312558134634,47.79744186536618
1660.23,-433.661554533472,2093.891554533472
2233.23,1323.1194628934222,910.1105371065778
1080.0,976.569187818679,103.43081218132102
1271.8,1871.5576996922327,-599.7576996922328
643.82,1654.1092151921055,-1010.2892151921054
676.0,1448.4715294113196,-772.4715294113196
1941.27,2307.6687692913742,-366.39876929137426
1573.87,3755.9852284186372,-2182.1152284186373
928.48,1321.2348599861787,-392.75485998617864
3074.59,2406.948306081651,667.6416939183491
563.76,81.0242092900993,482.7357907099007
8188.11,9208.932419915127,-1020.8224199151273
2411.32,1942.140857895476,469.1791421045241
1200.07,2064.5085793336684,-864.4385793336685
3144.18,2074.317468347829,1069.8625316521707
776.02,1302.8197223079947,-526.7997223079947
1916.18,2035.6237500727457,-119.44375007274562
1167.28,1423.4564928427033,-256.1764928427033
4110.13,2519.9480872047143,1590.1819127952858
1510.95,2499.7919654564776,-988.8419654564775
1220.13,812.119147771796,408.01085222820416
4423.87,2179.8758948451305,2243.9941051548694
2994.4,1744.5702097864587,1249.8297902135414
9573.66,3237.666760504345,6335.993239495655
509.94,1522.2757061446948,-1012.3357061446948
7535.43,5470.516531817011,2064.913468182989
604.01,1805.6804173244254,-1201.6704173244254
1212.48,2064.9556899309737,-852.4756899309737
5697.79,7881.104765103636,-2183.314765103636
2720.71,3269.396885693535,-548.6868856935348
6360.02,4991.832421037818,1368.1875789621827
913.25,2389.5160832206334,-1476.2660832206334
2527.79,3242.9099223046906,-715.1199223046906
1259.8,195.289153250472,1064.510846749528
6160.33,6769.174936754739,-608.8449367547391
1290.02,4511.500193883153,-3221.480193883153
1465.91,1896.1885664291754,-430.27856642917527
727.13,794.196461123076,-67.06646112307601
6675.0,7389.747803897324,-714.747803897324
1808.13,2239.239689338988,-431.10968933898766
1781.17,1543.9288428664986,237.24115713350147
3469.34,8172.673703093748,-4703.333703093748
1016.1,820.3212463297693,195.77875367023069
2948.32,2770.305058824292,178.01494117570837
2606.62,3660.548498078781,-1053.928498078781
17312.88,9417.968542937397,7894.911457062604
3649.23,1974.2766147526004,1674.9533852473996
1009.47,1107.513831122106,-98.04383112210598
2663.73,1642.781346777305,1020.9486532226949
4638.06,4370.758394596112,267.30160540388806
1128.68,927.5662585645539,201.11374143544617
966.09,9006.209732644504,-8040.1197326445035
5789.58,3759.999466803877,2029.5805331961228
1036.61,2931.4720543686767,-1894.8620543686768
915.82,826.5887179126146,89.23128208738547
1836.31,2262.6977511920927,-426.38775119209276
1336.72,1735.252892760851,-398.5328927608509
1531.83,3277.2162125131235,-1745.3862125131236
874.4,3382.149570782259,-2507.749570782259
4015.57,5069.414703217795,-1053.844703217795
8355.06,4449.2330952306,3905.8269047693993
3178.97,2835.855282096423,343.114717903577
5139.57,2939.212265184997,2200.357734815003
1299.33,439.25623352303535,860.0737664769646
864.57,986.4740321200384,-121.90403212003832
6156.97,4914.8203782343735,1242.1496217656268
3305.59,1858.408238055803,1447.1817619441972
1003.98,2348.674388074565,-1344.6943880745648
1282.96,989.8718111423461,293.0881888576539
12162.78,5710.068980961049,6452.711019038951
5579.06,1939.7751500046834,3639.284849995317
2732.27,7302.0348886060565,-4569.764888606056
563.76,1501.9005623427042,-938.1405623427042
3365.55,4143.160329603339,-777.6103296033389
1225.46,1532.0221923323497,-306.5621923323497
2606.56,2970.5719015397017,-364.01190153970174
1076.85,1206.1421142606762,-129.29211426067627
2238.46,1963.5938273351894,274.8661726648106
970.29,3032.5635436755333,-2062.2735436755333
5165.0,1489.6625978262455,3675.3374021737545
1082.51,1041.9059264368636,40.60407356313635
588.1,3166.0526620080395,-2577.9526620080396
4240.72,4995.889763708992,-755.1697637089919
5703.83,7133.558831334546,-1429.7288313345462
1851.63,3107.0312231292205,-1255.4012231292204
2862.05,5981.052800469289,-3119.0028004692886
4708.41,4614.141542134372,94.26845786562808
1108.78,2025.8493044800857,-917.0693044800857
1356.57,2721.618017404841,-1365.048017404841
2246.91,2984.296159523681,-737.3861595236813
993.33,1563.007482705372,-569.677482705372
3094.42,2552.452545024535,541.967454975465
3353.88,3725.044290212742,-371.1642902127419
1133.77,560.2643455367314,573.5056544632686
2795.56,3414.696621156738,-619.1366211567379
686.64,1975.1855091372681,-1288.5455091372683
8466.14,6138.528943414846,2327.611056585153
1302.54,1338.3462664538706,-35.80626645387065
1144.18,1682.6339815294987,-538.4539815294986
2554.41,917.8082591130428,1636.601740886957
2181.67,4652.9924098148085,-2471.3224098148085
990.16,1836.3451585765806,-846.1851585765806
1437.07,2697.9260267131867,-1260.8560267131868
5566.47,4276.261935292431,1290.208064707569
1388.11,3529.1768861581895,-2141.06688615819
902.91,1931.5432909470132,-1028.6332909470134
2482.38,2288.5190911355294,193.86090886447073
2087.23,1640.6414099253486,446.5885900746514
6548.79,5851.243847689128,697.5461523108715
3577.5,2722.224921102757,855.275078897243
4540.11,3112.21279740168,1427.8972025983198
2934.18,4499.005205636983,-1564.8252056369834
5389.66,4057.53545090043,1332.1245490995698
408.91,1751.9015220156352,-1342.9915220156352
2988.95,4441.857259317965,-1452.9072593179653
3454.03,2845.2026488348406,608.8273511651596
8283.74,7760.553075677809,523.1869243221909
1446.07,832.6301638622238,613.4398361377762
1330.16,1161.2516345430809,168.90836545691923
860.2,3941.9926499565336,-3081.7926499565338
3006.64,7312.860607758582,-4306.2206077585815
545.57,2624.4724674002664,-2078.9024674002662
2499.15,2862.78613490475,-363.6361349047497
3122.79,2781.994001418476,340.79599858152415
11155.69,11922.973702001906,-767.2837020019051
931.48,980.0303502733095,-48.550350273309505
2811.33,3053.013643607428,-241.68364360742817
3793.76,5799.750455224632,-2005.9904552246317
1521.33,1619.9497983695435,-98.61979836954356
4640.16,1367.5391512229735,3272.6208487770264
2104.79,2039.4444285041182,65.34557149588181
7052.05,6961.702063098497,90.34793690150309
697.0,3029.466817672082,-2332.466817672082
23075.22,10445.239109359754,12629.980890640247
851.86,1263.6392496911149,-411.77924969111484
3283.29,2246.8527612457137,1036.4372387542862
1178.1,3360.5258660442087,-2182.4258660442088
9064.81,5774.588102532778,3290.2218974672214
3465.22,3471.138526532004,-5.918526532004307
2404.37,4223.573948088997,-1819.203948088997
2506.05,3383.7879558043614,-877.7379558043613
3044.08,3298.1481832445475,-254.06818324454753
3527.91,2682.6201862536172,845.2898137463826
2576.97,3566.6254953587572,-989.6554953587574
4359.41,3140.982867609774,1218.4271323902258
4704.79,1008.2263165686859,3696.563683431314
16336.82,6274.183347638389,10062.63665236161
719.78,1089.8801207658232,-370.10012076582325
663.38,2905.3118016754656,-2241.9318016754655
1657.08,810.2353886485682,846.8446113514317
2074.27,3283.356771406118,-1209.0867714061178
280.08,3102.334490379872,-2822.254490379872
1315.14,902.9514618975022,412.1885381024979
1617.12,644.1887844778323,972.9312155221676
3377.64,1919.142903703164,1458.497096296836
2881.33,2106.902551643794,774.4274483562058
6492.05,8323.25753092043,-1831.2075309204292
5727.15,2561.219496172478,3165.9305038275215
685.42,2190.7386027465336,-1505.3186027465335
2764.35,2934.7574522423674,-170.40745224236753
11793.05,6235.918692101937,5557.131307898062
937.33,1308.476551625527,-371.14655162552697
3805.09,2104.4831109652546,1700.6068890347456
5436.48,2242.627834288592,3193.8521657114075
2261.27,1511.5321573009085,749.7378426990915
2499.25,2435.9101897273076,63.339810272692375
7077.89,4053.402342397574,3024.487657602426
669.42,1740.2790235979014,-1070.8590235979013
1627.46,129.9153425460505,1497.5446574539496
1603.01,2474.939176054775,-871.9291760547751
724.67,1969.4629370093635,-1244.7929370093634
4754.13,7035.399376866163,-2281.269376866163
6053.69,3842.635899085737,2211.0541009142626
609.0,927.4554401227902,-318.45544012279015
3070.07,1623.9297605466177,1446.1402394533825
2623.3,2474.688414062911,148.61158593708933
2797.06,4076.36873848955,-1279.3087384895503
6845.48,6043.726307076586,801.7536929234138
1762.31,3206.404515231167,-1444.094515231167
1192.27,1808.9938956082688,-616.7238956082688
1302.28,3712.114698729752,-2409.834698729752
929.55,2086.6025078639236,-1157.0525078639237
2594.69,1643.7050488623895,950.9849511376106
3068.06,1932.2829352615195,1135.7770647384805
2678.75,2544.807929568453,133.9420704315471
3711.06,3059.5963781036344,651.4636218963656
2746.77,1754.2513814882814,992.5186185117186
4354.33,4751.327275793544,-396.99727579354385
1711.74,2339.7409348607016,-628.0009348607016
3096.24,4459.572064798097,-1363.3320647980972
1788.15,2185.018435272604,-396.8684352726041
1858.54,2055.928671823554,-197.38867182355398
8506.13,7526.45262793272,979.6773720672791
8538.99,3455.9929928235997,5082.9970071764
611.37,2212.9842093763637,-1601.6142093763638
1030.35,1550.9885631046886,-520.6385631046887
849.14,1353.6477688108723,-504.50776881087234
7916.83,3787.642280328352,4129.187719671648
5134.12,5175.208566723806,-41.08856672380625
1979.32,574.8012492559986,1404.5187507440014
703.1,1545.1376735158126,-842.0376735158126
2851.23,1117.5340240505955,1733.6959759494046
3778.67,2967.444514572775,811.2254854272251
2399.21,2203.1520893176703,196.05791068232975
7103.17,4067.6994298554046,3035.4705701445955
1042.94,1609.7223091292728,-566.7823091292728
976.97,2354.3661542376344,-1377.3961542376344
4123.19,2503.845356462138,1619.3446435378614
3235.4,2449.101835662066,786.2981643379339
1181.16,1919.1103770462705,-737.9503770462704
3217.13,2516.444047460311,700.685952539689
1054.8,1727.7223801886241,-672.9223801886242
1474.07,2623.59642651435,-1149.5264265143499
691.58,1881.9395472872106,-1190.3595472872107
879.14,634.6604718984844,244.4795281015156
8193.14,3879.652437834524,4313.4875621654755
684.52,2370.2507370295616,-1685.7307370295616
13632.0,6641.382665366956,6990.617334633044
2710.89,582.3505949513665,2128.5394050486334
600.83,959.4442264421118,-358.61422644211177
3148.9,3962.7075490773923,-813.8075490773922
2698.68,4416.473209560942,-1717.7932095609426
677.7,2210.207290745946,-1532.507290745946
8208.67,7472.365559210952,736.3044407890484
563.76,1891.6038981602046,-1327.8438981602046
5135.65,4833.9666718865865,301.68332811341315
3030.39,1837.3922793350634,1192.9977206649364
8598.3,6700.675342513757,1897.6246574862425
2752.44,3521.258266793228,-768.8182667932278
3802.3,2794.942315360789,1007.3576846392111
14530.86,10802.745815768783,3728.114184231217
1816.69,3322.79862385422,-1506.1086238542198
1005.89,588.0562005145056,417.8337994854944
3879.81,2551.187654716905,1328.622345283095
3767.73,4337.775935622746,-570.0459356227461
6954.14,7426.284508992499,-472.14450899249823
1065.2,474.6014063437681,590.598593656232
1184.33,1025.370180704604,158.95981929539585
2638.55,1642.7999636818465,995.7500363181537
1511.51,1931.0353523865638,-419.5253523865638
1642.2,3667.34046032384,-2025.14046032384
1485.33,2995.4691455857364,-1510.1391455857365
1413.3,1182.1563322595841,231.14366774041582
4669.14,3862.34765114715,806.7923488528504
808.26,1397.482397932908,-589.222397932908
5885.91,4057.7699892476558,1828.140010752344
3553.07,2645.103125194053,907.9668748059471
2307.53,3556.499304714104,-1248.9693047141036
1585.0,1034.9389217315022,550.0610782684978
785.31,1597.6322519321536,-812.3222519321537
1491.93,2250.135985534085,-758.2059855340851
1073.2,1164.8825191878966,-91.68251918789656
5517.84,4311.433117042932,1206.4068829570679
960.73,2652.774517581278,-1692.044517581278
3485.53,2838.916549046879,646.6134509531212
715.13,2338.712916932305,-1623.5829169323047
3470.06,3630.899953154585,-160.83995315458515
6164.98,4105.229802505684,2059.750197494315
965.2,1704.7344388831846,-739.5344388831845
891.5,1342.0577536866112,-450.55775368661125
5277.33,4107.830034755916,1169.4999652440838
6392.67,4732.324322744148,1660.345677255852
2356.51,2398.2322951417045,-41.72229514170431
5000.52,3087.2653703362107,1913.2546296637897
801.86,547.46501233371,254.39498766629004
2041.51,2987.9503926800644,-946.4403926800644
1768.42,661.4979609795777,1106.9220390204223
997.15,1161.2618078477012,-164.11180784770124
867.74,2202.6602302132164,-1334.9202302132164
7517.04,4120.513579459865,3396.5264205401354
3577.45,2370.496525531684,1206.953474468316
687.83,1367.4671132971393,-679.6371132971393
3710.12,2287.90172614812,1422.21827385188
6978.69,5603.483529462561,1375.2064705374387
10239.88,5326.307453090217,4913.572546909782
2489.58,3568.029419640817,-1078.4494196408173
781.83,3316.3833094475312,-2534.5533094475313
1476.35,1385.9060861169512,90.44391388304871
5609.37,3932.0761995002104,1677.2938004997895
1442.44,2133.4159866168625,-690.9759866168624
1817.87,1543.4810087819728,274.38899121802706
593.46,602.6738354678173,-9.213835467817262
7620.23,9409.836767314966,-1789.6067673149664
3432.0,2758.5128151684476,673.4871848315524
2764.3,3392.7909496345796,-628.4909496345795
825.79,1465.875019696049,-640.0850196960491
1110.71,420.97866980067,689.73133019933
2839.38,6427.786513798133,-3588.4065137981324
1343.36,4179.516360029791,-2836.1563600297914
2570.8,3075.710876766289,-504.91087676628877
1019.36,1951.7903102928672,-932.4303102928671
1421.02,4318.391789452453,-2897.371789452453
2333.65,1545.7976472489925,787.8523527510076
2067.81,3135.5932172525836,-1067.7832172525837
4313.72,3778.007596160271,535.7124038397292
1096.17,1821.6307764782982,-725.4607764782982
2485.97,2360.93327227108,125.03672772891969
2885.62,2535.6148690526556,350.00513094734424
3234.84,2941.871093771393,292.968906228607
3315.84,2773.9717165884704,541.8682834115298
3799.21,6344.043673619023,-2544.833673619023
879.25,1468.7186195074366,-589.4686195074366
1527.7,3765.5837826450634,-2237.8837826450635
847.91,1994.7556895515713,-1146.8456895515715
2437.29,3075.4915122965635,-638.2015122965636
1691.4,2876.604812033928,-1185.2048120339277
2743.35,2756.6442361066515,-13.294236106651624
1443.93,2915.002345822918,-1471.072345822918
1162.48,1907.4745881003723,-744.9945881003723
1708.25,3175.091041648627,-1466.8410416486272
1343.28,1796.8560291698664,-453.5760291698664
1934.45,2385.8118372348945,-451.36183723489444
3398.35,1623.3308083098466,1775.0191916901533
5041.26,2294.774571754261,2746.485428245739
9431.57,8312.11244246005,1119.4575575399504
7781.33,4432.7525243884675,3348.5774756115325
2065.84,2804.091470184524,-738.2514701845239
1021.55,69.62598856319187,951.9240114368081
1434.19,2134.213875680645,-700.0238756806448
5286.88,2772.375795466754,2514.504204533246
6006.25,2481.570952380725,3524.679047619275
1536.49,1442.1773044491085,94.31269555089148
1966.39,1612.9858984575958,353.4041015424043
1765.16,2048.459167596169,-283.2991675961691
2421.53,3121.2013896838725,-699.6713896838723
5814.71,3627.5454369669455,2187.1645630330545
2859.95,1765.026952733053,1094.923047266947
2069.48,2528.9428369693123,-459.4628369693123
666.8,152.28404356534003,514.51595643466
1331.53,1645.8786099255599,-314.3486099255599
2013.48,1371.8590469460614,641.6209530539386
2928.65,3489.010920586541,-560.3609205865409
9223.81,7030.830962674422,2192.9790373255773
1186.84,742.7740510460847,444.06594895391527
3727.15,3571.972799870579,155.17720012942118
2125.18,5363.893989637819,-3238.713989637819
5176.93,3639.543289470765,1537.3867105292352
822.74,905.0153552585787,-82.27535525857866
4531.01,3983.5153505133676,547.4946494866326
2166.63,3323.3670464780357,-1156.7370464780356
4150.08,1319.4003898243498,2830.67961017565
2293.88,2082.9584143521993,210.92158564780084
5884.07,9933.8573640428,-4049.7873640428006
2743.2,4998.25906320756,-2255.05906320756
1739.26,5346.0146265998,-3606.7546265998
3983.13,1694.5953099777055,2288.534690022295
1771.43,3552.182046836839,-1780.752046836839
897.15,895.8080693934733,1.3419306065267165
5800.04,4621.222404949631,1178.8175950503692
3517.37,3697.2224926131526,-179.85249261315266
7378.29,7350.485779820148,27.804220179851654
3958.8,2951.0489401653003,1007.7510598346998
2713.67,1801.0381798462531,912.631820153747
3629.6,3848.0503690670375,-218.45036906703763
2573.05,3880.161489915409,-1307.111489915409
2324.22,1490.877470778311,833.3425292216889
4412.44,5200.666461498469,-788.2264614984697
1040.14,-104.21509882462257,1144.3550988246227
11132.43,11923.03513949868,-790.6051394986789
2882.62,6964.0615261723915,-4081.4415261723916
2305.68,1067.873956651357,1237.8060433486428
3467.85,2090.8000229200156,1377.0499770799843
1628.72,-108.4198707444393,1737.1398707444393
439.53,488.1548212723711,-48.62482127237115
1917.0,4130.594176777841,-2213.5941767778413
1262.65,2580.14380826457,-1317.49380826457
3738.52,6852.344880716857,-3113.824880716857
1666.88,1936.2986488488991,-269.418648848899
2574.77,1006.6421750996988,1568.1278249003012
5016.46,7165.210784115216,-2148.7507841152155
3233.75,3717.663861800283,-483.91386180028303
926.71,1694.2678845273492,-767.5578845273492
5295.9,4919.436493376995,376.46350662300483
1639.98,2032.075715535721,-392.09571553572096
2842.8,4358.191738769336,-1515.3917387693355
1525.92,1536.3457210438332,-10.425721043833164
3629.9,2427.893854213017,1202.0061457869829
547.25,-164.68139772790883,711.9313977279088
3482.17,2506.6917390274925,975.4782609725075
3219.2,4376.846166529478,-1157.6461665294783
2074.83,2740.734248888129,-665.9042488881291
1319.22,2696.6690968966705,-1377.4490968966704
6801.14,3799.204803251647,3001.9351967483535
702.03,901.7878638042225,-199.75786380422255
4264.57,2787.666004352723,1476.9039956472766
3183.64,2609.294726769681,574.345273230319
19811.44,13284.712779688653,6526.727220311346
905.82,1267.664671860579,-361.84467186057884
593.85,2292.628709534993,-1698.7787095349931
3702.84,4247.113242923737,-544.2732429237367
2715.19,3264.804488513103,-549.614488513103
2176.5,2120.1049945980767,56.3950054019233
1089.1,1010.4266952751718,78.67330472482809
512.01,2446.099849122051,-1934.0898491220512
1302.97,835.176364037693,467.793635962307
8854.17,8314.531718319446,539.6382816805544
4248.81,4386.267199891911,-137.45719989191093
3940.82,2791.22921723291,1149.5907827670903
4470.55,1597.8431436857045,2872.7068563142957
5201.75,7147.428795930948,-1945.6787959309477
4872.29,2439.9352915764894,2432.3547084235106
961.76,816.6471441188785,145.1128558811215
7167.97,2885.574448728839,4282.395551271162
2370.79,2184.4362038466293,186.3537961533707
3258.79,3166.6108446450253,92.17915535497468
1994.91,2698.278333257936,-703.368333257936
2218.58,3321.0471440135116,-1102.4671440135116
867.89,180.05749655273178,687.8325034472682
1739.42,3979.502923390205,-2240.082923390205
723.94,1884.4673595028753,-1160.5273595028752
8216.86,2969.592403036032,5247.267596963969
2709.1,968.0000868279949,1741.099913172005
1844.52,2059.3333422430164,-214.81334224301645
2093.7,2319.1538105802533,-225.4538105802535
9132.81,6812.80135756864,2320.0086424313595
2110.39,2065.223942797244,45.16605720275584
624.73,2092.1766884248264,-1467.4466884248263
1103.58,2658.2751449904094,-1554.6951449904095
1275.16,2192.327438511618,-917.1674385116178
4482.2,5084.871771522852,-602.6717715228524
1728.91,2909.12516444043,-1180.21516444043
7910.67,5198.259369789198,2712.410630210802
4403.7,4525.323999859345,-121.62399985934553
4929.32,3900.5841809989824,1028.7358190010173
2721.2,3228.0275253271047,-506.8275253271049
875.0,1463.532121019066,-588.5321210190659
4568.68,6410.8190738607755,-1842.1390738607752
1673.4,4169.677933263797,-2496.277933263797
4187.88,3094.8485936039974,1093.0314063960027
2660.63,4771.074771313325,-2110.444771313325
943.72,1786.2310501378843,-842.5110501378842
4771.64,3207.334499908107,1564.3055000918935
3004.73,3933.0430608064753,-928.3130608064753
1696.72,1885.7899008166269,-189.06990081662684
5999.19,5901.888399879175,97.30160012082433
1526.27,1775.3035808441086,-249.03358084410866
4626.12,3080.4729791405916,1545.6470208594083
526.87,1723.16643831157,-1196.29643831157
10340.38,9984.937665082973,355.4423349170265
2462.52,3923.355016399122,-1460.8350163991222
1106.7,2234.512946370664,-1127.812946370664
4113.43,4755.025664809588,-641.595664809588
1763.41,1892.476134594388,-129.0661345943879
1674.87,884.5175765762565,790.3524234237434
1594.02,2878.806967425714,-1284.786967425714
2489.93,2034.7260705064705,455.20392949352936
2750.98,2691.5372684750073,59.44273152499272
2040.48,2108.330136550946,-67.85013655094599
2097.97,1397.5846350940633,700.3853649059365
3369.9,3372.4653462250058,-2.565346225005669
413.31,762.8428855764453,-349.53288557644527
2262.9,1973.9178422341556,288.9821577658445
2777.47,2185.0461299003337,592.4238700996661
602.84,2440.829087853476,-1837.9890878534757
6267.97,5043.133248069484,1224.8367519305166
2117.85,1460.5712537746078,657.2787462253921
1311.23,2116.59724563244,-805.3672456324398
1069.33,2253.517509886175,-1184.1875098861751
1326.37,1970.3613416449484,-643.9913416449485
713.71,1859.5707439938615,-1145.8607439938614
1553.45,1585.367326811829,-31.917326811828843
461.49,481.5999676879578,-20.109967687957806
2926.55,1168.073475276688,1758.4765247233122
1988.12,2178.4850640601767,-190.3650640601768
4289.0,4257.932170413713,31.06782958628719
2482.67,1689.71822605107,792.9517739489302
3106.21,721.8524655360932,2384.3575344639066
1101.2,1884.7186211824087,-783.5186211824087
2909.01,4037.552992319078,-1128.5429923190777
1806.62,2202.792540248046,-396.17254024804606
4744.38,5474.059665298932,-729.6796652989315
4834.75,2858.1290939760124,1976.6209060239876
1435.14,2200.3352440494914,-765.1952440494913
5394.32,1949.282965340541,3445.0370346594586
2512.71,5194.119885975381,-2681.4098859753813
721.91,1524.2835236844307,-802.3735236844308
516.79,834.4769088116632,-317.6869088116632
6807.79,5506.836585741869,1300.9534142581306
1298.84,2506.262986335553,-1207.4229863355529
3131.25,4101.804100479932,-970.5541004799315
6252.63,7133.081579296984,-880.4515792969842
8787.79,8414.49269201341,373.2973079865915
1210.14,2564.8360335636958,-1354.6960335636957
10965.17,11767.989684858869,-802.8196848588686
4491.27,7172.91215735919,-2681.6421573591897
1158.57,442.21544167193554,716.3545583280644
3045.6,1762.1576775085086,1283.4423224914913
5159.54,3850.2198853553227,1309.3201146446772
1676.45,2503.2280676761643,-826.7780676761643
3167.41,2900.432089474419,266.9779105255807
1114.79,3072.4869898089137,-1957.6969898089137
2738.17,2527.7750285874718,210.39497141252832
1434.54,1806.7729123584804,-372.23291235848046
5417.5,4620.004242467221,797.495757532779
4037.72,5206.093290592504,-1168.373290592504
3578.47,2718.242088002009,860.2279119979908
2566.21,594.2302961509374,1971.9797038490626
1299.3,2997.192339296923,-1697.892339296923
719.14,1573.1945736176576,-854.0545736176576
2645.94,2008.7841564772161,637.1558435227839
4689.92,5005.20465309479,-315.28465309479
1341.73,981.8374190317081,359.8925809682919
1574.53,2549.4419827933734,-974.9119827933735
2085.28,1846.0204736964356,239.2595263035646
2933.51,2003.5107484370442,929.999251562956
4051.89,5817.039559023121,-1765.1495590231211
3565.41,6022.133470594754,-2456.723470594754
1379.49,1035.8571104444068,343.63288955559324
1698.81,1096.064139518487,602.7458604815129
943.25,890.9361528180564,52.31384718194363
2692.32,1732.0981358708682,960.221864129132
3852.79,2640.0868046228684,1212.7031953771316
2696.58,6965.115450063945,-4268.535450063945
1157.45,1488.5640577595937,-331.1140577595936
5890.9,4363.168331847916,1527.7316681520833
2877.4,2632.166300773434,245.23369922656593
2476.8,1692.43601198567,784.3639880143303
4959.39,4779.410380987433,179.97961901256713
1563.56,3567.3914095125647,-2003.8314095125647
6404.09,4092.0951736367715,2311.9948263632286
1422.75,2594.618517989407,-1171.8685179894069
1255.92,330.20166577453756,925.7183342254625
2372.06,2277.4386432485444,94.62135675145555
483.24,1526.9837619067407,-1043.7437619067407
783.96,1252.17658283441,-468.21658283441
411.42,-659.2478773392187,1070.6678773392186
1226.43,1591.733891739271,-365.30389173927097
1746.54,3771.92398262619,-2025.3839826261901
5116.83,872.0864940087117,4244.743505991288
5736.39,4287.275254713238,1449.1147452867626
685.69,2274.646561382363,-1588.956561382363
549.0,811.8666493438986,-262.86664934389864
244.82,1521.0287805849835,-1276.2087805849835
4259.52,6009.714469992336,-1750.1944699923351
6159.16,5390.485687511037,768.6743124889626
6143.89,4517.146689644961,1626.7433103550393
612.69,1370.7249072426264,-758.0349072426263
4360.82,5007.365709718516,-646.5457097185163
3905.84,5385.580308552666,-1479.7403085526657
4012.73,2076.7662680311128,1935.9637319688873
6033.64,4561.58298772873,1472.0570122712707
3723.78,5157.188519885583,-1433.4085198855832
1932.75,3745.432163525655,-1812.6821635256551
2600.09,4427.633342688989,-1827.5433426889886
1428.46,1049.3215495648835,379.1384504351165
6057.73,6804.3850497551075,-746.6550497551079
1866.16,4152.368557555095,-2286.2085575550955
3211.0,3204.8171245617073,6.18287543829274
1394.23,2920.1182370237966,-1525.8882370237966
9093.79,5222.811839041333,3870.978160958668
859.61,1141.0691527422246,-281.45915274222455
2185.28,5161.726946612127,-2976.446946612127
5134.7,3194.108514569143,1940.5914854308567
2532.33,2194.5160000119317,337.8139999880682
626.29,-49.258063907600274,675.5480639076002
1853.9,2578.688245000047,-724.788245000047
694.0,549.2143256269463,144.78567437305367
1540.53,4280.323484850356,-2739.7934848503564
3184.69,8158.8798135911975,-4974.189813591198
3985.56,1705.192080282328,2280.3679197176716
649.41,1318.2423005610472,-668.8323005610472
6792.78,3719.259130353021,3073.5208696469786
938.62,1214.484836979669,-275.8648369796689
2752.6,2401.143659498185,351.4563405018148
1569.7,1520.3321517246834,49.367848275316646
6615.34,6670.70494346116,-55.36494346115978
1385.16,732.5916004290721,652.568399570928
527.88,2708.071761317609,-2180.191761317609
4067.17,6404.280370650351,-2337.110370650351
851.07,1684.744203153332,-833.6742031533319
2137.71,2433.0278850395443,-295.3178850395443
2160.35,3780.2099471966094,-1619.8599471966095
1613.17,984.6078522882306,628.5621477117695
1724.94,1198.6668713688334,526.2731286311666
2893.42,2198.4098981153143,695.0101018846858
540.2,1283.4707294020884,-743.2707294020884
1823.58,3093.1968444958193,-1269.6168444958194
1224.89,3029.8533872958023,-1804.9633872958022
843.66,1837.9063090778714,-994.2463090778714
441.55,1607.5318494510725,-1165.9818494510725
984.95,2032.853434874964,-1047.903434874964
7493.57,7768.796661860583,-275.2266618605836
2946.13,2275.4500381122452,670.6799618877549
2085.64,3131.324375108866,-1045.6843751088663
836.01,547.5710478682093,288.43895213179064
2029.82,2538.6199652287805,-508.7999652287806
2247.67,929.9137657396425,1317.7562342603576
1296.88,2722.5690613357856,-1425.6890613357855
807.02,983.7582799513971,-176.7382799513971
2005.96,3111.401150722292,-1105.4411507222922
527.53,1977.7277812027264,-1450.1977812027264
344.93,1637.9261238426714,-1292.9961238426713
904.15,351.35616054867023,552.7938394513297
865.43,3273.6449392282684,-2408.2149392282686
8838.57,4344.933431980766,4493.636568019234
12019.28,8143.471087895708,3875.808912104293
927.35,2033.656477748525,-1106.3064777485251
1526.54,2241.918957116295,-715.3789571162952
4219.19,5520.350816553666,-1301.1608165536663
1011.42,4035.1998996009897,-3023.7798996009897
610.19,3291.50431003032,-2681.31431003032
3119.58,2517.1669146086433,602.4130853913566
2317.38,3400.687490402323,-1083.3074904023229
4865.84,3737.655209151495,1128.1847908485051
812.71,2736.953253111284,-1924.243253111284
827.72,1351.683410170459,-523.9634101704589
531.58,1415.1686187163605,-883.5886187163604
6361.17,6326.834126603504,34.33587339649603
2743.58,1380.0190902737718,1363.5609097262281
2133.7,4192.764118993204,-2059.064118993204
824.7,1444.4211173900012,-619.7211173900012
2161.73,1498.9639791580232,662.7660208419768
2046.68,352.90307782679736,1693.7769221732028
3887.69,3701.721194704218,185.9688052957822
3440.95,2033.883997160166,1407.0660028398338
11976.85,8199.735045119443,3777.114954880557
815.1,2024.2377273659454,-1209.1377273659455
575.19,3106.9910504390486,-2531.8010504390486
2327.23,3697.6224553488755,-1370.3924553488755
2287.04,2700.273113754558,-413.23311375455796
823.89,903.5996940137229,-79.70969401372292
3740.67,2303.6441494878527,1437.0258505121474
2211.47,3295.040671729065,-1083.570671729065
741.29,1955.9429933388124,-1214.6529933388124
3881.03,6547.5549759241385,-2666.5249759241383
1337.66,3395.4425944944746,-2057.7825944944743
3982.05,4810.937289520906,-828.887289520906
677.64,1110.3577573280872,-432.71775732808726
2159.99,4864.349072306259,-2704.359072306259
1069.73,2018.7687279554548,-949.0387279554548
3644.64,3492.1818758931145,152.4581241068854
566.28,1244.7508502651897,-678.4708502651897
1386.79,1531.456447433606,-144.66644743360598
3313.45,2188.0691080011807,1125.3808919988192
2535.08,1919.8834620663324,615.1965379336675
369.44,1318.4860795166662,-949.0460795166662
2204.58,655.7012451363912,1548.8787548636087
2741.29,3679.1551234457065,-937.8651234457066
1042.49,1478.2549966093006,-435.7649966093006
1535.05,386.73976889338644,1148.3102311066136
3041.95,2256.2507378183345,785.6992621816653
1686.97,4002.6251361679424,-2315.655136167942
1620.49,3373.5927046330953,-1753.1027046330953
3823.7,2551.401992717891,1272.2980072821088
4063.61,2866.643787276152,1196.966212723848
2049.67,3215.243916402178,-1165.573916402178
2688.52,4861.249124633929,-2172.7291246339287
928.54,1103.9504378589618,-175.4104378589618
13769.15,4310.333987360717,9458.816012639283
1091.69,1403.5652093009792,-311.8752093009791
3184.56,2248.287584242639,936.2724157573612
2211.27,1267.7323147444715,943.5376852555285
4586.58,6539.83704239528,-1953.2570423952802
2681.51,1330.7492830494662,1350.760716950534
980.11,2110.761037490183,-1130.6510374901827
3373.7,4283.306727239431,-909.6067272394312
1282.69,2112.516224362154,-829.8262243621539
5210.45,2991.012729803401,2219.437270196599
885.03,1813.095112770095,-928.0651127700951
2271.82,2891.5918345098485,-619.7718345098483
1077.92,3196.4045774548526,-2118.4845774548526
2810.54,3637.8008007977314,-827.2608007977315
3455.26,2483.523038201285,971.7369617987151
3285.42,3723.5185205873313,-438.0985205873312
2491.99,4087.7631633870787,-1595.773163387079
5169.54,4848.309778580963,321.23022141903675
2963.55,4048.881686671735,-1085.331686671735
557.7,210.53455502368888,347.16544497631116
8524.39,7815.876160472673,708.5138395273261
3605.41,3390.3907208435876,215.01927915641227
3842.45,5641.2069697592315,-1798.7569697592317
15523.43,11716.363218437979,3807.066781562022
11170.31,6489.983873041631,4680.326126958368
2602.97,3776.4390360114826,-1173.4690360114828
3681.96,1033.0358938628315,2648.9241061371686
2700.53,1266.9456917544176,1433.5843082455826
1430.06,2137.4600235419894,-707.4000235419894
1943.92,1512.1462599755107,431.77374002448937
6135.53,4710.4293805423,1425.1006194576994
3596.66,5152.98339462521,-1556.3233946252103
2299.58,3073.41993522888,-773.8399352288802
378.25,1977.1314530323048,-1598.8814530323048
2081.48,1655.1208890257353,426.3591109742647
2504.3,2308.2569705556302,196.04302944436995
545.44,1487.678428985926,-942.238428985926
2070.57,4100.544530746761,-2029.9745307467606
1919.37,3932.8091247622033,-2013.4391247622034
1734.13,1723.9099660712134,10.220033928786734
2015.97,2148.4547926160512,-132.4847926160512
1609.77,461.94162823539955,1147.8283717646004
1663.08,1044.6767103663394,618.4032896336605
1554.99,894.2721247672155,660.7178752327845
14186.65,9863.026922768036,4323.623077231963
797.45,1584.9502987676776,-787.5002987676776
577.16,1372.8300975902682,-795.6700975902683
2252.51,2251.5627716997647,0.9472283002355653
7509.75,1997.1832381571112,5512.566761842889
1476.96,3319.4296422248026,-1842.4696422248026
3190.75,4991.422653780177,-1800.672653780177
2392.7,2475.232980891266,-82.5329808912661
2835.09,2273.453447490447,561.636552509553
915.19,3195.329786243957,-2280.139786243957
931.88,1327.3089229838904,-395.4289229838904
6738.9,5011.070620735892,1727.829379264108
4421.13,3988.3125901028498,432.81740989715036
965.49,1219.3626483728617,-253.8726483728617
2832.78,5271.405881457217,-2438.625881457217
923.61,684.847867581293,238.76213241870698
3364.5,837.1415928329743,2527.3584071670257
3424.87,2863.988134499882,560.8818655001178
1927.62,776.1358083798593,1151.4841916201406
986.11,1242.9841842552987,-256.8741842552987
3023.04,4017.830748580327,-994.7907485803271
4284.88,1235.7677519993736,3049.1122480006266
558.54,1110.6327445834336,-552.0927445834336
2231.02,2183.325734030732,47.694265969268145
3072.4,2637.148612006869,435.2513879931312
556.26,3532.5150856831788,-2976.2550856831785
1331.93,806.7792438908868,525.1507561091132
2744.75,2377.7509831755847,366.9990168244153
863.61,2040.0374741611045,-1176.4274741611043
4064.61,3266.390461087794,798.2195389122062
1700.14,2490.998681152909,-790.8586811529087
1655.92,1900.9694307015152,-245.04943070151512
359.76,1323.9521492547813,-964.1921492547813
2238.02,3376.5285570819256,-1138.5085570819256
1172.35,1437.2489768097512,-264.8989768097513
1349.67,1893.9119563132963,-544.2419563132962
1016.91,1698.4043817345519,-681.4943817345519
14995.06,12068.823997150696,2926.236002849304
1156.57,3673.8387699351683,-2517.268769935168
3231.0,2088.0844340221443,1142.9155659778557
13941.61,7117.559435070537,6824.050564929464
609.66,665.5717190946376,-55.91171909463765
762.48,944.4219423648342,-181.94194236483418
544.35,2413.9809078768503,-1869.6309078768504
936.36,2071.466550532934,-1135.1065505329339
2381.03,3743.39998440261,-1362.3699844026096
509.84,1631.7147660326432,-1121.8747660326433
861.17,554.3830151037625,306.7869848962374
5696.69,4534.06121192123,1162.6287880787695
1200.15,984.3261239604362,215.82387603956386
4657.82,4483.365454193685,174.45454580631485
1401.62,2061.2198819905952,-659.5998819905953
1409.55,1597.6089293362718,-188.05892933627183
10746.79,6285.7318040071505,4461.05819599285
497.8,1714.3092430127751,-1216.5092430127752
1940.38,1502.1761843872341,438.203815612766
1279.52,1349.7154842502339,-70.1954842502339
1116.54,3105.314263866889,-1988.7742638668892
721.9,667.4167527634344,54.4832472365656
1570.8,2574.692433662599,-1003.8924336625989
1318.34,3351.6497392470083,-2033.3097392470083
3183.43,594.0045589272926,2589.425441072707
1302.41,1459.9680212959588,-157.55802129595872
2649.2,2458.5891436053175,190.6108563946823
980.49,1039.2361388660693,-58.74613886606926
1412.06,3631.336823101285,-2219.276823101285
1737.68,1194.5804176769004,543.0995823230996
1629.69,1092.5055941272904,537.1844058727097
5418.2,4366.292593281639,1051.907406718361
6010.74,4939.451817869142,1071.2881821308574
11410.65,11561.720320602348,-151.07032060234815
4228.52,9012.509735822208,-4783.989735822208
1052.27,3640.985502582424,-2588.715502582424
920.19,2204.226471523915,-1284.0364715239148
1079.03,1167.2684268251398,-88.23842682513987
5278.2,3736.6317736822225,1541.5682263177773
7106.8,4857.682436657854,2249.1175633421462
3214.5,2852.76509995902,361.73490004097994
3996.93,3238.693521549529,758.2364784504707
3912.23,2073.6693780891032,1838.5606219108968
1834.51,4355.940218904519,-2521.4302189045184
3195.32,4128.831952110654,-933.511952110654
2620.64,2244.8708699194726,375.76913008052725
1278.13,4421.66168123835,-3143.53168123835
2040.48,4343.146621284331,-2302.6666212843306
2631.69,1699.6157011532664,932.0742988467337
1950.76,2870.818667296245,-920.0586672962452
3877.23,5351.387244023366,-1474.1572440233663
5372.55,3575.996300307047,1796.5536996929532
8798.36,6035.978829588693,2762.3811704113077
2071.96,4647.5658782725795,-2575.6058782725795
1585.31,1345.0636336968832,240.2463663031167
1971.81,3788.3376963746296,-1816.5276963746296
1616.27,958.7535939106065,657.5164060893935
552.1,1202.8295970034942,-650.7295970034942
1523.55,1435.0134689385438,88.53653106145612
339.81,627.2148688033985,-287.40486880339853
173.13,1026.4232638730841,-853.2932638730841
8443.54,6342.932664180369,2100.6073358196318
739.3,1421.802910993555,-682.5029109935551
8513.68,5907.48565180363,2606.19434819637
5931.8,4768.765781376923,1163.0342186230773
980.53,3717.825618725837,-2737.295618725837
1881.75,2198.4545096002307,-316.7045096002307
1453.12,651.6010286103873,801.5189713896126
15957.15,6048.476945447466,9908.673054552533
1707.5,1444.4116187793354,263.0883812206646
1250.93,2292.8474628654844,-1041.9174628654844
5965.33,4016.128711189339,1949.201288810661
879.23,4562.9921346269675,-3683.7621346269675
1625.87,1835.9032873479664,-210.0332873479665
1247.13,3296.7865953509463,-2049.656595350946
7811.16,6277.479608525305,1533.6803914746952
3300.84,3306.987074308316,-6.1470743083159505
1132.43,1281.4854595064724,-149.0554595064723
7676.73,4771.926121319822,2904.803878680177
4140.33,2830.972032624157,1309.3579673758431
2753.37,4560.0013614927675,-1806.6313614927676
7465.82,3750.2661765736416,3715.553823426358
8574.3,6580.777772210919,1993.5222277890807
1121.68,1964.088810626546,-842.408810626546
2714.41,4273.252286993542,-1558.842286993542
1107.44,1555.407186427155,-447.96718642715496
1691.37,2195.8799958388317,-504.50999583883186
1523.93,730.4242359443372,793.5057640556629
3519.23,4594.165102760639,-1074.9351027606385
2469.6,2446.7279439887257,22.872056011274253
4304.3,3235.207977566018,1069.092022433982
1625.26,4213.124328021336,-2587.8643280213355
1861.99,2581.4958022844235,-719.5058022844235
2262.02,2224.267025302477,37.75297469752286
951.54,1352.422068313895,-400.88206831389493
453.2,1388.6727750433038,-935.4727750433037
3380.91,2555.020452535227,825.8895474647729
610.78,609.9761348418357,0.8038651581642853
3891.84,3346.262097163816,545.577902836184
2228.12,3133.358160229618,-905.2381602296182
1472.02,3053.967720848183,-1581.947720848183
1670.26,1670.4018300164832,-0.14183001648325444
6591.15,4545.817651406809,2045.3323485931905
5067.05,4870.315124059484,196.73487594051585
620.89,901.6410982641207,-280.75109826412074
798.97,734.0798565915791,64.89014340842095
5324.98,6870.556897297424,-1545.5768972974247
6627.77,9475.193568774492,-2847.4235687744913
806.57,1150.3907744382102,-343.82077443821015
343.35,1388.0600470657666,-1044.7100470657665
5634.57,5151.339676404717,483.23032359528315
1958.66,4138.975312713896,-2180.3153127138958
1339.38,2451.9645502767526,-1112.5845502767525
6213.63,2955.622911513566,3258.007088486434
2443.24,1734.698871100038,708.5411288999617
5333.0,2545.855199827789,2787.144800172211
1218.05,753.3797249818492,464.67027501815073
195.18,2379.967865181826,-2184.787865181826
8568.7,3634.7708357710426,4933.929164228958
693.52,1310.8462120542276,-617.3262120542277
1037.64,1354.2996921758984,-316.6596921758983
1906.57,2117.784057845841,-211.2140578458409
5568.78,6505.136495041858,-936.3564950418586
3718.55,6591.655561800647,-2873.1055618006467
821.28,1579.1164871974486,-757.8364871974486
1965.86,1569.9131170368335,395.94688296316644
1791.7,44.17283807085852,1747.5271619291416
535.54,697.4612617465751,-161.92126174657517
1030.11,2456.8064030548844,-1426.6964030548845
2288.1,3578.3049894463306,-1290.2049894463307
14752.78,5535.123573757402,9217.6564262426
1454.54,1496.199608828762,-41.659608828761975
2262.49,4116.444201344061,-1853.9542013440614
779.49,2092.436964475765,-1312.9469644757648
913.31,1182.0107475193236,-268.7007475193236
3943.95,6961.504989802452,-3017.554989802452
8367.25,12890.063815961545,-4522.813815961545
472.19,1672.3908121482216,-1200.2008121482215
3871.88,5467.201250586912,-1595.3212505869114
2152.23,2828.4486997893355,-676.2186997893355
1685.15,1651.7695907083857,33.38040929161434
2878.27,6865.536306540676,-3987.2663065406764
9818.86,3979.3615936717742,5839.498406328226
6714.52,7657.417793233763,-942.897793233763
1532.02,3298.743373370729,-1766.723373370729
1837.35,853.625582787196,983.7244172128039
5227.85,6602.488815287321,-1374.6388152873205
2085.36,2530.232659874847,-444.8726598748467
811.1,3059.323238839161,-2248.2232388391612
1220.98,2886.9733334632565,-1665.9933334632565
5405.49,6788.7064190791925,-1383.2164190791927
1347.6,2193.998376342348,-846.398376342348
2655.01,1582.630276743668,1072.3797232563322
2075.26,478.2359778063252,1597.0240221936751
15013.38,12888.949825241616,2124.430174758383
1658.93,3237.857590860838,-1578.927590860838
1462.64,2689.688616889792,-1227.0486168897917
2322.58,3764.373090217037,-1441.793090217037
1011.4,1442.1047585394538,-430.7047585394538
4556.91,4427.579023967934,129.33097603206625
2374.05,1074.815327347891,1299.234672652109
2520.34,962.8988981542423,1557.4411018457579
1657.13,1267.8558542280568,389.27414577194327
3706.35,2726.184555528657,980.1654444713431
1502.91,2354.5117599331575,-851.6017599331574
1574.52,1614.370280814597,-39.850280814597
5706.77,4761.692427785589,945.0775722144117
4322.78,3968.6573699414394,354.1226300585604
1045.93,1188.4738502499554,-142.5438502499553
2102.32,1999.1401491827824,103.17985081721781
1324.84,518.6034632118948,806.2365367881051
2455.09,3056.322491313758,-601.2324913137577
2830.9,2273.2434262908578,557.6565737091423
1095.89,2357.5166462884226,-1261.6266462884225
1378.27,2496.5822189152273,-1118.3122189152273
1556.75,1985.9574323833886,-429.20743238338855
1883.23,2392.716424022162,-509.4864240221618
1114.83,4329.282302556279,-3214.4523025562794
378.76,1343.9160995806835,-965.1560995806835
2954.62,4503.474385617794,-1548.854385617794
197.07,1215.7928336978437,-1018.7228336978437
7829.13,7395.455494077169,433.6745059228315
2335.75,1498.552648217087,837.1973517829131
2894.9,1183.287124739957,1711.612875260043
4952.3,3152.048836205378,1800.2511637946222
1567.46,811.5281914067364,755.9318085932637
3643.81,782.5013117077901,2861.30868829221
2616.63,4624.644250227811,-2008.0142502278113
4289.98,4090.8832458838124,199.09675411618718
1099.04,1575.8936613167111,-476.85366131671117
5885.68,7826.093916238302,-1940.4139162383017
1650.75,2770.9478805437193,-1120.1978805437193
5056.38,6390.896732882943,-1334.516732882943
2147.2,4828.478739642766,-2681.2787396427666
1069.97,1707.207931935373,-637.2379319353729
989.26,468.5873188380874,520.6726811619126
1761.73,1124.1090133792616,637.6209866207384
3374.81,2888.0289161337128,486.7810838662872
3748.98,2534.989264543573,1213.990735456427
2680.0,4010.2564970300527,-1330.2564970300527
3486.69,2846.5786354524726,640.1113645475275
7256.32,7618.369173152823,-362.04917315282364
8646.52,4480.602574338386,4165.917425661614
1890.46,1803.2096845706387,87.25031542936131
3095.13,5488.582894515645,-2393.4528945156453
6482.37,2337.129430168768,4145.240569831232
11428.89,7832.736817318564,3596.1531826814353
1512.04,3383.2699199446242,-1871.2299199446243
898.55,2257.273260298035,-1358.723260298035
3055.15,2696.587439524855,358.5625604751449
958.04,568.7485407396736,389.2914592603264
1626.55,2817.5686574959554,-1191.0186574959555
6537.98,6910.122312587765,-372.14231258776545
2842.53,2682.9282932239003,159.60170677609995
1442.7,2390.3746707237833,-947.6746707237833
960.13,1737.5372816691347,-777.4072816691347
5138.76,5253.997615500081,-115.23761550008112
2307.17,2916.373363356828,-609.203363356828
1023.46,631.608911359866,391.851088640134
5202.59,4925.519825067136,277.0701749328646
4035.33,6091.9470669592565,-2056.6170669592566
2838.17,2297.0049198621887,541.1650801378114
4592.39,3777.8759540983915,814.5140459016088
1187.54,2509.2545914334446,-1321.7145914334446
588.2,1759.5774978748227,-1171.3774978748227
550.74,-510.1715485340231,1060.911548534023
2535.04,2053.794372010749,481.2456279892508
7599.04,3071.470570037525,4527.569429962476
975.82,314.217892872662,661.6021071273381
6234.55,4529.381859405495,1705.1681405945055
1502.58,1776.4403291010326,-273.8603291010327
1026.29,2698.032124774637,-1671.742124774637
2837.93,2710.901523015527,127.02847698447295
1753.02,2011.0623233632696,-258.0423233632696
1114.16,1364.4295804436929,-250.2695804436928
3355.44,3711.220633862179,-355.780633862179
2643.38,3514.6566575665106,-871.2766575665105
3761.55,3089.238676564108,672.3113234358921
1073.9,3079.6093922536925,-2005.7093922536924
3052.8,1888.3539200099522,1164.446079990048
875.37,1959.095454945078,-1083.7254549450781
4929.93,5448.91157326669,-518.9815732666893
2663.54,4711.343029871866,-2047.8030298718659
761.95,2376.230211252787,-1614.2802112527868
790.25,1322.8811641839768,-532.6311641839768
1875.11,2310.85483546543,-435.74483546543
335.99,2467.784106722195,-2131.7941067221946
693.18,2895.922029113622,-2202.7420291136223
717.11,1939.0032101740358,-1221.8932101740356
1824.33,2038.0021653919716,-213.6721653919717
3984.34,1281.0602011822677,2703.2797988177326
523.54,2103.8999549835103,-1580.3599549835103
2445.99,1544.1123709334354,901.8776290665644
3701.91,4056.2953829828994,-354.3853829828995
740.2,1772.2193736992135,-1032.0193736992135
3702.53,1682.102043535599,2020.4279564644012
580.31,293.3607358712019,286.94926412879806
4805.15,2153.8309737643617,2651.319026235638
1509.41,1192.485741006118,316.9242589938822
8769.83,9549.651675441233,-779.8216754412333
2642.72,2967.0724728833743,-324.3524728833745
524.33,1110.6481361084498,-586.3181361084497
7850.82,5798.334449655175,2052.4855503448243
11092.23,2277.5934745105014,8814.636525489499
2780.44,4228.2198598936875,-1447.7798598936874
1929.09,2444.24898306759,-515.15898306759
1957.49,1740.8629493321723,216.6270506678277
6584.68,6429.443944112508,155.2360558874925
1412.06,2571.6089635224826,-1159.5489635224826
5388.35,4218.621959070882,1169.728040929118
3173.72,2873.494785155183,300.22521484481695
5225.7,4322.720686439113,902.979313560887
1332.98,2335.909749562187,-1002.9297495621868
16044.14,8552.751769176302,7491.388230823697
1353.6,1499.8305577726337,-146.2305577726338
254.54,2183.063045562669,-1928.5230455626688
1584.05,4068.6911002799034,-2484.641100279903
2119.07,2165.2866769462003,-46.216676946200096
1488.6,3365.991757772864,-1877.391757772864
5906.68,3838.6088906462082,2068.071109353792
1022.11,1542.6150771216921,-520.5050771216921
1596.17,2008.0516134291775,-411.8816134291774
875.59,1526.0638475879841,-650.4738475879841
1244.03,4853.02200935221,-3608.9920093522105
2436.61,17.4018494420896,2419.2081505579104
1280.53,2657.9150993794638,-1377.3850993794638
2588.77,2569.0464331348658,19.723566865134217
5321.49,3129.9230193673243,2191.5669806326755
3603.72,2219.698717293465,1384.0212827065347
1497.51,1859.8974337613295,-362.3874337613295
591.58,1704.1486450339216,-1112.5686450339217
1820.38,2464.195176125453,-643.815176125453
2829.12,2704.289699863803,124.83030013619691
649.01,3887.7888846562673,-3238.778884656267
3794.67,5542.039787431074,-1747.3697874310737
2314.33,5652.708647150589,-3338.378647150589
4086.24,2793.0551169680266,1293.1848830319732
619.56,1816.5615416371688,-1197.0015416371689
1221.58,2621.834112768408,-1400.254112768408
3457.98,2600.644310661771,857.3356893382288
624.98,-316.64666640853176,941.6266664085317
888.25,2140.8640260775514,-1252.6140260775514
5275.27,2361.933054224857,2913.3369457751432
11670.31,7646.956030477539,4023.353969522461
4300.62,6741.0524248394295,-2440.4324248394296
2181.93,6610.327831105907,-4428.397831105907
915.05,1202.3651713670813,-287.31517136708135
4608.26,4989.136310276079,-380.8763102760786
971.78,3158.5071570730897,-2186.72715707309
2232.13,2177.1382071096386,54.99179289036147
6992.25,3975.631097358979,3016.618902641021
4453.05,2734.047551714164,1719.0024482858362
3423.57,3593.9258743646074,-170.3558743646072
628.76,299.08800503998714,329.67199496001285
2719.93,4157.29558379008,-1437.36558379008
5304.63,8575.812848042846,-3271.1828480428458
19841.53,13519.048003450986,6322.481996549013
6175.24,5419.846719265664,755.3932807343353
8017.88,8589.923858760067,-572.0438587600665
5858.01,2838.2294045301187,3019.7805954698815
12381.91,11719.025158205492,662.8848417945082
545.45,1960.3541562904707,-1414.9041562904706
3956.06,3013.2293476522614,942.8306523477386
1270.8,1941.949617163063,-671.1496171630631
964.13,1966.5327228223282,-1002.4027228223282
2090.32,2205.6400168812975,-115.3200168812973
962.06,-24.431064427560386,986.4910644275603
2859.39,1582.0204363191895,1277.3695636808104
668.25,1862.8758153741155,-1194.6258153741155
996.02,3514.0986049194726,-2518.0786049194726
844.36,1739.3342860809958,-894.9742860809957
1653.03,1844.7556083592035,-191.72560835920353
1268.59,1483.9017758609552,-215.31177586095532
1239.7,2269.9410283650427,-1030.2410283650427
8339.46,5608.952910512491,2730.507089487508
4208.22,4116.002710659412,92.21728934058865
870.61,1095.6890354583054,-225.07903545830538
4786.29,3614.1114359193166,1172.1785640806834
818.5,1906.5145211930744,-1088.0145211930744
1216.66,2411.5387989534825,-1194.8787989534824
909.03,3282.2483283383217,-2373.218328338322
594.18,1204.8194439124966,-610.6394439124966
6103.07,3666.2566438875956,2436.813356112404
4018.77,1427.730666012211,2591.039333987789
859.78,1672.7578161234912,-812.9778161234913
3521.69,2420.235550144866,1101.454449855134
2369.11,2789.9128778516383,-420.8028778516382
1564.65,1850.5775341800336,-285.9275341800335
1815.42,3387.965515887827,-1572.5455158878272
4023.36,3127.0011046832433,896.3588953167568
6654.57,7722.660738129128,-1068.090738129128
1278.24,2894.545518679917,-1616.3055186799172
3792.72,3248.50020664886,544.2197933511397
485.97,1451.963226716398,-965.9932267163979
1959.86,3377.9637495617453,-1418.1037495617454
1218.24,226.635244157476,991.604755842524
2163.77,3522.2107936933417,-1358.4407936933417
3546.24,3402.5147663866983,143.7252336133015
5855.52,2511.8333159386675,3343.686684061333
1251.62,1012.9829516155266,238.63704838447325
1976.03,3336.161140512305,-1360.131140512305
5220.38,152.63688026713498,5067.743119732865
2633.19,1530.9172492374512,1102.2727507625489
866.83,950.1250539100893,-83.29505391008922
673.15,1651.6939878987669,-978.5439878987669
5437.01,5229.692014289309,207.31798571069157
942.21,961.154742830744,-18.944742830743962
4059.61,3029.626568424727,1029.9834315752732
1162.06,1671.8449738025836,-509.78497380258364
577.47,2875.977928488308,-2298.5079284883077
2086.56,3987.6471327954114,-1901.0871327954114
1085.11,1964.973028416162,-879.863028416162
803.35,1110.7013514795308,-307.35135147953076
12145.5,7110.859787540961,5034.640212459039
12432.48,9414.361242293879,3018.118757706121
3151.96,3535.948934395649,-383.9889343956488
4309.29,2901.2663397616693,1408.0236602383306
2641.59,2525.8582358879826,115.73176411201757
1473.87,2517.82172327788,-1043.9517232778803
352.18,1485.4039133819088,-1133.2239133819087
3104.74,5354.801712872978,-2250.061712872978
765.3,6058.149977758956,-5292.849977758956
1547.03,2397.9763935932106,-850.9463935932106
4913.96,2326.465310998646,2587.494689001354
594.11,1540.4511004060628,-946.3411004060628
1528.29,1911.2041140317583,-382.91411403175834
4433.84,6162.386338339576,-1728.5463383395754
1774.77,1843.71228396262,-68.94228396261997
1933.27,1702.4023420032281,230.86765799677187
2017.37,2763.9650711145728,-746.5950711145729
4891.47,3293.722060483948,1597.7479395160522
3183.0,1888.4213191365907,1294.5786808634093
1794.53,1728.8023996893896,65.72760031061034
1334.91,5721.200733009661,-4386.290733009661
2519.71,354.51878962515457,2165.1912103748455
2601.86,2072.2813823955516,529.5786176044485
1847.96,3358.207948363144,-1510.2479483631441
1236.0,714.9223385584985,521.0776614415015
1188.0,1916.6603826563542,-728.6603826563542
2192.8,3420.3669974068657,-1227.5669974068655
3771.67,2725.0565296532964,1046.6134703467037
536.06,274.8044554405285,261.25554455947145
6167.16,2386.567339824297,3780.592660175703
2814.99,2133.567231009644,681.422768990356
5421.67,4800.365520620837,621.3044793791632
561.01,1339.5736141929974,-778.5636141929974
6612.46,7327.719648947517,-715.2596489475172
3379.56,2415.006859134161,964.5531408658389
3073.84,2823.5001849489613,250.33981505103884
6228.31,3439.6068807910715,2788.703119208929
2103.99,1209.1651861278585,894.8248138721412
3445.44,1012.4568720559596,2432.9831279440405
4911.95,6002.029821451634,-1090.0798214516344
2136.89,834.9649455061099,1301.92505449389
513.51,1220.97216897293,-707.4621689729299
4346.14,5683.355751812459,-1337.2157518124586
2692.57,3372.678807275233,-680.1088072752327
1883.15,1617.02861202659,266.12138797341004
1661.44,2743.1534634151753,-1081.7134634151753
1774.72,2888.769880410688,-1114.049880410688
1057.54,1436.8858657015617,-379.3458657015617
881.93,1372.869399719814,-490.9393997198141
1799.82,1511.5431916916014,288.2768083083986
1332.16,3155.0862036301655,-1822.9262036301654
1386.13,1872.9268309893746,-486.7968309893745
10038.53,6958.039858740468,3080.4901412595327
2799.36,3575.235293924748,-775.8752939247479
967.44,1961.6402523007023,-994.2002523007022
1165.92,3033.445566709702,-1867.5255667097017
1832.27,729.6224055479045,1102.6475944520955
1840.35,2924.201017869194,-1083.851017869194
1696.62,1093.5644253215607,603.0555746784391
871.73,3550.6350371784447,-2678.9050371784447
4611.23,7101.829078934233,-2490.599078934233
9383.8,4983.357720704187,4400.442279295812
827.32,1558.3005080051366,-730.9805080051366
6093.34,4012.2199116904685,2081.1200883095316
2132.7,2495.343475621133,-362.64347562113335
1564.12,1224.9532129464508,339.1667870535491
1347.15,1425.4581661649163,-78.3081661649162
580.94,2153.037548045626,-1572.097548045626
3946.34,3513.766974152388,432.57302584761237
4414.66,3045.535313113471,1369.1246868865287
7844.58,5381.357238621702,2463.222761378298
2495.87,3610.741225918824,-1114.8712259188242
1282.3,1063.1889526622765,219.11104733772345
1244.41,2737.9905157681064,-1493.5805157681064
2296.39,2558.975872313457,-262.585872313457
516.22,2240.354609331077,-1724.134609331077
1704.39,2076.406903502715,-372.01690350271497
9746.69,6179.232432520062,3567.457567479939
3371.63,2744.201893405714,627.428106594286
1105.21,2409.7198269972105,-1304.5098269972104
5802.39,7079.229391546255,-1276.8393915462548
2956.44,4328.607399089946,-1372.1673990899458
1468.75,4708.348565627226,-3239.598565627226
880.12,1730.008201779238,-849.8882017792381
1341.15,788.708269163287,552.4417308367131
2246.3,1693.2757474417215,553.0242525582787
3735.38,2785.0228710439824,950.3571289560177
1238.58,2488.4195404178263,-1249.8395404178264
4472.62,3954.5893024563456,518.0306975436542
12970.28,4324.4638998885275,8645.816100111473
508.87,1839.058862162295,-1330.1888621622952
1361.63,1879.7791910235414,-518.1491910235413
605.12,1364.3416993153094,-759.2216993153094
2982.45,2823.718953531304,158.7310464686957
1870.25,1571.7320495852084,298.5179504147916
5216.54,4347.239849759933,869.3001502400666
8303.04,4859.894835465054,3443.145164534947
3806.95,2465.661130218159,1341.2888697818407
10030.36,6593.961437915588,3436.3985620844123
1876.68,3753.967768854559,-1877.2877688545589
1190.01,1420.7260788886992,-230.71607888869926
1441.93,1969.9894744557832,-528.0594744557832
3006.71,1645.2771101198919,1361.4328898801082
987.84,1633.0154681144343,-645.1754681144342
1351.87,884.901485431594,466.9685145684059
5986.48,2648.6419608609717,3337.838039139028
1499.33,2222.2758281205106,-722.9458281205107
955.39,3253.5846911163476,-2298.1946911163477
814.48,1338.8359163398266,-524.3559163398265
2812.66,1652.7708350220382,1159.8891649779616
1314.33,1210.7459352425558,103.58406475744414
12020.29,5755.440606578602,6264.849393421399
1001.44,776.8205962047718,224.6194037952282
1975.71,2404.7411644463546,-429.0311644463545
837.73,2257.1204144587196,-1419.3904144587195
3458.44,4829.781277074518,-1371.3412770745176
3870.21,4607.1375840501605,-736.9275840501605
1026.26,2419.712883153511,-1393.452883153511
745.51,1497.1881947093527,-751.6781947093527
5196.22,4372.744096055438,823.4759039445626
644.5,2273.743566927658,-1629.2435669276579
10664.23,7351.977562920298,3312.252437079702
1933.02,2553.2427971083816,-620.2227971083817
3558.53,2454.7228909836235,1103.8071090163767
10656.23,11247.996900696086,-591.7669006960859
6197.85,4040.819518580255,2157.0304814197452
2346.82,3761.2949971571074,-1414.4749971571073
9612.72,5237.492145465919,4375.2278545340805
842.63,-46.93161944867785,889.5616194486779
874.9,1068.304846239187,-193.40484623918712
816.94,569.2096368023874,247.73036319761263
334.42,1018.3471190585981,-683.927119058598
1821.49,2875.66418443127,-1054.1741844312699
5762.73,2515.3841940920615,3247.345805907938
3935.61,2949.078574716393,986.531425283607
961.83,1290.3805137727743,-328.55051377277425
1902.03,3037.709506355372,-1135.679506355372
2807.66,1308.7815852051167,1498.8784147948832
885.85,2789.164266713179,-1903.3142667131792
5127.19,4066.776605930965,1060.4133940690344
2086.69,4749.087100229024,-2662.397100229024
970.24,1478.7080940903356,-508.4680940903356
2273.48,2436.4562266956086,-162.9762266956086
3534.87,2504.349124768908,1030.5208752310918
873.47,1320.7276847846554,-447.25768478465534
4939.82,2877.782806032601,2062.0371939673987
2549.92,2479.6745318973876,70.24546810261245
1170.97,1771.3679944147907,-600.3979944147907
20492.01,6678.677129620447,13813.332870379552
3670.49,2261.9906286635187,1408.499371336481
672.37,947.4962153024312,-275.1262153024312
3037.03,1852.3935545818135,1184.6364454181867
2562.16,3008.5283866427244,-446.36838664272454
2402.75,2079.2032076254063,323.5467923745937
1271.05,573.3828779856389,697.6671220143611
1832.06,2049.2926995317134,-217.23269953171348
717.22,1685.8157553911622,-968.5957553911621
1039.74,2410.7839491557615,-1371.0439491557615
3388.16,3448.481513803994,-60.321513803994094
918.27,646.7549108427121,271.5150891572879
926.47,1895.859060559099,-969.3890605590989
3966.25,1087.542755005409,2878.707244994591
836.02,593.7300121926463,242.28998780735367
3377.95,1627.132563453716,1750.8174365462837
6865.5,7194.064876422887,-328.5648764228872
2109.98,5075.800743548832,-2965.8207435488316
2891.46,2672.9762154913315,218.48378450866858
4821.21,1896.3022077458609,2924.907792254139
3337.34,1915.6717239862455,1421.6682760137546
13324.34,5554.2440611318825,7770.095938868118
2509.51,2203.1858878854478,306.32411211455246
1168.14,1591.0718100273793,-422.93181002737924
5409.39,4107.220955450352,1302.1690445496479
615.66,782.6042326992037,-166.94423269920378
684.52,186.76418853903658,497.7558114609634
3963.12,4123.8911163518915,-160.77111635189158
3247.8,4414.201672524121,-1166.4016725241208
6164.25,4151.548235407351,2012.701764592649
3128.07,3931.297660899716,-803.2276608997158
2993.2,4216.745207980137,-1223.545207980137
4211.02,4778.735101490285,-567.7151014902847
2394.18,3572.506809956271,-1178.326809956271
4328.45,7918.526725947185,-3590.076725947185
4041.89,1986.1479399155587,2055.742060084441
7238.38,3342.0395154638113,3896.340484536189
2027.52,3241.8474113008906,-1214.3274113008906
1305.2,3208.2795414432712,-1903.0795414432712
1043.71,640.8449391333814,402.8650608666186
847.0,6333.925199300524,-5486.925199300524
2077.81,5593.710205017036,-3515.900205017036
4733.51,2980.422596032749,1753.0874039672512
2960.93,2003.9943506643535,956.9356493356463
856.29,2334.2806040332252,-1477.9906040332253
1420.43,2114.0217291459817,-693.5917291459816
1779.12,2639.4648858113164,-860.3448858113165
3429.27,5916.586141866639,-2487.316141866639
6455.68,6006.040237521625,449.6397624783749
4299.22,2067.2933414559193,2231.926658544081
2705.16,2776.6384907744095,-71.47849077440969
1455.41,2157.4622918592027,-702.0522918592026
1910.25,3802.9506965642986,-1892.7006965642986
970.55,165.43417397559165,805.1158260244083
3686.55,4807.258850581903,-1120.7088505819029
971.8,2027.816202068841,-1056.016202068841
3038.74,5404.057903379276,-2365.317903379276
4874.0,2040.7758182348557,2833.2241817651443
2654.29,2234.978692299397,419.3113077006028
2794.2,5091.295461921292,-2297.0954619212926
3445.91,3430.9475786632934,14.962421336706484
18865.8,7406.199611351562,11459.600388648436
8178.4,6829.137106191276,1349.2628938087237
2681.42,1118.8779739312752,1562.542026068725
1893.1,914.8520204168628,978.2479795831371
4478.61,5381.167081575699,-902.5570815756992
2312.87,4769.020880312315,-2456.150880312315
5402.18,1950.646279682519,3451.5337203174813
1989.7,2541.375133225529,-551.6751332255292
1165.32,3207.184540570472,-2041.8645405704722
2671.17,3067.6340059630847,-396.4640059630847
1309.1,5232.660974507067,-3923.5609745070674
4930.04,5560.436659974048,-630.3966599740479
2197.08,1401.94399779263,795.13600220737
2485.36,4062.7703336704844,-1577.4103336704843
2488.79,2389.3190932111634,99.4709067888366
1837.66,790.670509643217,1046.989490356783
2188.8,3482.3989952677816,-1293.5989952677814
1383.49,1568.7869292748164,-185.29692927481642
3350.08,4015.4558875067314,-665.3758875067315
4101.18,5182.929596442963,-1081.7495964429627
1469.82,3166.250696233815,-1696.4306962338148
2992.39,3848.231249066177,-855.8412490661772
842.94,2065.8864719868016,-1222.9464719868015
4727.87,6221.2165705073785,-1493.3465705073786
4516.16,1704.6796645998845,2811.480335400115
1199.28,1730.983726992372,-531.7037269923721
1251.56,2660.657022290011,-1409.097022290011
2368.76,2839.136718429878,-470.37671842987766
6495.92,3922.0494307951603,2573.8705692048397
7225.31,11053.33500671864,-3828.02500671864
1628.55,1914.7065707260845,-286.1565707260845
1498.01,2144.9843716140876,-646.9743716140877
1255.52,1752.144290938957,-496.6242909389571
518.93,1661.0169691571264,-1142.0869691571265
1087.8,715.6098550710735,372.19014492892643
3425.58,4123.396710027415,-697.816710027415
5392.25,8081.499126373973,-2689.249126373973
888.47,2559.300693855759,-1670.8306938557591
2736.47,1348.6660330447626,1387.8039669552372
4476.02,3145.159528924129,1330.8604710758714
1652.88,304.0658393291625,1348.8141606708377
892.38,1447.8039281283577,-555.4239281283577
391.36,1979.6922182079757,-1588.3322182079755
2596.37,3389.8229793726487,-793.4529793726488
544.1,1461.4187233034872,-917.3187233034872
3519.53,1382.0049945041615,2137.5250054958387
1973.78,1657.8053483476967,315.97465165230324
3053.83,3297.6931956422163,-243.8631956422164
1644.75,6049.837719782828,-4405.087719782828
7843.58,3010.2642148980713,4833.315785101929
2060.48,1581.5789309754641,478.9010690245359
1239.17,1578.5881175652323,-339.41811756523225
3868.09,6132.969124259841,-2264.879124259841
2375.92,2471.1217483860246,-95.20174838602452
1132.44,3519.8970438390247,-2387.4570438390247
733.48,1800.9055295098156,-1067.4255295098155
777.12,1988.6693156146684,-1211.5493156146686
366.92,1982.1460828305767,-1615.2260828305766
4569.8,2729.916091991932,1839.8839080080684
5824.75,4512.74020584369,1312.00979415631
2359.13,2661.0272235038055,-301.89722350380544
542.01,1393.9841060558042,-851.9741060558042
7241.85,5559.616231420728,1682.2337685792727
752.08,2303.7974492939384,-1551.7174492939384
1139.54,5198.433411746803,-4058.8934117468034
130.0,1590.7939078181892,-1460.7939078181892
4222.99,4161.075218653099,61.91478134690078
1448.7,3319.3162062407678,-1870.6162062407677
4995.25,2374.7144738407756,2620.5355261592244
755.53,720.6499983722281,34.88000162777189
3090.28,3005.312276758047,84.96772324195308
1449.88,2630.0035026303194,-1180.1235026303193
1875.19,2567.6905736990457,-692.5005736990456
3286.68,3226.0665939128935,60.61340608710634
5053.88,6428.881358997876,-1375.0013589978762
759.28,1615.1265425891993,-855.8465425891993
9109.19,7558.196940133115,1550.9930598668852
1783.27,4253.912618966101,-2470.642618966101
818.96,795.9085447547004,23.05145524529962
731.56,-196.5515199147074,928.1115199147073
3670.28,4709.887836884634,-1039.6078368846343
1447.75,1649.3399071887288,-201.58990718872883
1319.38,1593.6257906822493,-274.2457906822492
3096.31,3198.8142048635927,-102.5042048635928
741.49,885.8285913221005,-144.33859132210046
10128.09,2725.6187196142027,7402.471280385797
2144.24,1195.106586918888,949.1334130811117
3581.06,5316.344939885823,-1735.284939885823
2840.56,5235.329150307411,-2394.7691503074107
910.65,2708.1153766129955,-1797.4653766129954
4438.48,6060.576787618008,-1622.0967876180084
1695.32,2313.4144077182586,-618.0944077182587
2884.02,5500.625339066737,-2616.605339066737
1678.23,2731.928181154242,-1053.6981811542419
1603.15,4496.809489157278,-2893.659489157278
8947.84,6441.185712093108,2506.654287906892
1624.41,1517.197765102339,107.21223489766112
601.45,2895.582853763161,-2294.1328537631607
1080.0,3255.3446000510817,-2175.3446000510817
1400.04,1784.541270630321,-384.50127063032096
1380.2,1854.6439305551357,-474.4439305551357
3672.4,5704.826010396275,-2032.4260103962747
5651.35,3408.9416604941316,2242.4083395058688
1106.74,415.1414476405322,691.5985523594678
1212.28,385.3318007352017,826.9481992647983
6077.86,3805.5276339118063,2272.3323660881933
3789.03,1978.416170590961,1810.6138294090392
518.41,1497.1748190403337,-978.7648190403337
2696.88,4642.184279442742,-1945.304279442742
1837.42,3043.8846192953624,-1206.4646192953624
699.58,1309.577102647414,-609.997102647414
4663.51,7813.142376556688,-3149.6323765566876
14768.03,10204.05238728095,4563.977612719051
3762.3,2329.519126054933,1432.780873945067
1042.18,5698.074261876933,-4655.894261876932
1000.06,1583.4119464620162,-583.3519464620163
397.04,1981.262342187712,-1584.222342187712
5890.93,6169.449896422425,-278.5198964224246
5809.77,5674.701597609797,135.06840239020312
3460.48,3548.934381834856,-88.45438183485612
3639.94,2429.979502646154,1209.9604973538462
4315.7,2829.6484619088073,1486.0515380911925
3680.55,2865.8873442738977,814.6626557261025
1541.06,3052.045910134577,-1510.985910134577
1914.64,1039.7244717165659,874.9155282834342
833.68,1685.2791970614378,-851.5991970614378
866.4,661.1448529614555,205.25514703854446
876.42,1257.2454677412798,-380.8254677412798
3089.16,3201.6286380250162,-112.46863802501639
1767.92,4555.479198542321,-2787.5591985423207
2648.85,994.253402372151,1654.596597627849
3297.19,2481.6294061391663,815.5605938608337
1704.91,2290.8148230113825,-585.9048230113824
5237.72,6461.4906298641245,-1223.7706298641242
4756.61,4694.626304185849,61.98369581415045
2809.57,3289.613385170012,-480.0433851700118
1213.56,1669.8607647245599,-456.30076472455994
1038.88,1227.4483688524579,-188.56836885245775
5883.15,4662.135231869251,1221.014768130749
971.25,1977.5597546110453,-1006.3097546110453
12223.56,6296.792611816145,5926.767388183855
1999.47,4177.872847236566,-2178.4028472365653
1663.06,2954.9016501904894,-1291.8416501904894
1372.44,1697.1532574557189,-324.7132574557188
2074.4,1816.598012299109,257.801987700891
4312.47,1058.0287562785245,3254.441243721476
1541.76,2928.3214702918735,-1386.5614702918735
1111.41,215.3896585758887,896.0203414241114
1169.19,2008.9164064036631,-839.7264064036631
1364.18,984.0052313009019,380.1747686990982
4223.76,3794.601517152433,429.15848284756703
2137.37,1877.7949982276914,259.5750017723085
1430.29,1597.7816970027209,-167.4916970027209
4008.52,6408.244082710296,-2399.7240827102964
639.01,2142.950458892315,-1503.940458892315
5751.09,3650.7538048160695,2100.3361951839306
2902.63,4267.911713414944,-1365.2817134149436
1936.86,1861.825986823981,75.03401317601879
7111.69,11261.331919615208,-4149.641919615208
1474.47,1244.3658487927662,230.10415120723383
9098.16,5677.275147581959,3420.884852418041
1689.37,1879.2967820002482,-189.9267820002483
1036.91,944.9022911395041,92.007708860496
526.3,1173.043941020512,-646.743941020512
16453.31,3541.2755685310663,12912.034431468936
1152.73,2370.224282596022,-1217.494282596022
7247.33,4240.151642261637,3007.178357738363
560.3,966.6567520994522,-406.35675209945225
1841.15,3055.1102682311653,-1213.9602682311652
22302.6,4274.510893707898,18028.0891062921
870.14,1473.7686785841381,-603.6286785841381
1798.54,2155.5068056091004,-356.96680560910045
1663.91,1984.8095311448988,-320.8995311448987
3475.41,3574.6140806737326,-99.20408067373273
2311.72,2280.2776204824986,31.442379517501195
3528.52,2522.9707748409924,1005.5492251590076
16373.95,7808.73473353343,8565.21526646657
9140.96,10869.689370828757,-1728.729370828758
1292.66,2870.1545585496256,-1577.4945585496255
1940.12,4755.887325064698,-2815.7673250646985
1273.26,3557.25020154173,-2283.99020154173
850.92,2018.9264894844569,-1168.0064894844568
2838.05,2321.2004172077254,516.8495827922748
2678.55,1171.2199913892136,1507.3300086107865
1339.09,2642.2099278989035,-1303.1199278989036
557.66,1820.507516221825,-1262.8475162218251
775.53,1387.7418700377868,-612.2118700377869
952.32,779.0107473405553,173.30925265944472
5590.09,5182.826544598319,407.2634554016813
4599.52,5380.431316235154,-780.9113162351532
3256.19,6114.045418299523,-2857.8554182995226
1872.95,1409.5036778234332,463.4463221765668
2895.7,2476.760394936231,418.9396050637688
890.09,1385.599261488123,-495.5092614881229
9846.04,4664.702513303972,5181.3374866960285
3422.93,2815.964427763197,606.9655722368029
1692.4,1770.4169180331332,-78.01691803313315
2188.3,2651.0521913737452,-462.75219137374506
1611.66,2583.5536108231768,-971.8936108231767
3645.91,2101.9513374759777,1543.9586625240222
3936.57,4562.1685154359275,-625.5985154359273
1400.88,2024.3587962492943,-623.4787962492942
4894.06,4104.342250211025,789.7177497889752
3931.77,4146.18958272325,-214.4195827232502
1586.02,2064.2404418877254,-478.2204418877254
2015.91,1995.429986277889,20.480013722111153
741.13,570.487385309648,170.64261469035205
1641.19,2702.14778571121,-1060.95778571121
3913.23,3656.090890167417,257.139109832583
11618.12,7546.049638525474,4072.070361474527
6488.8,7193.2210785950465,-704.4210785950463
5914.69,5321.924871743867,592.7651282561328
2312.53,1387.6241808163143,924.9058191836859
850.87,2548.943596700406,-1698.0735967004061
728.63,1474.0586040685519,-745.4286040685519
1893.39,82.71104736518623,1810.6789526348139
2002.29,2926.8723540025076,-924.5823540025076
1414.47,2892.182266209351,-1477.712266209351
683.21,2143.9648872717116,-1460.7548872717116
918.91,2088.8126865131912,-1169.9026865131914
1072.93,2283.0627406652065,-1210.1327406652065
6747.27,2983.3731646874385,3763.896835312562
10311.03,7141.453593528599,3169.5764064714012
1710.18,2151.6259853845827,-441.4459853845826
5427.31,7571.303966339436,-2143.9939663394352
7253.61,6350.872750181709,902.7372498182904
5999.66,3841.6098441077247,2158.050155892275
3940.34,3964.2739177881513,-23.93391778815112
2651.52,4707.091876787958,-2055.5718767879584
390.0,1867.7761783491546,-1477.7761783491546
1657.25,4687.39226186419,-3030.14226186419
2855.39,3618.800256761175,-763.4102567611753
5857.21,4415.873295576163,1441.3367044238366
2737.27,2635.0782540273754,102.19174597262463
1504.57,2190.682580748008,-686.1125807480082
2229.76,2750.3646469918317,-520.6046469918315
1034.01,2375.9991065340278,-1341.9891065340278
732.91,1992.8121928190553,-1259.9021928190555
4989.16,5071.781673090197,-82.62167309019696
4245.9,3423.7227786895282,822.1772213104714
534.93,1393.6830892312175,-858.7530892312176
5891.87,2386.4939422729285,3505.3760577270714
5166.79,6110.260704020224,-943.4707040202238
2497.62,2364.808497085636,132.8115029143637
353.23,1355.9011794020464,-1002.6711794020464
4742.53,2123.8647300682155,2618.665269931784
4262.81,3905.7251977979095,357.08480220209094
795.33,2930.032251067852,-2134.702251067852
1612.48,741.079474531896,871.400525468104
811.75,1195.823107533204,-384.07310753320394
3108.47,3566.2286978396496,-457.7586978396498
2048.07,6868.291630556329,-4820.221630556329
6763.8,3536.958658531409,3226.841341468591
1329.84,2046.385791717626,-716.5457917176261
1562.32,1476.545371160574,85.77462883942599
2370.83,3411.8238555472435,-1040.9938555472436
798.98,1392.0947542926965,-593.1147542926965
3010.22,2676.84231474912,333.37768525087995
1508.7,2640.5557315079664,-1131.8557315079663
1761.63,4093.445765122093,-2331.8157651220927
752.54,2204.150481382851,-1451.610481382851
1713.69,1129.4949921586735,584.1950078413265
791.71,4113.420945624196,-3321.710945624196
5989.01,5566.469256867344,422.54074313265664
5565.82,3070.7448291545134,2495.0751708454864
1822.99,1133.6996109187269,689.2903890812731
6086.48,6239.270735399363,-152.79073539936326
16946.2,7671.342519201748,9274.857480798253
3030.07,2808.2220749368926,221.8479250631076
1373.69,678.8890677999809,694.8009322000191
2813.93,2796.054011445768,17.875988554231753
2694.81,6225.74547092043,-3530.9354709204304
3122.09,2135.537183994415,986.5528160055851
3523.03,2000.0911427773067,1522.9388572226935
2409.34,3397.7926472749677,-988.4526472749676
1478.28,1399.6600526707894,78.61994732921062
594.39,3164.5823249492014,-2570.1923249492015
6866.22,5299.006420252297,1567.213579747703
13376.8,7968.824811932206,5407.975188067793
607.19,863.9853505099161,-256.79535050991603
2684.95,785.3525843234047,1899.5974156765951
1738.94,1959.1476037618577,-220.20760376185763
1657.67,4148.476298099215,-2490.8062980992145
1039.33,2012.9742976718603,-973.6442976718604
956.5,1391.8574478431954,-435.35744784319536
10402.27,13268.261292514246,-2865.9912925142453
808.67,1171.1927937434896,-362.5227937434896
337.9,-77.16802387399912,415.0680238739991
3659.92,6302.947221497118,-2643.0272214971183
2307.49,1735.090528302277,572.3994716977227
8039.67,5000.191616040573,3039.4783839594274
2341.13,1940.1040188969514,401.0259811030487
2159.08,2283.4297856566313,-124.34978565663141
5779.84,4137.537917846451,1642.3020821535492
8514.6,9140.231817814569,-625.6318178145684
3056.4,2795.134369653333,261.26563034666697
1168.58,3058.5618021418513,-1889.9818021418514
2034.05,2646.3403492237753,-612.2903492237754
2202.77,1179.8863714630104,1022.8836285369896
2289.63,1966.065405810587,323.5645941894131
995.42,2254.259682801227,-1258.839682801227
4665.17,6594.097207463631,-1928.927207463631
2122.92,2389.0102181177162,-266.0902181177162
1244.73,2078.833539250726,-834.103539250726
8150.4,5041.388673151737,3109.011326848263
2204.61,3938.3465681275784,-1733.7365681275783
2926.04,1913.1107026361046,1012.9292973638953
660.0,580.4012532091022,79.59874679089785
846.73,1352.7883198302306,-506.05831983023063
805.81,1963.1520275762737,-1157.3420275762737
2324.92,357.8709537619459,1967.0490462380542
3839.66,4518.89168298632,-679.2316829863203
11210.94,3673.6051926975374,7537.334807302463
4077.65,2471.2991051728827,1606.3508948271174
7556.44,5720.877950400236,1835.5620495997637
1349.06,1601.6790456396204,-252.61904563962048
3096.65,3135.266568936211,-38.616568936211024
2529.66,1350.1782681784873,1179.4817318215125
1343.46,4284.069797683323,-2940.6097976833225
2272.11,2156.395828867072,115.71417113292819
2742.56,818.6974436327896,1923.8625563672103
871.81,2239.5024758545537,-1367.6924758545538
996.72,4146.977254587349,-3150.257254587349
2337.35,2725.108827457749,-387.75882745774925
1151.23,3369.2058290766045,-2217.9758290766044
442.57,1737.8890507347278,-1295.3190507347279
1924.72,2541.738661141459,-617.018661141459
6298.3,6487.828554378117,-189.5285543781165
997.87,2147.2011870098836,-1149.3311870098837
2119.97,2765.294905252977,-645.3249052529773
9811.18,4297.008090485138,5514.171909514862
4833.79,8371.549998272978,-3537.759998272978
1695.54,1793.1589484402193,-97.61894844021936
3922.48,5202.796564489871,-1280.3165644898713
4100.48,2772.416827779566,1328.0631722204334
1534.74,2734.249698700333,-1199.5096987003328
1879.22,299.23494481814873,1579.9850551818513
1435.16,1693.1952851586311,-258.03528515863104
3277.37,1935.9259577420144,1341.4440422579855
4074.1,5694.988568904896,-1620.8885689048961
954.64,164.10766567712903,790.532334322871
1463.77,1666.1939434751366,-202.42394347513664
1854.48,2578.17034841143,-723.69034841143
1212.94,-402.74032265664835,1615.6803226566485
4675.67,5358.086906756165,-682.4169067561652
2135.81,2117.88408368307,17.925916316929943
1451.62,1705.2571350509481,-253.63713505094825
1434.98,1964.0591407220381,-529.0791407220381
678.17,1263.04491070438,-584.8749107043801
5336.4,5818.798499218619,-482.3984992186197
2560.94,1109.4549823963318,1451.4850176036682
2274.37,1891.786292350865,382.5837076491348
6162.87,4883.555459197656,1279.3145408023438
1696.14,1215.8213821436264,480.31861785637375
11428.64,5685.212133236738,5743.427866763262
1718.99,2423.1154884601056,-704.1254884601055
3487.81,2991.93473776932,495.87526223068016
452.14,1519.9990090588813,-1067.8590090588814
2676.2,2375.2742936264162,300.9257063735836
1064.38,5317.27490638514,-4252.89490638514
5780.46,8272.767005210906,-2492.307005210906
988.36,829.3544595696656,159.00554043033446
1962.04,3308.8120320527437,-1346.7720320527437
663.19,1565.8766644295422,-902.6866644295421
725.84,674.5163187722546,51.323681227745396
2207.2,2459.2174101653145,-252.0174101653147
7367.49,2726.9362568567567,4640.553743143243
4985.4,3895.570797510024,1089.8292024899756
1204.0,901.0076621449543,302.99233785504566
967.98,1435.4557249271734,-467.47572492717336
828.32,756.8438451783795,71.47615482162053
5492.7,2198.032771236934,3294.667228763066
2903.22,1711.1905468166246,1192.0294531833752
2801.25,2689.3352929576886,111.91470704231142
2226.94,2029.6601560647987,197.27984393520137
580.64,1267.0273337955584,-686.3873337955584
5459.93,2272.347858942977,3187.5821410570234
1709.9,499.05670731636656,1210.8432926836335
8561.84,6428.508880265372,2133.3311197346284
3933.11,1295.9142719866873,2637.195728013313
2478.88,5398.184631564428,-2919.304631564428
2808.58,1499.623037306291,1308.9569626937089
820.9,871.1939714242881,-50.29397142428809
2190.08,2579.121233563162,-389.0412335631622
3235.9,3208.5313705927815,27.368629407218577
1570.93,981.6485097734117,589.2814902265884
1580.01,471.6572775645284,1108.3527224354716
2118.39,1124.7303444589231,993.6596555410767
8489.74,4237.228820885015,4252.511179114985
1258.34,3036.1157079012714,-1777.7757079012715
2731.27,2433.5330308777243,297.7369691222757
4546.41,1372.3962067437665,3174.0137932562334
2189.2,2890.389987177056,-701.1899871770561
1421.08,1625.8493184384874,-204.76931843848752
1071.18,3605.8803647214545,-2534.700364721454
1276.7,1641.95625599373,-365.25625599373006
3384.77,5790.658283399606,-2405.8882833996063
2558.39,1659.2204643161353,899.1695356838645
1695.46,1553.3371093755661,142.12289062443392
934.95,1046.5353327780845,-111.58533277808442
1194.24,1920.2096577068965,-725.9696577068964
586.37,2260.253982927501,-1673.8839829275012
6816.27,3879.781929988426,2936.4880700115746
4852.24,3182.816835199449,1669.4231648005507
611.3,1349.5821404944395,-738.2821404944395
3604.53,4569.926860784291,-965.3968607842912
1526.19,2803.1727318199787,-1276.9827318199787
3125.68,2621.1044434340592,504.5755565659406
1733.95,2218.0810233135135,-484.1310233135134
1331.76,2222.196543104167,-890.4365431041672
3112.67,1879.0567897735932,1233.6132102264069
7787.15,9482.196079089092,-1695.046079089092
1868.72,3111.9524221294587,-1243.2324221294587
4750.66,4122.278561885361,628.3814381146385
5241.97,5105.0784677300735,136.89153226992676
2966.42,4797.679372294743,-1831.2593722947431
3200.96,3795.6629158155783,-594.7029158155783
539.82,859.4262617016343,-319.60626170163425
1688.64,2996.3748778944937,-1307.7348778944936
1539.98,3120.305356501794,-1580.325356501794
1683.67,1457.0987300029371,226.57126999706293
2374.11,3510.5179592534523,-1136.4079592534522
904.9,2298.5606619036344,-1393.6606619036343
1269.67,2116.177696708173,-846.5076967081727
2367.77,1154.0748866269792,1213.6951133730208
4865.9,5968.998798934306,-1103.0987989343066
494.41,1102.5891360737473,-608.1791360737473
899.31,1751.8533057286863,-852.5433057286864
745.75,92.70870478251152,653.0412952174885
6120.75,4907.811789101602,1212.9382108983982
1692.75,493.0393869676665,1199.7106130323336
2305.31,3499.7769835514246,-1194.4669835514246
1425.21,2438.9622032960087,-1013.7522032960087
2021.92,3459.3658673219206,-1437.4458673219206
1791.05,63.79758144661298,1727.252418553387
4481.05,4510.388946660492,-29.338946660492184
1014.59,859.6788093984192,154.91119060158087
2105.04,1744.9540227714006,360.0859772285994
2583.92,3783.0824020205328,-1199.1624020205327
1790.83,3688.266733100004,-1897.436733100004
1493.45,769.8769323805559,723.5730676194441
2346.9,3033.747455763109,-686.8474557631089
2519.39,4645.7140249985705,-2126.3240249985706
1560.67,3577.7885464272913,-2017.1185464272912
4053.75,2478.9776650593894,1574.7723349406106
2072.49,1946.7378374214686,125.75216257853117
1404.6,1681.0722193202075,-276.4722193202076
31710.15,8096.22052046097,23613.92947953903
315.64,1220.4232361134123,-904.7832361134123
773.8,855.3072324422176,-81.50723244221763
1135.57,1419.5228800711545,-283.9528800711546
3874.8,3855.4483376309317,19.351662369068436
5445.16,3460.2804017883905,1984.8795982116094
2113.94,2869.744068779861,-755.8040687798612
1132.38,2733.4092112869616,-1601.0292112869615
1645.28,2571.9268635308667,-926.6468635308668
1588.33,1587.82272322358,0.5072767764199853
1118.77,1205.019341213305,-86.24934121330512
1938.24,1464.1647404490916,474.0752595509084
1872.58,2342.4800624716645,-469.90006247166457
1761.97,2135.615530857002,-373.64553085700186
7052.7,3902.0600096777025,3150.6399903222973
2774.02,1577.3258357537966,1196.6941642462034
1796.17,1769.1326845170315,27.037315482968552
8718.77,6221.512476863187,2497.2575231368137
2550.16,2907.395010390161,-357.2350103901613
766.09,1354.8930295305497,-588.8030295305497
2140.2,3532.8525505391544,-1392.6525505391546
1481.84,1232.336826465914,249.50317353408582
2842.34,3181.1572633907012,-338.8172633907011
2382.95,1519.396723718462,863.5532762815378
2936.66,2185.239117491833,751.4208825081669
2368.76,2011.1243991081378,357.6356008918624
1298.07,2270.4567328992102,-972.3867328992103
3692.29,3225.3281287466525,466.96187125334745
3328.46,5352.077651131442,-2023.6176511314416
8091.48,9460.045503827434,-1368.5655038274344
2970.74,2868.784088950401,101.95591104959885
3688.09,2318.4470225290124,1369.6429774709877
7318.37,3781.5669834328855,3536.8030165671144
4722.74,6853.415302885377,-2130.6753028853773
610.02,1959.6691083787828,-1349.6491083787828
2018.15,790.9747048267668,1227.1752951732333
3995.45,3097.544718534717,897.9052814652828
3633.39,4315.06910198411,-681.6791019841098
6478.4,8426.395624410245,-1947.995624410245
793.89,1838.4002755721795,-1044.5102755721796
2059.34,2802.205070869241,-742.8650708692408
5262.59,7275.909124080497,-2013.3191240804972
2209.26,2342.8149720624824,-133.5549720624822
1636.46,2249.727473136101,-613.2674731361008
3060.73,5202.3954560599195,-2141.6654560599195
10061.75,7717.882410280134,2343.8675897198664
1316.27,1172.9638887690612,143.30611123093877
2821.41,4831.043901840883,-2009.6339018408835
801.36,-32.4350599369576,833.7950599369576
886.67,2343.778748825101,-1457.108748825101
1380.79,2053.2501265621627,-672.4601265621627
2188.91,2760.6080819273743,-571.6980819273745
1603.52,2158.2228412652444,-554.7028412652444
705.59,177.50353466655207,528.0864653334479
577.46,1663.0401355948268,-1085.5801355948267
1368.23,392.6493115145672,975.5806884854328
979.74,1549.9678983834124,-570.2278983834124
1238.99,2575.46867306935,-1336.4786730693502
2945.67,2549.8254990877,395.8445009123002
2527.64,2964.9678404346146,-437.3278404346147
1856.18,1118.9479958613117,737.2320041386884
1605.68,2179.7447970155467,-574.0647970155467
8415.91,3246.0573600039165,5169.852639996083
2232.01,2775.418163333669,-543.4081633336687
5202.91,1588.5134521409163,3614.3965478590835
1463.03,1967.0142939687257,-503.98429396872575
1513.73,131.93793997689443,1381.7920600231055
957.2,3298.5178027536886,-2341.3178027536887
2272.73,2306.144671206654,-33.41467120665402
646.05,1392.295346689082,-746.245346689082
1376.38,1113.4786367725217,262.90136322747844
1300.38,1838.8103519793058,-538.4303519793057
528.2,387.7697664474184,140.43023355258163
1132.22,1331.9506413800757,-199.73064138007567
1261.29,1298.1739378607272,-36.8839378607272
2211.64,1857.1904156922633,354.4495843077366
1816.99,2205.1228648999763,-388.1328648999763
703.15,1872.3593213494355,-1169.2093213494354
689.33,618.5423849725454,70.78761502745465
2383.83,3195.9078367514862,-812.0778367514863
3211.64,1162.2996945161535,2049.3403054838464
1728.68,1716.6237211128666,12.05627888713343
1090.44,2516.1887192136574,-1425.7487192136573
979.79,1638.808576687503,-659.0185766875031
1301.33,1513.7867293597606,-212.45672935976063
872.55,1471.9672056728675,-599.4172056728676
1584.47,2988.8523458052327,-1404.3823458052327
2187.33,4002.2871707916065,-1814.9571707916066
523.43,2089.5435335474,-1566.1135335474
707.43,2277.9450571414604,-1570.5150571414606
6368.4,6128.307798174834,240.09220182516583
1252.97,1744.7575888108354,-491.78758881083536
1370.69,1103.051812972151,267.63818702784897
3188.54,2309.703910354969,878.8360896450308
853.13,778.5630256360255,74.56697436397451
5000.75,3606.28318192064,1394.46681807936
1016.59,904.60655842,111.98344157999998
861.41,1960.965795946347,-1099.5557959463472
915.84,2929.353437766414,-2013.513437766414
2533.19,304.76598318324943,2228.4240168167507
817.43,2644.821095747786,-1827.391095747786
2775.39,5831.319660651391,-3055.9296606513913
4310.67,974.7232724921712,3335.9467275078287
400.69,1924.3483343908438,-1523.6583343908437
2812.67,4962.697850789089,-2150.027850789089
5303.39,3068.8395435987313,2234.550456401269
2183.09,1480.6911880062753,702.3988119937248
363.37,-167.3783182288003,530.7483182288004
2994.01,2458.8283396103957,535.1816603896045
6055.09,6347.1315629085475,-292.04156290854735
564.82,855.3113851688222,-290.49138516882215
2444.27,5048.4930821633725,-2604.2230821633725
6738.05,2373.0551022534937,4364.9948977465065
1268.82,1112.665539553852,156.15446044614782
2694.54,2128.360105785418,566.179894214582
1182.93,1152.079070170832,30.85092982916808
3890.22,7328.363040410442,-3438.1430404104426
6254.05,4080.611439441551,2173.4385605584494
4629.81,1056.9128838665292,3572.897116133471
830.32,1291.656697563883,-461.3366975638829
7604.55,4297.319048096079,3307.230951903921
1165.94,810.2432744159003,355.6967255840998
1504.23,914.6510885794921,589.5789114205079
1930.1,3169.6764966167407,-1239.5764966167408
2780.07,3336.77161171951,-556.7016117195099
11646.95,12569.64934098778,-922.6993409877796
6964.19,5684.5401165475505,1279.649883452449
3669.86,1683.488562628507,1986.3714373714931
7200.03,2128.4718693284713,5071.5581306715285
6865.61,6018.896164602152,846.713835397848
7076.88,8554.947301912383,-1478.0673019123833
637.06,509.8497349694102,127.21026503058977
636.64,857.2877402873569,-220.6477402873569
504.37,2999.6861275732826,-2495.3161275732828
1896.56,2934.430266784239,-1037.870266784239
4153.86,8926.476186391996,-4772.616186391996
2805.58,2582.130644851578,223.449355148422
1328.66,2851.8644280218136,-1523.2044280218136
867.96,2186.7165642957316,-1318.7565642957316
3622.16,4117.716341398414,-495.5563413984146
719.05,2509.684731150106,-1790.634731150106
2264.32,1505.1792900732335,759.1407099267667
3122.42,2810.198581131028,312.22141886897225
3403.52,4672.8525021591495,-1269.3325021591495
2223.87,2026.3099805418938,197.56001945810613
9562.53,9249.257015739153,313.2729842608478
3180.54,2732.3517256905234,448.1882743094766
9352.39,7250.512496817573,2101.877503182426
4494.3,4493.750002953322,0.5499970466780724
3322.33,4355.755107939914,-1033.4251079399137
1897.55,2574.1042136397814,-676.5542136397814
1036.92,1899.139984733401,-862.2199847334009
2039.79,2481.2301096401397,-441.4401096401398
4477.41,2200.5547743543684,2276.8552256456314
863.03,1328.38646146112,-465.35646146112003
2520.38,792.9886141899522,1727.391385810048
4537.56,2122.8952613078736,2414.664738692127
684.59,1537.51128551431,-852.92128551431
775.99,970.2330525182304,-194.24305251823034
359.81,1604.6460411389835,-1244.8360411389835
1199.93,1469.0849891543096,-269.15498915430953
3927.59,3012.210368059181,915.3796319408193
776.78,1523.6851299645257,-746.9051299645257
1279.27,2035.732666339667,-756.4626663396671
868.63,2383.3132941475556,-1514.6832941475554
3064.22,4055.4765551631253,-991.2565551631255
1143.73,2292.2000486242446,-1148.4700486242446
2234.8,1975.1422026215873,259.65779737841285
8798.87,3213.5575496295114,5585.312450370489
1836.26,1702.8658178058965,133.39418219410345
10789.87,6663.696298475091,4126.17370152491
3787.22,6474.370346394401,-2687.1503463944014
3739.78,2747.6132192078485,992.1667807921517
4680.36,4319.678943454242,360.6810565457581
1714.35,1489.948876542804,224.4011234571958
1063.44,3295.236669409986,-2231.796669409986
13858.46,11884.254577918462,1974.205422081537
1192.01,670.9553698946957,521.0546301053043
1578.52,1049.6258097309324,528.8941902690676
1556.89,4221.836525729235,-2664.946525729235
6181.36,4491.654196160967,1689.7058038390323
2226.87,2805.6436917562573,-578.7736917562574
851.88,1766.527650127393,-914.6476501273929
2658.6,5344.118399941614,-2685.5183999416145
2973.76,2699.172007390392,274.58799260960814
3325.98,2494.6065691694985,831.3734308305015
701.9,1825.3377261003611,-1123.437726100361
3652.28,5186.582137707054,-1534.302137707054
3984.26,2397.523180947062,1586.7368190529382
1196.1,707.5657333592294,488.5342666407705
4568.97,3346.860637658998,1222.1093623410025
3606.48,4279.407008005008,-672.9270080050078
657.13,-147.5952741259694,804.7252741259695
3363.19,1689.1879963238491,1674.002003676151
394.92,1478.2216984274544,-1083.3016984274543
1378.9,7233.2402996620185,-5854.340299662019
14556.13,10331.47272194998,4224.657278050019
624.63,713.5145403649653,-88.88454036496535
1473.42,1499.9987758627033,-26.578775862703196
1210.84,2428.0378028415644,-1217.1978028415645
1026.08,2066.4139596011155,-1040.3339596011156
1310.5,1301.8108150567537,8.689184943246346
671.01,1152.7728614903403,-481.76286149034036
1490.63,2915.132701635675,-1424.5027016356748
1315.83,970.6331455704033,345.19685442959667
1252.43,3920.804732253665,-2668.3747322536647
2115.95,2496.506852640112,-380.5568526401121
3162.01,5681.067972212637,-2519.0579722126367
4275.88,2321.496066146297,1954.3839338537032
3700.12,3808.972469188292,-108.85246918829216
4745.07,1696.2905296376762,3048.7794703623235
1484.01,878.485982267109,605.524017732891
1347.51,3727.7397619484177,-2380.229761948418
1611.78,732.6868488718922,879.0931511281078
1270.48,1361.6831933112844,-91.2031933112844
1639.23,5606.290549974594,-3967.060549974594
919.95,1131.5768911710425,-211.62689117104242
1006.31,2883.7864399737914,-1877.4764399737915
675.72,1356.7885395283229,-681.0685395283228
952.98,1596.6756674731198,-643.6956674731198
1849.97,2365.2120932878393,-515.2420932878392
898.89,3063.2821213809602,-2164.3921213809604
16569.9,9033.660742116317,7536.239257883684
3727.56,6785.661825996587,-3058.101825996587
2119.58,1794.4675839311035,325.11241606889644
798.42,1837.3845831707881,-1038.964583170788
3575.09,3922.678018571197,-347.5880185711967
1883.36,1874.3578119694816,9.002188030518255
1843.08,3087.337250180473,-1244.257250180473
1928.33,787.7950735512406,1140.5349264487593
1249.53,665.1613465837147,584.3686534162853
1711.01,1795.2880851077848,-84.27808510778482
2294.27,720.6845100298256,1573.5854899701744
985.74,1196.1260479238952,-210.38604792389515
3226.23,2629.056675201799,597.1733247982011
836.4,2297.662750771039,-1461.262750771039
1647.6,1669.765858553535,-22.165858553535145
1970.29,2654.869330364221,-684.5793303642208
7229.05,5730.182528541341,1498.8674714586596
853.82,1473.3810595548846,-619.5610595548845
4808.28,4186.919646179909,621.3603538200905
2128.22,2064.8387858965325,63.3812141034673
4121.23,4361.493403263289,-240.26340326328955
2678.73,1704.3628679411436,974.3671320588564
18270.03,6993.156981304053,11276.873018695946
3835.45,2012.903706757655,1822.5462932423447
4975.68,1408.0726558879196,3567.6073441120807
9097.96,9953.170295022956,-855.2102950229564
1620.01,-357.3850662069746,1977.3950662069747
744.86,2316.8216655727856,-1571.9616655727855
3739.86,6966.513368576138,-3226.6533685761383
1239.0,1303.0608799594627,-64.06087995946268
623.29,701.9204126486752,-78.63041264867525
876.75,2975.59003383984,-2098.84003383984
7261.61,7682.817244230074,-421.20724423007414
4068.52,4432.664372618302,-364.144372618302
4286.0,3136.9448315923696,1149.0551684076304
1153.68,2345.9201752873714,-1192.2401752873714
1199.12,1907.7757555018652,-708.6557555018653
2001.32,4230.303902192285,-2228.9839021922853
1714.65,4640.251873761789,-2925.601873761789
7901.87,10315.697871893055,-2413.827871893055
14378.6,5306.507023133311,9072.09297686669
2409.72,3402.3396152259106,-992.6196152259108
2498.08,2744.256095861569,-246.17609586156914
972.2,3166.6168731913344,-2194.416873191334
1342.93,1365.8099111374538,-22.879911137453746
5429.42,4906.360856344037,523.0591436559635
1890.3,2702.879111024407,-812.579111024407
3569.46,3332.3731229187747,237.08687708122534
2270.48,1263.3096920278424,1007.1703079721576
2363.42,4615.5565115339805,-2252.1365115339804
1045.37,648.0436843883807,397.3263156116192
609.45,1280.8362958548291,-671.3862958548291
2808.82,1338.852696033251,1469.9673039667491
2401.74,3446.3224478567645,-1044.5824478567647
3478.14,2643.9692992491623,834.1707007508376
449.05,1055.3607954885676,-606.3107954885677
3137.63,4156.7286148277535,-1019.0986148277534
590.0,8634.050841043136,-8044.050841043136
10954.62,7779.005726638733,3175.614273361268
921.84,1377.2801007459043,-455.44010074590426
1430.25,2522.9304485519237,-1092.6804485519237
1759.66,2215.9928307427735,-456.33283074277347
798.54,843.0716792710314,-44.53167927103141
3967.65,8344.096210727148,-4376.446210727148
5630.17,2055.085377981183,3575.0846220188173
6101.18,6489.657957442258,-388.4779574422573
728.77,1096.8272777683223,-368.05727776832236
449.86,1008.2988014247776,-558.4388014247776
1078.08,1158.058053198771,-79.97805319877102
1531.77,1754.1800392018185,-222.41003920181856
1052.62,1829.225785136798,-776.6057851367982
2219.62,3265.8350756970185,-1046.2150756970186
5633.63,5420.814608481637,212.81539151836296
7735.78,7791.519884158988,-55.73988415898839
4617.95,4100.549716923442,517.4002830765576
942.99,1519.4832504472047,-576.4932504472047
3560.07,2869.683841649398,690.3861583506023
3844.22,1525.0874093907253,2319.1325906092743
2463.24,2366.5744471699536,96.66555283004618
6986.42,2643.097238749028,4343.322761250973
2908.39,4868.075349923149,-1959.6853499231488
2527.91,1464.9761233288048,1062.933876671195
7674.92,1921.9731799538708,5752.946820046129
907.78,849.0145211993172,58.765478800682786
819.73,1456.22282491592,-636.49282491592
1899.63,2608.681250998817,-709.0512509988171
2109.06,1551.7098070327206,557.3501929672793
2443.75,2605.493751358418,-161.7437513584182
3388.6,3440.083300047126,-51.48330004712625
770.58,549.9452091700704,220.63479082992967
2141.49,3824.4116794453967,-1682.9216794453969
2804.74,2788.6310036975674,16.108996302432388
22989.62,10098.597053478625,12891.022946521374
862.59,1500.7078699623141,-638.1178699623141
757.15,502.5910961030894,254.55890389691058
10545.15,5697.001507145944,4848.148492854056
1212.31,2446.516819223139,-1234.206819223139
550.35,2126.3259327586375,-1575.9759327586376
3369.39,6534.723277915426,-3165.3332779154257
9252.88,5438.250525067237,3814.6294749327626
740.92,1627.1189377110775,-886.1989377110775
4575.77,2936.7207546228433,1639.0492453771571
1458.23,3054.5378196120296,-1596.3078196120296
1998.22,1482.0365895252053,516.1834104747948
3067.31,2759.001762291171,308.308237708829
3934.23,2444.236004888384,1489.9939951116162
24046.29,9802.555512860392,14243.734487139609
1304.54,2723.6110208028085,-1419.0710208028086
758.46,1853.3599246737576,-1094.8999246737576
5343.05,3425.297030997316,1917.752969002684
505.85,551.7687234624731,-45.918723462473054
915.77,3171.367176775702,-2255.597176775702
2783.75,1792.3261964118483,991.4238035881517
649.57,1704.1997837670401,-1054.62978376704
702.98,1583.6585739489904,-880.6785739489903
1779.58,1359.8314089046603,419.74859109533963
6535.52,4321.5618210117045,2213.958178988296
2385.45,3015.2589880014834,-629.8089880014836
1405.98,4675.6268391815,-3269.6468391815
2695.61,1520.3487417563845,1175.2612582436157
2714.23,3379.159795983322,-664.929795983322
999.61,2279.8418063402896,-1280.2318063402895
1633.37,2310.9362831349,-677.5662831349
519.66,965.2661745970763,-445.60617459707635
1039.92,1352.8622282506117,-312.9422282506116
3089.73,3373.8775064749807,-284.1475064749807
2542.47,4469.209833033707,-1926.7398330337069
2892.26,2855.375877417083,36.88412258291737
6818.73,6048.4309125499585,770.299087450041
2754.08,2077.172229201067,676.9077707989331
1936.87,2364.9249078658268,-428.05490786582686
2316.43,1861.1155196532332,455.3144803467667
935.91,2186.7009334608824,-1250.7909334608826
9722.56,10010.85805103791,-288.29805103791114
3578.01,1496.8207626305266,2081.1892373694736
4950.76,3908.1771697034847,1042.5828302965156
2630.04,3069.6923947120417,-439.65239471204177
1317.15,2624.8586683406406,-1307.7086683406405
2393.02,2612.3142855973006,-219.2942855973006
2411.44,3486.9309591330884,-1075.4909591330884
2939.02,1503.2773313654948,1435.7426686345052
5806.6,5042.663845180019,763.9361548199813
1679.02,2335.528460534794,-656.5084605347938
5493.25,6443.013662409579,-949.7636624095794
1047.45,1390.0249789009335,-342.5749789009335
17099.99,11829.605708350537,5270.384291649465
3803.6,6511.034032757455,-2707.434032757455
3154.86,1880.5477636087903,1274.3122363912098
1055.72,1807.892957756947,-752.172957756947
5052.35,5172.084782849214,-119.73478284921384
2465.62,2761.667669542322,-296.0476695423222
4665.86,6076.970627660322,-1411.1106276603223
727.48,759.4138695911602,-31.933869591160146
1677.07,1987.0165525335524,-309.94655253355245
3066.89,1107.3954891260341,1959.4945108739657
628.87,1098.7618144136168,-469.89181441361677
4642.8,2390.5917630736344,2252.2082369263658
1401.18,1741.3946753559812,-340.21467535598117
2616.97,2790.6997788945628,-173.72977889456297
8118.93,6811.4603565005555,1307.4696434994448
2793.88,3704.800935899576,-910.9209358995759
4761.33,2390.098085722304,2371.231914277696
1015.89,2247.817380897564,-1231.927380897564
5015.78,7730.447254067154,-2714.6672540671543
931.87,418.54679741454595,513.323202585454
2890.92,2849.85511106234,41.06488893766027
468.87,2382.8764718515176,-1914.0064718515177
6510.59,1598.459945774853,4912.130054225147
656.46,1018.256468261794,-361.79646826179396
2244.49,2044.9874489295598,199.50255107043995
3722.06,4607.886403343357,-885.8264033433575
3633.29,1333.5939540073402,2299.6960459926595
2049.63,2663.556720408882,-613.9267204088819
3144.88,6050.670117761215,-2905.790117761215
872.89,1448.9372864049558,-576.0472864049558
1381.56,1860.1471916501582,-478.5871916501583
1360.57,2308.8002767373614,-948.2302767373615
3303.74,3428.18094531415,-124.44094531415021
9571.28,5290.718407797829,4280.561592202172
2165.81,1130.3443612932876,1035.4656387067123
5987.88,5320.170841348444,667.7091586515562
4044.14,2550.486561187271,1493.6534388127288
2105.2,3694.8102845217204,-1589.6102845217206
1971.62,1503.5416778809158,468.0783221190841
502.15,2879.383060781751,-2377.2330607817507
6039.97,5646.943478062197,393.0265219378034
2091.47,3831.431614823334,-1739.961614823334
5444.02,3173.6292560181414,2270.390743981859
4909.67,3754.166907929845,1155.5030920701552
853.48,1909.734058733116,-1056.254058733116
616.06,1279.0480196021297,-662.9880196021297
928.76,852.8089693928014,75.95103060719862
3881.44,2482.2913133808875,1399.1486866191126
7735.46,7340.636040134559,394.8239598654409
1520.61,942.5799176152875,578.0300823847124
2194.09,1962.7474926064187,231.3425073935814
1342.67,1017.0514740740712,325.6185259259289
835.27,1029.1308168317983,-193.86081683179827
12071.7,6920.998783447869,5150.701216552132
1576.21,3432.7721714927425,-1856.5621714927424
874.86,2077.6167080101054,-1202.7567080101053
1390.92,2468.173233035504,-1077.2532330355039
1223.86,1684.599945009479,-460.739945009479
1187.76,720.3062358025627,467.4537641974373
4647.02,2171.5647478980864,2475.455252101914
923.07,1593.179060981798,-670.109060981798
2926.29,3161.8368179541853,-235.54681795418537
357.35,-220.0025950767488,577.3525950767488
639.33,2397.945282368042,-1758.6152823680422
1145.33,2999.2647352546874,-1853.9347352546874
1016.69,1430.416513482788,-413.72651348278805
7636.48,9466.894513921667,-1830.414513921667
647.14,2645.5517280848862,-1998.4117280848864
813.63,944.5999395358401,-130.96993953584013
1264.28,1171.1463911631388,93.13360883686119
739.4,1521.3340000259973,-781.9340000259973
585.62,1374.526300354381,-788.906300354381
770.2,3189.970503230178,-2419.7705032301783
1885.33,2521.8382932647437,-636.5082932647438
925.71,2940.797536827566,-2015.087536827566
824.11,2240.9697073896195,-1416.8597073896194
1666.18,2340.483698371419,-674.3036983714189
2738.14,1594.9065174812843,1143.2334825187156
2266.47,3556.5507097349528,-1290.080709734953
2785.29,3497.7042510625834,-712.4142510625834
2080.71,2153.950536672923,-73.2405366729231
6465.33,5506.431641705924,958.8983582940755
10008.92,7375.12961065164,2633.79038934836
3078.0,3909.066648861519,-831.0666488615188
937.64,2041.6934722253877,-1104.0534722253878
1078.59,1180.3358462453016,-101.74584624530166
3408.64,4647.379966055475,-1238.7399660554752
2173.44,1845.1189152198149,328.3210847801852
9320.78,5833.64170153981,3487.1382984601905
4591.23,3745.9730984576836,845.256901542316
1790.53,3021.604063526028,-1231.0740635260279
697.69,2324.6066445136685,-1626.9166445136684
2045.8,1759.6565494714846,286.14345052851536
1406.4,4041.6595799544875,-2635.2595799544874
7924.36,7088.181319220916,836.1786807790841
8005.65,4583.6084140559005,3422.041585944099
514.12,2327.655379638578,-1813.535379638578
8240.85,7274.643225377903,966.2067746220973
2051.11,1015.0465599461145,1036.0634400538856
560.25,1553.277295238332,-993.027295238332
13021.56,5305.1285294796235,7716.431470520376
1313.35,2290.206204613672,-976.8562046136722
3715.62,2338.19292257273,1377.42707742727
3263.79,3744.9716334456834,-481.1816334456835
957.25,956.0235975330979,1.2264024669020728
10637.32,7430.652713030373,3206.6672869696267
1829.65,48.27030514192978,1781.3796948580703
1679.52,2111.3351439874154,-431.81514398741547
3649.37,3328.125481799093,321.2445182009069
829.16,1164.1965607059292,-335.0365607059292
3508.46,2688.1845077451635,820.2754922548365
2315.99,2088.5301542402085,227.45984575979128
3447.76,5386.160851770831,-1938.4008517708307
514.1,1180.750690360511,-666.650690360511
3133.31,3984.0211148697426,-850.7111148697427
1942.35,3085.2607294703657,-1142.9107294703658
950.56,1359.1027207905004,-408.5427207905004
3309.99,2003.8484607601886,1306.1415392398112
796.1,1720.5826642440497,-924.4826642440497
11414.78,10440.853120815045,973.9268791849554
1605.4,1738.5360728530413,-133.13607285304124
4676.42,2924.3213636113346,1752.0986363886655
1050.9,2486.4468212674674,-1435.5468212674673
1228.04,1823.3025693547534,-595.2625693547534
2517.18,2289.6447714615997,227.53522853840013
3395.83,2906.340996619785,489.48900338021485
1470.8,3367.668064751287,-1896.8680647512872
1823.1,2014.7583399625814,-191.65833996258152
2216.85,3469.533290753097,-1252.683290753097
6608.59,8458.844187047333,-1850.2541870473324
704.15,167.97502499295507,536.1749750070448
336.83,1235.0262711286884,-898.1962711286885
5007.2,3437.6474416981678,1569.552558301832
2995.96,1211.7327045216773,1784.2272954783227
2456.55,3368.373887253775,-911.823887253775
5210.16,2096.92306571121,3113.23693428879
702.79,2487.1767082606066,-1784.3867082606066
1765.07,1838.1883495455995,-73.11834954559959
1469.47,743.4378417521066,726.0321582478934
396.65,2055.668422155997,-1659.018422155997
1458.39,1317.7200134294078,140.6699865705923
1378.62,1789.93188088213,-411.31188088213
10418.41,3882.613142498487,6535.796857501513
5351.25,7408.196372687969,-2056.9463726879694
537.15,1055.6648226755417,-518.5148226755417
9683.27,12030.98318998234,-2347.71318998234
1050.45,5565.297516495423,-4514.847516495423
4673.67,2847.62361869883,1826.0463813011702
5589.36,3302.3756851460607,2286.984314853939
2523.88,4351.772850947924,-1827.8928509479238
559.01,1170.1296179721255,-611.1196179721255
1809.98,2462.864046389404,-652.8840463894039
724.13,651.0137128126015,73.11628718739848
3494.77,2996.880321573671,497.8896784263288
1483.02,1626.476724263141,-143.45672426314104
9065.13,8375.012900830334,690.1170991696654
2201.5,4641.087475661629,-2439.5874756616286
3202.07,4814.775535223813,-1612.7055352238126
1244.49,3928.478877824481,-2683.9888778244813
4220.38,2744.3065967565744,1476.0734032434257
1062.28,2293.3734901423904,-1231.0934901423905
1405.44,2701.448200153379,-1296.0082001533788
3529.9,2889.230411034396,640.6695889656039
9939.69,5396.225917007264,4543.464082992737
1050.37,1744.5029848028457,-694.1329848028458
4650.56,6901.890448965768,-2251.3304489657676
6852.92,8173.878147644155,-1320.9581476441554
1784.88,1865.3946959860973,-80.5146959860972
945.6,772.5039966786994,173.0960033213006
3032.85,3373.8696118485386,-341.0196118485387
1698.48,4419.793720834469,-2721.313720834469
1116.3,1811.6957952649336,-695.3957952649337
22717.59,9920.74643509549,12796.84356490451
2799.23,2159.8412309010528,639.3887690989473
539.19,3445.7815799689247,-2906.5915799689246
1158.04,2715.3478533033035,-1557.3078533033035
886.74,442.3332626567708,444.4067373432292
920.4,2060.999041678224,-1140.5990416782238
2147.54,2338.9064746722433,-191.36647467224338
1757.88,3211.4183704799116,-1453.5383704799115
3794.48,3693.294990191561,101.18500980843919
5505.86,1008.3575488748002,4497.5024511251995
2088.56,2197.18183502923,-108.62183502923017
1670.98,899.310855878372,771.669144121628
662.33,2617.4415801505115,-1955.1115801505116
1181.18,2804.1401430633414,-1622.9601430633413
1029.79,2059.4939073281625,-1029.7039073281626
2580.85,2669.9127952346153,-89.06279523461535
192.56,2097.2288419379347,-1904.6688419379348
12931.99,10753.200870268578,2178.789129731422
4998.5,6337.023332591561,-1338.5233325915606
2861.67,2808.865913004375,52.80408699562486
701.85,2047.3495124527572,-1345.4995124527572
1280.48,2641.6362962555045,-1361.1562962555045
1100.62,2573.675963215117,-1473.0559632151171
6722.73,5619.401174692652,1103.3288253073479
2253.13,3983.5797358400814,-1730.4497358400813
4021.22,4598.3467354982295,-577.1267354982297
6484.32,8601.431296391893,-2117.111296391893
3730.88,4224.411926513991,-493.5319265139906
1587.32,2318.414020617069,-731.0940206170692
1906.61,624.2408618521289,1282.3691381478711
580.89,-226.48906838089246,807.3790683808925
1222.5,2730.8808846100883,-1508.3808846100883
2341.01,3135.5643788818406,-794.5543788818404
842.29,1948.5527274869264,-1106.2627274869265
574.51,1333.0772961294913,-758.5672961294913
403.8,1157.481827867994,-753.6818278679941
1972.38,2370.5458890795853,-398.1658890795852
1561.42,6265.7125242632965,-4704.292524263296
3714.62,3542.361149698202,172.2588503017978
9908.83,3536.9462900896046,6371.883709910395
2009.61,1874.9936638354461,134.6163361645538
2117.14,2141.847265358881,-24.70726535888116
26362.6,7544.185675921771,18818.41432407823
9143.77,8507.395378464862,636.3746215351384
942.33,1906.5158231553405,-964.1858231553405
3753.51,4446.243298721052,-692.733298721052
7107.84,4281.7616970132385,2826.0783029867616
2694.38,2224.256499938772,470.12350006122824
2026.62,5568.252723966001,-3541.6327239660013
2111.04,4906.92569322266,-2795.88569322266
783.29,2858.3776152278415,-2075.0876152278415
2646.85,2224.967606133755,421.8823938662449
351.0,2333.173674170225,-1982.1736741702248
1262.89,1905.7384312905224,-642.8484312905223
5121.74,3201.513643234726,1920.226356765274
646.18,2279.170549064682,-1632.990549064682
908.73,1348.3165389539038,-439.58653895390376
1209.06,1744.7604059033943,-535.7004059033943
2103.32,2667.9069024942037,-564.5869024942035
7020.55,6883.543695646435,137.0063043535656
1162.37,2057.579557358031,-895.2095573580309
538.87,1679.3637836217072,-1140.4937836217073
1603.32,2422.241259985416,-818.9212599854161
1998.44,2505.6285568183152,-507.1885568183152
4289.45,1391.5901784037653,2897.8598215962347
2395.85,2437.0193880856677,-41.16938808566783
869.22,1438.6227643969944,-569.4027643969944
993.26,1254.7464602046898,-261.4864602046898
2670.47,1590.7115360689504,1079.7584639310494
2350.67,1992.7826408323676,357.88735916763244
462.48,-519.0337288762461,981.5137288762461
1669.46,3498.305564565321,-1828.8455645653212
1978.26,2158.341243278353,-180.08124327835299
3561.17,1593.6297351448325,1967.5402648551676
1484.22,2249.398711229595,-765.1787112295949
2832.84,5509.74807310006,-2676.9080731000595
538.39,2238.4676057841093,-1700.0776057841094
1226.39,1195.0369391824142,31.353060817585856
2527.95,1278.286399780983,1249.6636002190169
1170.95,619.472174496372,551.4778255036281
1375.95,2223.6811304278035,-847.7311304278035
1419.88,1837.864316914463,-417.98431691446285
11332.41,5323.0250383066395,6009.38496169336
1281.58,3178.219749098646,-1896.639749098646
929.33,1906.9149754748323,-977.5849754748323
1317.37,2050.8419268069943,-733.4719268069944
1304.4,2668.2556405879695,-1363.8556405879694
3871.79,1936.60247374846,1935.18752625154
14899.99,8231.243850731702,6668.746149268298
2652.26,1591.1670223971266,1061.0929776028736
2486.64,5318.052335306163,-2831.4123353061627
781.49,931.3932139783562,-149.90321397835623
4839.52,2488.126769459402,2351.3932305405983
1269.65,1577.6015803476141,-307.951580347614
5147.57,2258.7993835836946,2888.770616416305
2094.48,2380.7503452757633,-286.27034527576325
823.79,551.2274538168416,272.56254618315836
1487.77,4191.074174056064,-2703.3041740560643
3554.1,4187.187539092286,-633.0875390922861
4725.26,3999.010323006997,726.249676993003
846.28,3396.6502798995857,-2550.3702798995855
1258.12,1520.1268958293579,-262.006895829358
1664.33,442.91798752618035,1221.4120124738197
766.49,712.993595543096,53.496404456903974
2063.14,2230.550359000812,-167.41035900081215
7080.22,8454.73708307081,-1374.5170830708093
3654.55,1938.9293346074915,1715.6206653925087
2103.85,2334.6513027505157,-230.8013027505158
657.26,1245.1100218937527,-587.8500218937527
5581.8,5303.685220020912,278.11477997908787
3630.52,2626.853802109654,1003.6661978903458
4147.72,6390.725525873022,-2243.0055258730217
14392.04,7603.857864411029,6788.1821355889715
912.64,2179.775690904622,-1267.1356909046222
1287.14,2413.606972128469,-1126.4669721284688
8478.84,9583.003104035994,-1104.1631040359935
2812.27,1734.686665877177,1077.583334122823
1748.48,3316.4940783125876,-1568.0140783125876
1859.55,3009.658943818854,-1150.108943818854
2995.95,2493.6550674717596,502.2949325282402
4637.77,2286.3778421895972,2351.392157810403
2064.0,2426.630289229236,-362.63028922923604
2939.12,6770.772787031217,-3831.6527870312175
281.0,2147.0034754983185,-1866.0034754983185
6440.27,2024.7946195717423,4415.475380428258
1306.4,1172.8626737300494,133.53732626995065
1558.15,1081.6315274213364,476.5184725786637
2635.1,1876.6411902192754,758.4588097807246
2420.06,4686.316816562303,-2266.256816562303
4162.96,1484.9180362240804,2678.0419637759196
737.97,414.45869833122276,323.51130166877726
1657.97,3128.7158941004045,-1470.7458941004045
2234.54,2218.6338263937855,15.906173606214452
5848.91,4481.596991231567,1367.313008768433
928.0,1365.1851823566133,-437.18518235661327
1973.33,4028.318074127723,-2054.988074127723
457.44,2412.5052576351577,-1955.0652576351576
1885.98,2213.6894144636644,-327.7094144636644
439.89,1106.289646717974,-666.399646717974
3598.88,3781.086084924882,-182.2060849248819
1042.78,2943.2239348899006,-1900.4439348899007
9834.73,8504.796678699,1329.9333213009995
972.06,544.4492278593773,427.61077214062266
567.18,397.927299268253,169.25270073174693
9987.15,5477.993484088922,4509.156515911078
1107.0,2606.666828056532,-1499.6668280565318
5099.46,4757.390608704951,342.0693912950492
2069.15,2744.786293015822,-675.636293015822
1529.52,1546.7679447344997,-17.247944734499697
1286.83,2355.785896453293,-1068.955896453293
1834.75,4875.012155999824,-3040.2621559998242
1897.37,1973.0528074334452,-75.6828074334453
8478.16,4164.044443405412,4314.115556594588
1503.61,3006.017680576365,-1502.407680576365
4384.35,2281.6516991715384,2102.698300828462
2160.48,1597.1081909811573,563.3718090188427
758.37,1031.7254834412174,-273.3554834412174
899.03,2678.2146808316843,-1779.1846808316843
1472.44,1989.21966399569,-516.77966399569
585.02,1621.3851102322342,-1036.3651102322342
2008.17,942.4205688668749,1065.7494311331252
1190.15,795.7542731381482,394.3957268618519
1007.3,787.6381374061227,219.66186259387723
1831.39,2808.718047432454,-977.328047432454
2538.71,2429.4172766304696,109.29272336953045
1400.03,2370.3942253504333,-970.3642253504333
1020.8,1918.4681663465922,-897.6681663465922
1600.51,2512.6159551176875,-912.1059551176875
2110.03,3965.6718983711144,-1855.6418983711142
2624.7,1661.0252142661698,963.67478573383
930.95,1132.6242001701914,-201.6742001701914
5218.34,5552.956529256892,-334.61652925689214
1715.58,1471.5074674260222,244.0725325739777
5235.52,5748.238603329222,-512.7186033292219
4370.98,6698.047796044567,-2327.0677960445673
1142.23,2198.3328179043397,-1056.1028179043396
2419.29,3914.374010927907,-1495.084010927907
2276.55,2621.4395857251266,-344.8895857251264
2646.3,2093.09999774054,553.2000022594602
1626.99,1967.5055883542923,-340.5155883542923
1976.56,2597.653264690744,-621.093264690744
1141.7,3641.433674894468,-2499.733674894468
6026.79,8583.921603954095,-2557.131603954095
1906.05,1365.5033450394421,540.5466549605578
7168.82,5435.991767030201,1732.8282329697986
3205.23,3442.659910553404,-237.42991055340417
1606.84,1380.9081680054996,225.93183199450027
4383.91,3340.968933781116,1042.9410662188839
590.44,1544.470426069603,-954.030426069603
7619.44,4059.4734691533913,3559.9665308466083
2104.74,1723.4639566684489,381.2760433315509
577.87,712.9868632612345,-135.11686326123447
6215.42,5330.641947517152,884.7780524828477
1577.75,1904.126562501303,-326.37656250130294
637.52,617.3660994553718,20.153900544628186
1590.35,3205.156388517687,-1614.806388517687
560.06,36.2629875933298,523.7970124066701
1724.39,1032.4763313686165,691.9136686313836
641.87,1059.5626104889527,-417.6926104889527
9707.86,4507.273843750986,5200.5861562490145
734.07,2765.442240938814,-2031.3722409388138
6789.47,3161.4585627156416,3628.0114372843586
1032.14,2064.6824356147818,-1032.5424356147817
1172.5,4144.309157025211,-2971.809157025211
828.27,2617.39372740919,-1789.12372740919
2093.06,3425.477677362551,-1332.4176773625509
1627.25,4229.743975838315,-2602.4939758383152
455.4,3404.688120646111,-2949.288120646111
2670.56,4808.344133073288,-2137.7841330732876
2687.73,3713.046046942461,-1025.316046942461
6708.88,6230.955904293084,477.924095706916
4060.79,5708.983420905504,-1648.1934209055044
5397.54,2416.7750636627075,2980.7649363372925
2684.45,1665.441723986942,1019.0082760130579
4283.61,3962.421300805253,321.18869919474673
4372.12,5302.444842212722,-930.3248422127217
501.08,-94.28827275760679,595.3682727576067
6750.67,4201.3313084658075,2549.3386915341925
3840.49,5161.33325041325,-1320.8432504132506
3933.01,7691.817224402854,-3758.8072244028535
779.06,1787.6586925780198,-1008.5986925780198
5870.22,7027.148154760571,-1156.9281547605706
4723.41,3800.765253184015,922.644746815985
6697.93,4767.763375002801,1930.1666249971995
2474.09,1233.5800131786061,1240.509986821394
2037.27,2124.4582647427455,-87.18826474274556
2482.1,2229.18312481551,252.91687518448998
9021.81,8303.880216765974,717.9297832340253
4698.22,4826.581366243024,-128.36136624302344
689.55,2371.2328751272294,-1681.6828751272294
1693.64,2286.7472930077042,-593.1072930077041
7933.0,8220.606499802529,-287.60649980252856
3654.17,1836.0995957704267,1818.0704042295733
1535.15,2192.126520600136,-656.9765206001357
2900.76,2472.037130681588,428.722869318412
2336.27,1672.0162788361522,664.2537211638478
1158.92,1443.8758774867135,-284.95587748671346
1825.88,3281.7636362061776,-1455.8836362061775
1596.38,2409.953449404297,-813.5734494042968
4128.02,5183.394617054466,-1055.3746170544655
9225.28,3974.401719485143,5250.878280514858
1250.25,1837.4098871246688,-587.1598871246688
3059.05,3748.323996794361,-689.2739967943608
5033.78,4832.611135886221,201.1688641137789
2823.03,1461.4645853047034,1361.5654146952968
684.31,1905.5859033944644,-1221.2759033944644
1711.71,1632.1367039929157,79.57329600708431
2313.34,2505.6475449595623,-192.30754495956216
8336.62,4467.391335663913,3869.2286643360876
2273.22,2782.8117211145764,-509.59172111457656
1710.72,2112.7433254869366,-402.0233254869365
2331.76,5147.831111309948,-2816.071111309948
1387.11,3724.3038132107195,-2337.19381321072
3967.17,3930.737083084804,36.432916915196074
996.93,1881.5380354862127,-884.6080354862128
2185.58,1858.528589921793,327.051410078207
1522.26,2600.843268029702,-1078.583268029702
9568.01,3519.1364710005114,6048.873528999489
533.6,2058.2998605687253,-1524.6998605687254
2067.88,1374.410991248792,693.4690087512081
32482.93,5296.137035279164,27186.792964720837
1347.07,2280.756506651177,-933.6865066511771
6373.72,6464.743318959812,-91.02331895981206
1711.74,1783.435391070815,-71.69539107081505
14152.39,8066.273064815991,6086.116935184008
1379.29,1569.303965147831,-190.01396514783096
1567.11,772.7007010382085,794.4092989617914
3727.9,2745.5461406872155,982.3538593127846
2980.31,5528.574085595598,-2548.2640855955983
1584.02,1861.7502959537073,-277.73029595370735
3631.23,4295.602918873236,-664.3729188732364
5584.13,5531.935583422285,52.19441657771495
723.02,1829.2693974319636,-1106.2493974319636
4638.14,5195.0780779137,-556.9380779137
5049.65,5588.00291062521,-538.3529106252099
1258.72,1315.303309247417,-56.58330924741699
2530.18,1125.2846430281443,1404.8953569718556
2841.33,3232.174499605049,-390.8444996050489
1275.96,3068.833631663204,-1792.873631663204
7495.24,4713.841686505929,2781.398313494071
542.5,1562.3216924955334,-1019.8216924955334
6448.43,5688.985550340276,759.4444496597243
8762.89,6092.312781375173,2670.577218624827
998.95,2373.188505597718,-1374.2385055977181
2269.75,1792.2511402644877,477.49885973551227
2497.5,2231.666655840959,265.8333441590412
4660.51,3917.1533346557762,743.356665344224
721.36,892.0718831110062,-170.71188311100616
1164.85,1204.4321472504555,-39.58214725045559
1158.0,802.9468974809147,355.0531025190853
1030.84,3664.8607880299865,-2634.0207880299868
3504.88,4087.774202644512,-582.894202644512
10027.07,7433.612961776821,2593.4570382231786
2072.92,1324.421287098194,748.4987129018061
1540.28,1713.474818152356,-173.194818152356
578.44,1815.9666511575228,-1237.5266511575228
1086.28,2418.9192675145214,-1332.6392675145214
2528.24,1702.8442642923264,825.3957357076733
1958.99,1320.5859122981544,638.4040877018456
1611.38,3434.7132252011315,-1823.3332252011314
1139.17,1778.6969298991303,-639.5269298991302
4108.75,2286.0948459047586,1822.6551540952414
846.11,2502.7565321062384,-1656.6465321062383
5476.4,5952.1340362636965,-475.7340362636969
6672.95,6870.903034090856,-197.9530340908559
813.0,1284.2448777381314,-471.24487773813144
2828.83,2760.6552149841177,68.17478501588221
1898.61,1299.5541463911295,599.0558536088704
1313.27,2179.511370134489,-866.241370134489
2079.58,4425.696499535983,-2346.116499535983
1283.96,5746.718408745084,-4462.758408745084
2744.41,3949.7082981934063,-1205.2982981934065
2981.04,3996.55748650798,-1015.5174865079798
24687.94,9483.034692960751,15204.905307039247
2375.04,2509.070038427779,-134.0300384277789
823.04,1812.871295881967,-989.831295881967
4451.62,3234.7440094435933,1216.8759905564066
4055.86,3493.6838582292894,562.1761417707107
5091.32,3736.494049735597,1354.8259502644028
1497.28,3252.917755527017,-1755.6377555270171
722.75,2087.6032449050863,-1364.8532449050863
1230.91,2809.5075412926008,-1578.5975412926007
819.25,1981.6029047280917,-1162.3529047280917
4206.23,3036.803826254908,1169.4261737450915
3607.7,2629.4286690376375,978.2713309623623
992.32,2616.061929700761,-1623.741929700761
966.13,196.25590502571902,769.874094974281
7399.37,4538.9559049071595,2860.4140950928404
3462.88,6714.004368363718,-3251.1243683637176
1684.68,1528.9870029815172,155.69299701848286
6586.3,3051.0387724584225,3535.2612275415777
1847.9,1724.0480095332416,123.85199046675848
3695.47,1655.7630315932759,2039.706968406724
634.95,252.42485502329725,382.5251449767028
5715.6,5953.178800296306,-237.57880029630542
5048.77,3297.076471612778,1751.6935283872226
1319.9,2828.8755036806174,-1508.9755036806173
5050.81,4532.905048146126,517.9049518538741
5460.7,8547.512139102735,-3086.8121391027353
612.32,-800.5446888529112,1412.8646888529113
2829.99,4011.867281547088,-1181.8772815470884
4136.55,4239.438619346877,-102.88861934687702
1432.17,3767.882950058801,-2335.7129500588007
2679.71,1918.7789069672876,760.9310930327124
2841.64,3257.796334181624,-416.15633418162406
3125.41,3443.1043991015767,-317.6943991015769
9015.64,4189.467421161573,4826.1725788384265
8226.1,8706.499862655612,-480.3998626556113
1918.05,1663.6819299147814,254.3680700852185
1645.29,3001.782188504509,-1356.4921885045092
6832.61,2380.6395073712106,4451.970492628789
621.09,2161.5537639103313,-1540.4637639103312
3094.42,4191.64955765221,-1097.2295576522101
1330.58,2710.5028321821123,-1379.9228321821124
2724.53,1488.565781339104,1235.9642186608962
1288.87,2263.7253509397156,-974.8553509397157
1299.38,2652.5217753502784,-1353.1417753502783
2418.39,2863.818578612034,-445.428578612034
718.55,1013.2695519511315,-294.7195519511315
2873.86,283.8648010537453,2589.9951989462547
4186.29,1901.6764774340777,2284.6135225659223
734.67,1951.7892822790513,-1217.1192822790513
919.37,1432.56901738967,-513.1990173896701
6392.19,4021.4024542234984,2370.7875457765012
1093.21,2550.655924883082,-1457.4459248830822
1527.59,2059.125552425532,-531.5355524255322
3840.97,3469.6668830979797,371.30311690202007
2108.35,3729.307024749963,-1620.9570247499632
7482.92,5166.443824614347,2316.476175385653
1988.56,2463.7790720644357,-475.21907206443575
14031.72,7896.7549369346225,6134.965063065377
736.21,936.8811703650188,-200.67117036501872
1540.91,4301.420462863839,-2760.510462863839
2409.47,393.48103138936176,2015.988968610638
1455.8,956.9770650587398,498.8229349412602
1876.99,2679.910545018844,-802.920545018844
4870.5,4282.951646447211,587.5483535527892
3656.5,4149.230147560713,-492.7301475607128
562.99,1576.3232548440603,-1013.3332548440603
4219.46,5387.6618195118945,-1168.2018195118944
2612.58,3096.1181929278196,-483.53819292781964
3002.32,2605.3988904436524,396.9211095563478
2960.58,3313.216570037819,-352.6365700378192
1351.92,2333.6819379842123,-981.7619379842122
1801.32,2370.410195804883,-569.0901958048833
881.9,2268.8970660333575,-1386.9970660333574
3728.66,2064.1666255579557,1664.4933744420441
3582.35,4143.28571552363,-560.9357155236298
5267.3,4970.41804785344,296.88195214656025
262.97,1665.6606484381045,-1402.6906484381045
2443.11,2880.5009676369145,-437.3909676369144
2438.66,5156.971779850603,-2718.3117798506028
1388.09,1174.643385128376,213.44661487162398
2120.54,2751.366091496508,-630.8260914965081
2220.28,2048.90934349336,171.37065650664
903.34,641.8678145903436,261.4721854096564
1919.76,4150.212698956379,-2230.452698956379
2937.48,1048.3691554747058,1889.1108445252942
4473.23,1346.0544884717715,3127.175511528228
599.73,1320.9198585114732,-721.1898585114732
6981.83,3584.825499810116,3397.004500189884
400.64,1483.5432871521639,-1082.903287152164
1420.41,3201.51318635883,-1781.1031863588298
615.07,2201.358360718965,-1586.2883607189647
4200.8,1896.1042726456071,2304.695727354393
2209.34,2605.288291238759,-395.9482912387589
1176.48,3124.2401492345703,-1947.7601492345702
1184.97,1181.4979488772801,3.472051122719904
2525.1,3754.725954963615,-1229.6259549636152
876.51,2570.772062019741,-1694.262062019741
701.58,3256.531088569425,-2554.951088569425
3098.37,3969.3680547503927,-870.9980547503928
14221.04,7490.878507604009,6730.161492395991
1555.94,3078.94852218095,-1523.00852218095
1338.39,1084.2477730249022,254.14222697509786
7968.15,7941.044562279233,27.10543772076653
830.18,1918.0748822672895,-1087.8948822672896
4926.87,6434.060841996601,-1507.1908419966012
657.28,-363.11734530223146,1020.3973453022314
850.01,1916.4019616427317,-1066.3919616427318
3823.63,4246.348350127392,-422.7183501273921
1797.6,2756.6542676300155,-959.0542676300156
2559.35,2520.2829109667887,39.06708903321123
831.92,1104.3414828794203,-272.4214828794203
1397.1,2257.6718912632673,-860.5718912632674
2172.69,3425.5454233153605,-1252.8554233153604
4429.66,4985.861412540953,-556.2014125409532
2553.15,666.4692077272543,1886.6807922727457
3635.5,2018.0446267964444,1617.4553732035556
1643.33,815.9962861614274,827.3337138385725
3096.92,761.1551669642049,2335.764833035795
4488.11,2766.3774405314734,1721.7325594685262
5889.98,4102.969112695888,1787.0108873041117
643.52,2164.5427325758596,-1521.0227325758597
5524.77,5179.051967569374,345.7180324306264
2467.45,3679.2643415180205,-1211.8143415180207
6978.59,5262.448074777661,1716.1419252223395
2189.41,1912.0212655889259,277.388734411074
1037.4,2939.7950309709263,-1902.3950309709262
4792.35,1537.901479834009,3254.4485201659913
8759.49,6918.551078161471,1840.9389218385286
641.85,1250.6855940921998,-608.8355940921998
12578.2,8901.681376778059,3676.518623221942
2283.38,3381.680638943051,-1098.3006389430507
648.25,1076.6921931578288,-428.4421931578288
11391.35,5380.609846784244,6010.740153215756
593.32,1328.1305604461172,-734.8105604461172
1387.81,3314.9892634922094,-1927.1792634922094
1082.7,1264.7660782575633,-182.06607825756328
5968.03,3427.7563270775595,2540.2736729224403
806.98,2809.6570952899933,-2002.6770952899933
1764.22,678.7290287998918,1085.490971200108
993.99,2078.834825737675,-1084.8448257376751
2883.48,2464.4930429802735,418.98695701972656
1996.41,2932.3482844085074,-935.9382844085073
1187.38,2836.497950569427,-1649.1179505694267
2109.94,418.17978312658283,1691.7602168734172
1273.16,2956.2168984153886,-1683.0568984153886
707.35,947.758181482,-240.40818148200003
1202.92,2095.0294754314477,-892.1094754314477
2591.57,2602.735548383405,-11.165548383404712
144.98,1376.97586003054,-1231.99586003054
8000.26,6111.567457996169,1888.6925420038315
595.12,3679.621258462895,-3084.5012584628953
2138.08,1680.6177227938856,457.4622772061143
740.6,3007.3406403897957,-2266.7406403897958
1434.27,1660.5742122696051,-226.30421226960516
1048.68,2840.778761814844,-1792.098761814844
3935.91,3796.298098123186,139.61190187681404
1406.15,1838.948949348945,-432.7989493489449
4929.23,3370.2008040744427,1559.029195925557
3539.83,1952.1274582709343,1587.7025417290656
1345.59,2922.905502370472,-1577.315502370472
1220.23,1761.9035243735975,-541.6735243735975
1042.82,2016.2419233168844,-973.4219233168844
1480.52,3609.0974871775443,-2128.5774871775443
5568.23,3186.6168082346394,2381.61319176536
1357.11,1373.9853937619775,-16.875393761977648
1821.39,2010.4582287749172,-189.0682287749171
1591.39,942.193634128731,649.1963658712691
1688.03,2399.2454860046237,-711.2154860046237
5618.28,2200.74466746227,3417.5353325377296
2533.25,2260.329115017033,272.920884982967
3144.32,4120.30147786114,-975.9814778611394
3350.38,1875.5252013537129,1474.8547986462872
1204.93,4454.725897416335,-3249.795897416335
2611.92,1950.1142229257262,661.8057770742739
1463.56,1998.3521217616449,-534.7921217616449
2398.28,1942.5734265118922,455.706573488108
3177.46,1824.9433251429623,1352.5166748570377
757.34,547.3675552779589,209.97244472204113
7984.06,7294.468933642325,689.5910663576751
1301.09,5224.551337908314,-3923.461337908314
700.49,2708.3789106620134,-2007.8889106620134
2966.2,2860.2177152431827,105.98228475681708
3839.95,1485.7454411275064,2354.204558872493
10082.57,7014.180693391432,3068.3893066085675
1330.0,1329.2438855164007,0.7561144835992764
737.77,1068.460690052327,-330.690690052327
1908.34,2285.526032791228,-377.18603279122794
851.8,390.587164837345,461.212835162655
793.07,977.8543934465451,-184.7843934465451
2655.52,2395.3085127648133,260.2114872351867
762.24,2428.967214938882,-1666.727214938882
4120.57,5552.327369461914,-1431.757369461914
4884.96,3203.883017245546,1681.076982754454
1946.04,1040.3549009228489,905.6850990771511
1873.36,2525.2881799485613,-651.9281799485614
4203.57,2855.982725991637,1347.5872740083628
634.06,2338.83662476222,-1704.7766247622199
776.48,1468.5116481909245,-692.0316481909244
2715.03,1188.2533552306343,1526.776644769366
2238.54,4764.761414923187,-2526.221414923187
1352.81,4291.814787805928,-2939.004787805928
4934.76,3548.9830766824693,1385.7769233175309
8445.02,3293.862645573552,5151.157354426448
4398.73,2309.9132090927183,2088.8167909072813
1733.18,2946.1221174706316,-1212.9421174706315
7067.22,7224.594772138925,-157.37477213892453
3375.1,1509.1327536734686,1865.9672463265313
1828.82,1616.6530317479214,212.1669682520785
3400.18,5541.410359838592,-2141.230359838592
1657.43,1101.7420689935664,555.6879310064337
3103.27,2462.6505570809545,640.6194429190455
4474.65,3133.0773391188936,1341.572660881106
6337.01,6067.528144611499,269.4818553885016
2668.75,1041.428407195058,1627.321592804942
760.82,1468.978865563477,-708.158865563477
17227.62,8805.373030568106,8422.246969431893
3824.11,3094.430163539987,729.6798364600131
2918.01,2055.8879258585785,862.1220741414218
15010.47,4196.528357749102,10813.941642250898
3273.33,4381.781924233152,-1108.4519242331517
2439.39,1894.3708086621496,545.0191913378503
1751.88,3934.4269348753396,-2182.5469348753395
5263.63,3099.004061381551,2164.6259386184493
707.61,1171.0047093557969,-463.39470935579686
1380.81,3033.9969721595153,-1653.1869721595153
616.19,1353.7969315206335,-737.6069315206335
13118.2,6882.97975190668,6235.220248093321
6037.62,4455.990745036029,1581.629254963971
3743.38,2987.707946084485,755.6720539155153
5976.67,2964.4055307103467,3012.2644692896533
1848.69,1350.6486216424707,498.0413783575293
3754.09,3716.2444521692996,37.845547830700525
1304.43,1193.8669797093219,110.5630202906782
1263.95,1095.2456339626024,168.70436603739768
1731.42,1315.025508084088,416.3944919159121
3329.43,3247.928456943292,81.50154305670776
1348.42,1059.221908739024,289.19809126097607
6590.35,4778.395059956253,1811.9549400437472
4344.31,2611.922874208719,1732.3871257912815
6671.21,3610.8837672516393,3060.326232748361
2622.58,2441.1728225981255,181.40717740187438
2134.25,2285.5648790001474,-151.31487900014736
2171.11,5912.062908377154,-3740.9529083771536
9422.31,6852.853681163857,2569.4563188361426
783.78,861.1230069360827,-77.3430069360827
601.08,4049.000955138644,-3447.920955138644
984.1,3306.037247001766,-2321.937247001766
1168.98,3212.3473313068753,-2043.3673313068753
432.26,1769.9298464356743,-1337.6698464356743
1649.5,1766.4071622581082,-116.9071622581082
3987.63,3056.2206377840394,931.4093622159608
829.06,1937.9896638337823,-1108.9296638337823
426.23,1123.3833885054403,-697.1533885054403
1454.57,2219.21390319133,-764.6439031913299
1033.83,-28.866923899814083,1062.696923899814
6778.16,4770.347912765556,2007.8120872344434
892.08,1671.0643685460027,-778.9843685460027
8731.77,4023.6358962528557,4708.134103747145
1572.13,1914.9905075764686,-342.86050757646854
1578.07,2617.008876879647,-1038.9388768796468
5102.57,3598.3718459969195,1504.1981540030802
4610.59,3555.3587794310765,1055.2312205689236
1214.68,1446.1617255369163,-231.4817255369162
1076.73,2661.6795286396987,-1584.9495286396987
25153.41,8211.31289398835,16942.09710601165
5495.54,3761.668105804221,1733.871894195779
6245.85,1629.2378747586117,4616.612125241389
1314.37,2085.4524190577067,-771.0824190577068
1629.98,2859.6626446037108,-1229.6826446037107
1033.57,723.3148939298744,310.2551060701255
1770.19,3095.1696082093936,-1324.9796082093935
2537.83,1653.2544133019637,884.5755866980362
4295.27,2986.7391468617225,1308.530853138278
5103.86,4204.396808635027,899.4631913649728
2304.46,2159.971769835281,144.48823016471897
2597.16,6286.397208140683,-3689.237208140683
1121.6,1681.5652457372566,-559.9652457372567
2236.24,2228.2609425431833,7.979057456816463
4600.36,3138.613967553258,1461.7460324467415
3562.71,2234.0662440937167,1328.6437559062833
929.06,1929.0343843781206,-999.9743843781207
1493.53,3074.0880160519027,-1580.5580160519028
4333.78,4767.151754235395,-433.3717542353952
2002.66,4455.281783460688,-2452.6217834606878
3088.02,5953.317548885696,-2865.297548885696
3011.95,3301.6639120538493,-289.7139120538495
796.82,1302.96646601634,-506.14646601634
1030.31,3020.6448207255594,-1990.3348207255594
4219.33,875.470470384018,3343.859529615982
5446.09,4777.743203911808,668.3467960881917
2921.69,3839.9803468866985,-918.2903468866984
958.64,2106.359197367118,-1147.7191973671183
661.8,2347.0768578400543,-1685.2768578400544
1311.94,2127.874668023143,-815.9346680231429
1479.88,2516.9693130819915,-1037.0893130819913
1486.68,2510.2523657885035,-1023.5723657885035
6861.32,7279.498108724331,-418.17810872433165
3117.55,5223.353581486002,-2105.8035814860023
5827.33,5925.287218992556,-97.95721899255568
3866.23,7508.392185143292,-3642.1621851432924
1196.37,1162.073217134915,34.29678286508488
4769.61,6090.554154587248,-1320.9441545872487
934.57,438.2285692300828,496.3414307699172
1466.67,299.32530321981096,1167.3446967801892
2160.55,2864.6828329085997,-704.1328329085995
7450.3,7435.44046562776,14.859534372239978
6199.77,5107.440780739572,1092.3292192604285
16627.29,5040.314818397263,11586.975181602738
1383.49,2490.417494416412,-1106.927494416412
870.79,1677.5526752642236,-806.7626752642236
473.92,755.9819481390318,-282.0619481390318
1249.15,3155.9334196612476,-1906.7834196612475
1273.77,1317.2400846888065,-43.47008468880654
6117.78,3481.3359601048946,2636.444039895105
4983.38,5421.567146133097,-438.1871461330966
536.61,895.1774050603424,-358.56740506034237
2268.86,1179.9900002043896,1088.8699997956105
1799.71,6296.944920620125,-4497.234920620125
3030.0,823.6983504824398,2206.3016495175602
769.53,1747.8602292670812,-978.3302292670812
4911.91,3773.859680320036,1138.0503196799636
7419.13,6017.972150862366,1401.157849137634
2147.58,2065.4282244024184,82.15177559758149
2171.68,1887.6735806086085,284.0064193913913
1175.91,673.0384010936825,502.87159890631756
1337.69,3831.3603452833113,-2493.6703452833112
1213.21,2134.029275364952,-920.8192753649519
2712.7,1524.7761291739746,1187.9238708260252
9226.09,5856.081439729834,3370.0085602701665
2912.15,2692.9073969400783,219.24260305992175
1191.84,970.1871043375347,221.6528956624652
988.21,155.9207493047454,832.2892506952546
1871.14,2272.747917587751,-401.607917587751
1085.09,1557.6202596634569,-472.53025966345695
727.16,2260.1662660264733,-1533.0062660264734
2152.76,1753.03951299563,399.72048700437017
937.53,1828.812965679862,-891.282965679862
3278.93,2799.763477571467,479.16652242853297
2066.11,3645.6351508882567,-1579.5251508882566
1697.25,1477.751202641558,219.49879735844206
2502.75,3358.946055734217,-856.1960557342172
1494.67,3019.1460407100444,-1524.4760407100443
2446.83,4904.18389652909,-2457.35389652909
4453.05,5045.9739354645,-592.9239354644997
1293.12,1573.7137249450539,-280.59372494505396
4148.51,3485.3914531492637,663.1185468507365
804.0,2050.585761927822,-1246.5857619278222
759.17,3761.9819658664073,-3002.8119658664073
3720.15,4658.384763434718,-938.2347634347175
2261.26,2674.4635800775213,-413.2035800775211
2027.03,2921.852685561223,-894.8226855612231
1158.35,249.21438983866972,909.1356101613302
689.8,998.2910351099451,-308.4910351099452
1884.84,1453.512894795948,431.32710520405203
4293.74,3296.174220320344,997.5657796796559
852.71,1047.498422703195,-194.788422703195
3045.2,2351.6955338255134,693.5044661744864
2066.35,3510.9674489912036,-1444.6174489912037
4487.91,4130.000193863175,357.90980613682495
3571.69,1436.0000448511166,2135.689955148883
1093.23,1571.7242802482444,-478.4942802482444
4562.4,6234.71423071648,-1672.3142307164808
850.61,2186.1556614321994,-1335.5456614321993
1763.18,1847.3851180719575,-84.20511807195749
1215.5,598.0097809707077,617.4902190292923
1583.83,5189.725269145057,-3605.895269145057
3602.7,2626.220886998857,976.4791130011427
4567.42,4903.990630372197,-336.57063037219723
1419.08,5244.567779265056,-3825.487779265056
2568.15,4260.538400298914,-1692.388400298914
4723.4,1796.3191074900692,2927.0808925099304
2719.77,2634.207802095674,85.56219790432579
2531.98,1567.1190966990278,964.8609033009723
13358.27,5285.649440851432,8072.620559148569
1590.06,1598.1912047591645,-8.131204759164575
4225.07,5530.868552935145,-1305.7985529351454
2045.03,3096.2951412642487,-1051.2651412642488
10605.68,4426.125013087247,6179.5549869127535
3681.49,1750.045909062787,1931.4440909372129
834.58,1243.3227197894955,-408.7427197894955
2541.18,3873.129579191457,-1331.9495791914574
989.15,1785.0160503759876,-795.8660503759876
3469.07,1924.8790950703074,1544.1909049296928
975.91,3670.349948565185,-2694.439948565185
3330.55,2881.604874764463,448.94512523553703
785.81,1716.8234535160923,-931.0134535160923
1972.53,1143.267203788557,829.262796211443
4075.37,3430.628987404284,644.7410125957158
1685.32,1901.611103913604,-216.29110391360405
1242.05,862.2132640302236,379.8367359697763
3725.38,4399.957542635684,-674.577542635684
374.29,1081.4736927523172,-707.1836927523173
1663.99,459.3121883507922,1204.6778116492078
883.9,1403.2827504665702,-519.3827504665702
862.02,-391.8561593275191,1253.876159327519
2208.04,3229.3383042033392,-1021.2983042033393
1661.24,2201.5436170669886,-540.3036170669886
1492.09,2840.2331471711054,-1348.1431471711055
3562.48,4048.834042113889,-486.35404211388914
754.45,1906.5317109562425,-1152.0817109562424
2348.1,2434.849726473401,-86.7497264734011
963.75,1058.6639914841762,-94.91399148417622
2831.2,4426.472082983613,-1595.2720829836135
1278.3,2029.124373833734,-750.824373833734
1319.24,2233.173639997974,-913.9336399979741
4104.15,4718.191839128159,-614.0418391281592
10461.59,1491.0604751871992,8970.5295248128
2703.96,1272.926361518333,1431.0336384816671
2005.48,2091.814573784449,-86.33457378444882
1901.81,2411.990061391979,-510.18006139197905
2199.63,224.40777941534247,1975.2222205846576
1634.65,4482.9452941484005,-2848.2952941484004
1482.76,738.5323083281287,744.2276916718713
1437.15,977.0402768793058,460.1097231206943
6448.79,5894.806873204246,553.9831267957543
7002.24,3667.6576084755134,3334.5823915244864
668.6,825.565186992065,-156.96518699206501
451.33,873.6778044099538,-422.34780440995377
912.37,12.931064015228685,899.4389359847713
1991.35,1460.706909689701,530.6430903102989
1290.87,1255.0817138823782,35.78828611762174
3582.67,4680.435049286621,-1097.7650492866205
1450.5,3451.391414281773,-2000.891414281773
9752.96,5793.648982705787,3959.3110172942124
1083.3,620.7933873887675,462.5066126112324
580.0,1787.7841329583403,-1207.7841329583403
1000.26,1935.5041306960275,-935.2441306960275
2095.7,1602.9038097426267,492.79619025737315
2355.86,2880.8155002865424,-524.9555002865422
10491.14,5250.457439688826,5240.682560311174
1861.67,1666.3582256677093,195.31177433229072
1784.74,2778.7783858469506,-994.0383858469506
3825.4,4418.1574352720245,-592.7574352720244
2834.15,2215.4179051496576,618.7320948503425
8542.66,5651.681591220285,2890.978408779715
1602.24,2381.0940938201334,-778.8540938201334
3311.36,2868.689342810213,442.6706571897871
3038.36,5124.514526630944,-2086.1545266309436
3354.41,4640.905605510011,-1286.495605510011
3983.92,9560.201229651826,-5576.281229651826
855.3,1473.9385310969087,-618.6385310969088
2012.31,2402.208120908493,-389.8981209084932
2098.99,1560.2353573128119,538.7546426871879
7508.32,3144.800068732191,4363.519931267809
1801.32,1573.8902065738366,227.42979342616331
2999.11,4564.964717493732,-1565.8547174937316
999.81,-272.32106889183046,1272.1310688918304
741.75,932.5700020164484,-190.82000201644837
1785.27,1673.2775188908674,111.99248110913254
1886.07,2744.6831425713044,-858.6131425713045
1573.66,1876.1149935712074,-302.4549935712073
1206.66,2011.1988279219804,-804.5388279219803
905.82,410.1001300917751,495.71986990822495
2393.33,2332.9962112975804,60.3337887024195
2841.74,-63.152751666146656,2904.8927516661465
1779.46,2941.171453694904,-1161.7114536949039
2405.2,3267.328534818163,-862.1285348181632
1135.29,1775.4061861002074,-640.1161861002074
1861.43,1723.584260085733,137.84573991426714
1502.97,3365.8632835263015,-1862.8932835263015
1521.68,2745.2529870546246,-1223.5729870546245
4326.63,3950.2424382643285,376.3875617356716
4958.16,5789.359080998628,-831.1990809986282
2358.34,1008.1180181107336,1350.2219818892665
2568.62,2432.182058168063,136.43794183193677
1882.86,2423.902747834109,-541.0427478341092
1397.64,1666.3746635074392,-268.7346635074391
4485.65,2109.7049976629387,2375.945002337061
2940.25,1566.3134684364554,1373.9365315635446
1796.25,1577.6032365186106,218.64676348138937
260.0,-568.0757675338145,828.0757675338145
4714.4,1478.6787824466364,3235.721217553363
803.3,1494.118199387351,-690.8181993873511
984.57,1713.402050526235,-728.8320505262349
3978.16,5025.468668021011,-1047.3086680210108
3322.5,2772.478576572562,550.0214234274381
924.1,2786.887194570435,-1862.787194570435
1878.15,3186.245388799369,-1308.0953887993687
3952.44,2582.8228446844023,1369.6171553155978
8538.71,3892.2867998226,4646.423200177399
2841.7,2951.4513325810954,-109.75133258109554
891.36,2799.5556547771316,-1908.1956547771315
2052.76,1274.3985225050687,778.3614774949315
889.83,1575.3997679868107,-685.5697679868107
3517.61,2898.78024141982,618.8297585801802
2805.12,2102.3906024912158,702.7293975087841
1421.25,1585.232209348651,-163.98220934865094
1331.23,149.11184156694952,1182.1181584330504
4190.72,3970.8474964912257,219.87250350877457
3404.52,3211.9661402627835,192.5538597372165
4153.56,3047.7430790506955,1105.8169209493049
922.23,2779.708501857667,-1857.4785018576672
1099.14,3838.2076253563537,-2739.0676253563533
29039.85,8673.968209518858,20365.88179048114
583.91,225.87919941484154,358.03080058515843
564.4,1355.6730630179027,-791.2730630179027
1172.29,2135.864755895068,-963.5747558950679
14906.77,7788.451381672054,7118.318618327947
1416.8,2313.2735358760115,-896.4735358760115
1762.71,2646.3858803838125,-883.6758803838125
1498.21,813.7522329737387,684.4577670262613
982.62,871.3837683693246,111.23623163067543
3328.92,2667.732978142334,661.187021857666
3050.97,1795.3582333012787,1255.611766698721
2474.07,5638.000994816101,-3163.9309948161012
5760.46,4650.2012148173835,1110.2587851826165
6015.12,1143.5055646181552,4871.6144353818445
1592.11,4745.544125679205,-3153.434125679205
677.21,514.8154009046365,162.39459909536356
11504.76,4010.328405476036,7494.431594523964
539.6,921.1326511555048,-381.5326511555048
1059.98,2078.912481373081,-1018.9324813730809
1731.38,6163.498669703707,-4432.1186697037065
3583.99,3826.8978558474473,-242.90785584744754
3192.99,6898.176654889934,-3705.1866548899343
1554.54,1394.909261454637,159.63073854536287
8003.56,7059.525819993343,944.0341800066572
4923.36,3169.9264219428333,1753.4335780571664
3022.48,3454.180521246158,-431.70052124615813
3029.23,538.3226334840981,2490.907366515902
5533.99,5050.432175796321,483.55782420367905
2760.64,5014.304143379843,-2253.6641433798427
1701.06,2095.3713446875563,-394.31134468755636
825.6,2839.53150192444,-2013.93150192444
1843.78,3764.0853336070786,-1920.3053336070786
1801.91,2438.279064566368,-636.369064566368
1904.05,3359.302591462148,-1455.252591462148
4444.05,1419.0270052675758,3025.022994732424
1843.69,2958.1495815821513,-1114.4595815821513
1111.39,1034.660242414121,76.72975758587904
952.78,1676.489526064032,-723.7095260640319
6150.57,4530.643161866766,1619.926838133234
1320.98,2344.3841598847885,-1023.4041598847884
3876.05,3588.6713842097047,287.3786157902955
1815.59,1308.4427965920554,507.1472034079445
1512.33,3394.6371332051494,-1882.3071332051495
953.31,3054.6206124480204,-2101.3106124480205
6608.18,4199.348628097609,2408.831371902391
2268.72,3459.1469480119736,-1190.4269480119738
2008.99,1211.7143613169776,797.2756386830224
14499.21,6858.611676599353,7640.598323400646
1539.2,3093.970128161501,-1554.7701281615011
2754.23,2610.3146941882546,143.91530581174538
971.68,2812.447539206979,-1840.767539206979
746.21,4159.252128808056,-3413.042128808056
1529.19,2759.6072635167934,-1230.4172635167934
1164.3,987.9987252574674,176.30127474253254
5061.62,2523.536737843063,2538.083262156937
952.98,785.9582910234542,167.02170897654582
580.0,960.9548934441937,-380.95489344419366
622.19,1530.0319471616253,-907.8419471616253
2806.38,3774.52624401709,-968.1462440170899
1703.94,1788.515737867227,-84.57573786722696
964.1,1309.9957186593258,-345.8957186593258
641.17,1888.877444709914,-1247.707444709914
386.65,-1287.5597820957905,1674.2097820957906
1264.67,5110.698219412955,-3846.028219412955
1786.45,1935.1682583756751,-148.71825837567508
764.14,698.2310467103974,65.90895328960255
970.38,1615.0237125321066,-644.6437125321066
7690.15,5066.317032137586,2623.832967862414
5813.55,5575.676293371518,237.87370662848207
808.85,1069.0027525928062,-260.1527525928062
1553.15,4368.342088867657,-2815.1920888676573
2066.32,2400.298763652422,-333.978763652422
1873.75,1758.1672306121213,115.58276938787867
1832.84,948.8322145690488,884.0077854309511
1252.09,2562.255949030763,-1310.1659490307632
2026.99,2630.0777612153415,-603.0877612153415
1154.46,4110.675178755636,-2956.215178755636
7336.79,4840.457359484795,2496.3326405152047
643.21,-581.1262127609514,1224.3362127609514
1193.55,744.0727421664344,449.47725783356555
578.39,1074.044609845336,-495.65460984533604
994.61,1051.8772580430716,-57.26725804307159
2207.89,829.9153319528614,1377.9746680471385
1307.58,1263.2888379274975,44.2911620725024
1328.18,4032.946483204719,-2704.7664832047185
1938.97,2849.8217422445127,-910.8517422445127
2239.04,3079.8136682621002,-840.7736682621003
3519.59,4232.025452079147,-712.4354520791467
1468.2,4463.150930660339,-2994.9509306603395
830.56,617.8321527676987,212.7278472323012
1938.67,1993.5051509063392,-54.835150906339095
1233.73,837.6896764473604,396.0403235526396
3931.41,3617.867859995128,313.5421400048717
1611.21,2514.2475657404643,-903.0375657404643
1938.53,4761.715479182129,-2823.185479182129
934.51,1999.0677578137006,-1064.5577578137006
1052.67,2171.110019944736,-1118.440019944736
1173.76,1927.5894451178033,-753.8294451178033
2525.97,3069.7599087156686,-543.7899087156688
1839.74,2944.593281612425,-1104.853281612425
3540.83,3015.0572634829427,525.7727365170572
4092.54,4360.695983059471,-268.1559830594706
372.94,165.6063356667292,207.3336643332708
10428.11,5219.775247262389,5208.334752737612
2469.31,2662.2625454992585,-192.95254549925858
5681.98,6393.309324633555,-711.3293246335552
3094.39,6671.845633285385,-3577.455633285385
3091.7,2256.065519455444,835.634480544556
975.06,688.6436167976992,286.4163832023007
2942.31,2348.0705404211076,594.2394595788924
8130.33,5111.908010026933,3018.421989973067
3201.06,2865.7142440043644,335.3457559956355
592.81,1330.4698867429897,-737.6598867429898
3661.18,3545.0876438941204,116.09235610587939
2213.69,1231.98429586395,981.7057041360501
793.61,581.493577675691,212.11642232430904
3334.96,2535.6696381519246,799.2903618480755
1758.16,653.0030588827848,1105.1569411172154
951.47,2.841730115064422,948.6282698849357
1006.13,1540.0122172201131,-533.8822172201131
2245.72,1386.1216840028533,859.5983159971465
2216.45,3622.955388647195,-1406.505388647195
10740.94,10944.349098803614,-203.40909880361323
4875.33,5130.28349336027,-254.95349336026993
3514.54,3832.608855838329,-318.068855838329
1828.18,2382.5980917407796,-554.4180917407796
737.99,768.430781919117,-30.440781919116944
3700.77,2670.691822662509,1030.078177337491
2722.99,4559.471566556963,-1836.4815665569631
7988.69,6436.702085656448,1551.987914343552
2636.23,4011.555189574983,-1375.3251895749831
1354.69,725.4687457697783,629.2212542302218
2825.74,3977.9408238507604,-1152.2008238507606
538.55,1659.9419996601662,-1121.3919996601662
7940.07,8022.716093051532,-82.64609305153226
6148.54,6792.184301769298,-643.6443017692982
3266.49,2341.457075169359,925.0329248306407
5607.05,5967.529117292668,-360.479117292668
3132.27,2238.425696526246,893.8443034737538
969.96,3042.4796877402405,-2072.5196877402404
1465.27,2280.8613087682197,-815.5913087682197
932.22,1718.554549761461,-786.334549761461
2094.46,3261.01848422298,-1166.55848422298
3638.17,570.6890800019914,3067.4809199980086
1072.66,5351.1794286330505,-4278.519428633051
4195.32,2943.4334420279365,1251.8865579720632
801.65,1506.1397173261657,-704.4897173261658
1089.36,2560.8978910486267,-1471.5378910486268
1763.93,2656.3673287873366,-892.4373287873366
789.94,1939.5192816992776,-1149.5792816992775
751.85,2307.7587596553144,-1555.9087596553145
1713.26,2847.619348347043,-1134.359348347043
8039.0,4959.732607409371,3079.2673925906292
4115.39,7384.684266668474,-3269.294266668474
635.8,2480.0153927885412,-1844.2153927885413
795.38,796.5607032040348,-1.180703204034785
4711.56,3486.681169145749,1224.8788308542512
2022.38,1612.6291557049144,409.7508442950857
2572.34,1943.3115711356945,629.0284288643056
347.23,647.3156994366452,-300.0856994366452
2226.39,2063.7657529807548,162.6242470192451
7318.63,7581.625517844908,-262.99551784490814
3159.51,1707.9758720733682,1451.534127926632
3327.76,2381.382314490655,946.3776855093452
2020.15,2217.8060044162244,-197.65600441622428
2316.03,1588.9619226949053,727.0680773050949
759.64,2113.5754801541852,-1353.9354801541854
3563.98,3133.1600898744514,430.81991012554863
7891.37,4189.6921962901715,3701.6778037098284
7041.08,7721.480458624634,-680.4004586246338
733.7,1538.2942689593146,-804.5942689593146
14072.32,4878.290683799198,9194.029316200802
5012.39,9400.260453366613,-4387.870453366612
9015.16,5815.250645764575,3199.909354235425
5404.8,7088.563963715301,-1683.7639637153006
4927.3,5715.282931612236,-787.9829316122359
2271.39,1582.9468617519894,688.4431382480104
8615.69,5106.717207380448,3508.972792619553
761.65,1897.7768538131713,-1136.1268538131712
711.66,2961.3199140102274,-2249.6599140102276
2186.86,2950.9473224546664,-764.0873224546663
2603.27,1432.2436255694734,1171.0263744305266
1647.78,2119.6279348586972,-471.8479348586973
10489.49,6224.624888718465,4264.865111281535
9212.38,6955.36463369981,2257.0153663001893
6387.24,9297.895520720616,-2910.6555207206166
1120.49,1448.5068098950371,-328.0168098950371
1859.57,662.1694881600544,1197.4005118399455
719.85,852.3075754104225,-132.45757541042246
6014.04,3125.2226504808796,2888.8173495191204
2338.87,1642.6147669136171,696.2552330863828
9542.95,6762.331080914858,2780.618919085143
583.11,2241.582622399032,-1658.472622399032
1149.0,1964.9889001716074,-815.9889001716074
1235.9,119.53953849194244,1116.3604615080576
1446.93,2159.3881178740025,-712.4581178740025
6351.48,5708.163054398463,643.3169456015366
6463.89,3258.638173820053,3205.2518261799473
7321.77,4609.453239828597,2712.316760171403
3645.02,1328.3562835142102,2316.66371648579
1411.74,2578.709283688537,-1166.9692836885372
2810.64,3565.361478957257,-754.7214789572572
5396.61,2947.0858166677067,2449.524183332293
9723.02,10521.606994540576,-798.5869945405757
828.12,1345.4659695089413,-517.3459695089413
1661.08,2186.4794592237113,-525.3994592237113
1418.12,1840.3733651810103,-422.2533651810104
1800.34,1064.7445513226478,735.5954486773521
1327.85,2772.5248627851047,-1444.6748627851048
2953.78,1207.9552926865802,1745.82470731342
2868.05,3102.0696339280644,-234.0196339280642
1447.95,3234.818493026185,-1786.868493026185
1802.34,4276.683015166528,-2474.343015166528
2924.92,4090.730347281695,-1165.8103472816947
2458.45,3347.7884996700864,-889.3384996700865
1222.62,1401.646367179823,-179.02636717982318
7224.66,5701.169458988872,1523.4905410111278
4672.89,3491.9783794127497,1180.9116205872506
981.39,1367.988885642794,-386.598885642794
7686.83,8450.419607044689,-763.5896070446888
1887.07,4871.441285943541,-2984.371285943541
1413.83,2850.717209997421,-1436.887209997421
4694.65,2879.2195648394354,1815.4304351605642
2863.02,3204.4115878233556,-341.3915878233556
1943.01,3967.9377814383715,-2024.9277814383715
614.4,3455.388598433616,-2840.988598433616
984.26,2857.3873690549067,-1873.1273690549067
1934.89,2870.0203358581302,-935.1303358581301
1141.56,2181.6502733623884,-1040.0902733623884
10895.25,6670.686352304141,4224.563647695859
942.3,2048.9983231510273,-1106.6983231510274
1943.71,3344.8861351921505,-1401.1761351921505
2378.11,2032.2917473759985,345.8182526240016
888.94,2042.3074017234972,-1153.367401723497
1796.69,3409.8728733863277,-1613.1828733863276
1788.26,3620.771246181579,-1832.511246181579
1231.32,2809.1028128985017,-1577.7828128985018
828.77,2266.543036414326,-1437.7730364143258
1671.01,1236.993864362994,434.0161356370061
2952.74,3515.8886673917873,-563.1486673917875
1920.15,1910.271692599842,9.878307400158064
6108.98,7030.841500329249,-921.8615003292498
13297.66,9244.143051683786,4053.5169483162135
4394.61,2532.4008657814666,1862.209134218533
1092.78,699.3114255526434,393.46857444735656
5353.21,3128.8323790505137,2224.3776209494863
1720.8,2376.7120282998917,-655.9120282998917
936.99,1812.413241974657,-875.423241974657
1742.09,1556.6314547426232,185.45854525737673
2144.03,1353.8361159881138,790.1938840118864
480.82,1602.8887818759977,-1122.0687818759977
8434.22,4981.5706842186255,3452.649315781374
9843.33,9214.252873396064,629.0771266039355
4753.51,1578.1768653371105,3175.3331346628897
2651.75,1185.2177564853816,1466.5322435146184
2602.14,1021.969391977857,1580.170608022143
1138.29,518.0775034126142,620.2124965873858
4135.86,1915.745173564239,2220.1148264357607
1857.43,2909.4695953378255,-1052.0395953378254
804.22,2746.7041483855737,-1942.4841483855737
1409.96,1342.1138805469584,67.84611945304164
1928.03,3012.569334951045,-1084.5393349510452
6951.4,5548.725229839268,1402.674770160732
4552.59,6130.475255780543,-1577.885255780543
4299.95,3262.5532681466175,1037.3967318533823
2682.97,1375.9276363879333,1307.0423636120665
722.12,1111.6301077527726,-389.51010775277257
960.8,2886.7835769598655,-1925.9835769598656
1480.26,2853.471691507855,-1373.2116915078552
932.05,2970.241087269757,-2038.191087269757
1683.42,3681.1289452496458,-1997.7089452496457
3223.69,1582.2716193563224,1641.4183806436777
6314.6,5161.624752504279,1152.9752474957213
2565.5,1729.6337336744048,835.8662663255952
2209.45,1930.881757621658,278.5682423783419
1695.11,2700.7882613912466,-1005.6782613912467
596.61,1424.8535142457572,-828.2435142457572
2582.84,2304.3658133411805,278.4741866588197
1316.59,2703.021838914381,-1386.4318389143812
2658.51,2205.823889322634,452.6861106773663
3812.45,1599.1522344681312,2213.2977655318687
1423.93,1146.00831974839,277.92168025161004
1216.45,1330.9674625048617,-114.51746250486167
2740.91,1261.0178208334912,1479.8921791665086
2318.39,2033.5030906826387,284.8869093173612
10097.85,5053.5964437336315,5044.253556266369
903.79,431.3490314771266,472.4409685228734
5376.61,5607.7182962515335,-231.10829625153383
1017.88,2163.2469484405806,-1145.3669484405805
7608.35,7960.691013016144,-352.34101301614373
1551.37,809.3336906120392,742.0363093879607
3137.95,2472.363336037319,665.5866639626806
859.6,1748.7881847689919,-889.1881847689918
1655.91,1352.6939174820604,303.21608251793964
7922.6,5339.029474103075,2583.5705258969256
2260.82,2173.229706202877,87.5902937971232
629.12,1075.3062622927432,-446.1862622927432
2775.85,5509.190143396031,-2733.340143396031
2543.55,2275.8381047443677,267.7118952556325
1300.66,1051.5961599123584,249.06384008764167
2719.85,5874.427436730124,-3154.577436730124
1098.89,1766.8734882364029,-667.9834882364028
1305.96,1759.6747597769604,-453.71475977696036
2695.32,1987.941657167015,707.3783428329853
3155.26,2772.2510511318546,383.0089488681456
2782.95,1803.6966523624883,979.2533476375115
1683.2,594.3061109766095,1088.8938890233906
1295.21,1673.280943458503,-378.07094345850305
1152.56,1866.8854908414237,-714.3254908414237
2918.8,3051.743436993848,-132.94343699384763
2508.06,2333.6710916052107,174.38890839478927
1488.17,2888.8388594247713,-1400.6688594247712
7081.35,4024.993586209367,3056.3564137906333
1381.89,2743.2156415236664,-1361.3256415236663
527.82,2439.797245396906,-1911.9772453969058
1153.69,1856.877537378059,-703.187537378059
2229.24,3520.3020612548744,-1291.0620612548746
1956.26,435.9851985582983,1520.2748014417016
28.46,2689.266373867887,-2660.806373867887
797.68,644.9008907834788,152.7791092165212
3081.25,5456.892121407909,-2375.642121407909
663.39,1781.8620219104332,-1118.4720219104333
1557.42,823.4001428607439,734.0198571392561
1451.89,1301.7248581887209,150.16514181127923
5875.53,3850.867339300863,2024.6626606991367
451.75,5282.884135872379,-4831.134135872379
716.41,899.8758207005233,-183.4658207005233
1488.18,2359.1152604611375,-870.9352604611374
7625.52,6149.038172330187,1476.4818276698134
865.49,1807.550937494103,-942.060937494103
2972.32,4145.512385451613,-1173.192385451613
879.69,1812.6128343964383,-932.9228343964382
1752.76,1524.906588290976,227.85341170902393
1811.03,1773.0455466992616,37.98445330073832
2761.72,3127.947806492542,-366.2278064925422
2582.05,5013.074443401364,-2431.024443401364
2069.18,2934.8849502283088,-865.7049502283089
1570.38,911.4243723204063,658.9556276795938
1258.9,868.0455083571353,390.8544916428648
3987.13,1957.306168606287,2029.8238313937131
4918.98,2241.9235691238227,2677.056430876177
1723.26,3705.2222946536026,-1981.9622946536026
3457.79,4464.430247902561,-1006.640247902561
2978.93,3911.2873264525215,-932.3573264525216
982.65,2111.0809205363025,-1128.4309205363024
4632.58,1454.3425455630306,3178.2374544369695
2609.01,2880.4417694900185,-271.43176949001827
1102.43,1312.5513532689802,-210.1213532689801
2451.69,4613.121004639031,-2161.4310046390306
1141.48,448.0593569218878,693.4206430781122
6188.65,4386.230916521823,1802.4190834781766
955.48,2391.9569412682877,-1436.4769412682876
6009.12,4118.819100642767,1890.300899357233
984.66,4106.164794485976,-3121.504794485976
890.54,3561.6785992270056,-2671.1385992270057
726.67,738.3554249420488,-11.685424942048826
767.65,795.3914155774551,-27.741415577455086
6755.1,4073.226311050049,2681.8736889499514
1910.22,2216.1805098420487,-305.9605098420486
6573.05,5537.329312032082,1035.720687967918
1312.26,2679.5870176426565,-1367.3270176426565
6464.84,6977.548171986115,-512.7081719861153
3547.26,4557.626162490357,-1010.366162490357
2683.71,1881.6706078387929,802.0393921612072
702.46,1230.329764595439,-527.8697645954389
1014.78,1167.3635394272721,-152.58353942727217
907.11,983.6853828808312,-76.57538288083117
2609.01,679.8970230958203,1929.11297690418
735.64,1914.0856452222151,-1178.4456452222153
1078.57,936.7435114205534,141.8264885794465
618.16,1036.2657967167968,-418.1057967167968
1302.65,2817.8180980876814,-1515.1680980876813
2636.08,4585.35791429071,-1949.2779142907102
872.37,2319.3529825593528,-1446.9829825593529
878.52,840.0965935173829,38.42340648261711
2240.68,3198.6767836651693,-957.9967836651695
5308.01,4359.304936478156,948.7050635218438
3953.62,1682.9510189731493,2270.668981026851
4527.37,5879.5839172212245,-1352.2139172212246
1949.64,3117.012237635109,-1167.372237635109
3560.12,1769.6613142323517,1790.4586857676481
6316.98,10947.617034531966,-4630.6370345319665
1058.23,490.5665156309509,567.6634843690491
862.85,405.7522723651887,457.09772763481135
1215.32,1483.2655205818814,-267.9455205818815
947.66,2638.646585039087,-1690.986585039087
4040.15,3398.667307896283,641.482692103717
4232.78,2816.947618428562,1415.832381571438
3858.48,3518.301402731389,340.17859726861116
1091.35,1046.675039084903,44.67496091509702
6964.62,5820.568221908675,1144.051778091325
1882.07,2534.319295139992,-652.249295139992
1638.8,2956.486347712722,-1317.686347712722
1292.83,1552.2532013421167,-259.4232013421167
4845.58,4474.301324878544,371.2786751214562
694.79,251.85159947510908,442.9384005248909
865.01,2237.7420972169302,-1372.7320972169302
1748.98,829.2769718366653,919.7030281633347
684.92,2593.0234004131266,-1908.1034004131266
1682.35,1786.584030442239,-104.23403044223915
2168.66,850.4338238819112,1318.2261761180887
5476.36,7940.716493001831,-2464.356493001831
2348.28,2515.749923683179,-167.46992368317888
4668.84,3104.9140323820516,1563.9259676179486
1019.86,2323.0158489890705,-1303.1558489890704
694.52,710.8252458847028,-16.3052458847028
1106.71,1487.7007475734574,-380.9907475734574
1428.69,2062.8662662844604,-634.1762662844603
1976.71,2460.2612376690645,-483.55123766906445
3475.37,4118.05368963859,-642.6836896385903
4172.28,4448.172379199364,-275.89237919936386
3568.7,4232.29588172506,-663.5958817250603
3051.85,-1038.4002049339124,4090.2502049339123
787.31,1367.6452123535685,-580.3352123535685
2126.12,1374.462030718495,751.6579692815048
4259.26,6227.888246405457,-1968.6282464054566
5847.0,5776.183960356189,70.81603964381065
3000.02,2228.2670960627993,771.7529039372007
531.47,-619.4357447946262,1150.9057447946261
2673.72,3211.1624806160526,-537.4424806160528
1388.76,2777.022308139935,-1388.262308139935
2779.32,2968.4451823245486,-189.1251823245484
4723.55,6487.040951410274,-1763.4909514102737
2115.32,1984.775537080297,130.54446291970316
3103.8,2756.6858698864557,347.11413011354443
1384.61,2343.4428051991445,-958.8328051991446
1207.56,1670.9114091257036,-463.35140912570364
611.68,0.1797899624145316,611.5002100375855
1848.91,3541.554533314878,-1692.644533314878
1104.55,3150.6796657774785,-2046.1296657774785
819.75,1243.538465984119,-423.78846598411906
6999.69,3899.1453352701674,3100.544664729832
3033.69,2128.0177968256935,905.6722031743066
1936.69,5254.706042721735,-3318.0160427217347
2126.61,2745.1770619117033,-618.5670619117031
824.03,444.6673620804594,379.3626379195406
1684.29,1849.8175626939747,-165.5275626939747
1854.51,1107.9988015042625,746.5111984957375
1169.01,2735.572545249948,-1566.5625452499478
773.0,571.1736345102818,201.82636548971823
12221.33,7291.663139997652,4929.666860002348
3512.03,1768.1762686771176,1743.8537313228826
4002.19,2523.0029422113053,1479.1870577886948
1643.45,1985.1254145685134,-341.67541456851336
7106.39,5376.31944894919,1730.0705510508105
1412.91,1931.1773882625162,-518.2673882625161
1185.97,3809.736389081705,-2623.766389081705
7944.85,7072.302862492429,872.5471375075713
4637.96,4929.720788751235,-291.76078875123494
2847.13,3448.2572061254473,-601.1272061254472
8903.8,5920.255423257525,2983.5445767424744
2422.38,7774.071783166091,-5351.691783166091
6503.55,4608.557288502792,1894.992711497208
3801.1,4175.538179286065,-374.4381792860654
1327.08,1973.0392706964844,-645.9592706964845
1318.8,573.0689758152178,745.7310241847822
9413.65,7409.4037419624865,2004.2462580375131
543.36,1321.3201911544027,-777.9601911544027
2912.28,2791.6701787769243,120.60982122307587
1878.67,3094.958065962401,-1216.288065962401
1381.14,2767.186037532806,-1386.046037532806
2538.67,2000.897171042785,537.7728289572151
4640.26,3993.6508968409553,646.6091031590449
1073.86,2073.1823377969918,-999.3223377969919
3998.27,2011.641372758953,1986.628627241047
5928.21,9502.356109097516,-3574.1461090975163
1344.54,1863.117773501352,-518.5777735013521
2144.67,2895.3846690868427,-750.7146690868426
3060.04,3771.2027021659574,-711.1627021659574
2720.69,3491.7543041259323,-771.0643041259323
2237.09,4037.997504183515,-1800.907504183515
3614.11,2925.272126052223,688.8378739477771
2695.91,5491.953843361033,-2796.0438433610334
3813.65,4687.483040615361,-873.8330406153605
1675.5,815.4626791998642,860.0373208001358
3434.87,3204.8641249768284,230.00587502317148
5198.2,3707.7059973624137,1490.4940026375862
923.05,984.354919984484,-61.30491998448406
9369.19,6910.834198806056,2458.355801193945
4371.14,6044.742222134759,-1673.6022221347584
1618.88,2928.6879369531334,-1309.8079369531333
756.57,2313.915956590415,-1557.345956590415
6214.19,6950.118908430323,-735.9289084303236
925.34,175.01206697647285,750.3279330235272
897.47,2067.0383062788956,-1169.5683062788955
1832.48,2957.521754525904,-1125.0417545259038
1079.07,529.5784874918418,549.4915125081582
2590.78,2009.3550883741923,581.4249116258079
930.63,2044.4426698691236,-1113.8126698691235
16384.42,5176.312985966792,11208.107014033205
1663.6,2274.5642087395167,-610.9642087395168
690.81,3458.2522538989765,-2767.4422538989766
14591.93,5623.266367673547,8968.663632326454
1530.42,2218.8669816402157,-688.4469816402157
3164.58,3143.2033558065154,21.37664419348448
4749.81,7631.785052427236,-2881.975052427236
4828.94,4799.210230425952,29.729769574047168
3347.23,5341.06417037873,-1993.8341703787296
3399.82,2197.2755334348058,1202.5444665651944
845.27,386.4904304581264,458.77956954187357
1336.37,1954.0379354679972,-617.6679354679973
562.07,771.2221611535695,-209.1521611535694
2906.83,4059.8759053022777,-1153.0459053022778
2317.01,2232.902504775842,84.10749522415836
4757.16,3840.3171484913482,916.8428515086516
1251.16,3293.137809996228,-2041.977809996228
2840.35,2185.0452395510883,655.3047604489116
3854.9,3221.219377179355,633.6806228206451
1128.52,1257.5363535435733,-129.01635354357336
9324.25,5345.2167462345715,3979.0332537654285
553.07,2084.616108110031,-1531.5461081100307
1494.59,886.0896785489645,608.5003214510355
1375.66,2670.3940030826143,-1294.7340030826142
1276.68,2512.0616585718067,-1235.3816585718066
2506.92,1806.2724863036542,700.6475136963459
4310.45,4931.884839814113,-621.4348398141128
513.78,1448.4983915657656,-934.7183915657656
2334.11,3912.179946858655,-1578.069946858655
3877.65,3810.6013633616176,67.0486366383825
4550.28,4137.819230610233,412.46076938976694
2552.97,1615.9276118054293,937.0423881945705
1646.99,1887.3344076777012,-240.34440767770116
5056.38,3073.6427872763647,1982.7372127236354
1384.85,1187.2982816316846,197.55171836831528
691.97,1366.1903946188647,-674.2203946188647
2599.55,5024.80954342357,-2425.25954342357
3736.49,3856.817655573759,-120.32765557375933
573.76,2492.718143454439,-1918.958143454439
3232.37,3038.0997383165,194.27026168349994
4352.02,5147.979346808203,-795.959346808203
6100.43,5960.895175036057,139.53482496394372
3017.4,1811.5819967997204,1205.8180032002797
5105.33,4886.470504933384,218.85949506661564
1857.51,1928.3777072550783,-70.86770725507836
1405.44,1691.30996522523,-285.86996522522986
586.27,1509.4981384879768,-923.2281384879768
670.14,1153.409763924923,-483.26976392492304
2861.8,4971.91205359341,-2110.1120535934097
2926.66,3245.993902984271,-319.33390298427094
2252.25,2332.1208823498905,-79.87088234989051
111.49,3259.272059331206,-3147.7820593312063
4786.57,1869.034572565252,2917.535427434748
894.08,1467.2043740289162,-573.1243740289161
3247.79,2561.4129280977936,686.3770719022064
3750.46,3560.764132755946,189.69586724405417
4811.17,4874.925527002976,-63.75552700297612
2669.17,3177.13626311891,-507.96626311890986
4794.17,3635.2316694925207,1158.9383305074793
1217.67,2086.8344180399163,-869.1644180399162
675.0,1680.416524794404,-1005.416524794404
589.05,766.8785328301651,-177.82853283016516
3582.15,4529.090701698498,-946.9407016984983
1747.65,1118.2000746387662,629.4499253612339
1719.75,3118.5245299596377,-1398.7745299596377
6528.64,3617.991377544248,2910.6486224557525
7144.83,5366.060112319083,1778.7698876809172
942.32,783.5764570458639,158.74354295413616
3170.29,6725.710280560813,-3555.420280560813
5055.43,4678.120168440491,377.3098315595089
3605.23,2116.4731872458033,1488.7568127541967
2260.41,5331.103737394442,-3070.693737394442
1820.52,2075.610560883512,-255.0905608835119
1673.27,2232.4213791481607,-559.1513791481607
771.1,332.40808997707734,438.6919100229227
1800.98,2191.4645029020785,-390.4845029020785
3827.11,3664.1585177552915,162.9514822447086
1288.61,1694.0514543842016,-405.44145438420173
1074.68,1589.9463794404512,-515.2663794404511
1397.03,3626.68221042612,-2229.6522104261203
11417.02,5343.447946681492,6073.572053318509
1705.45,1269.1129365030863,436.33706349691374
1945.53,2724.134490341769,-778.604490341769
3210.58,2657.1204498581887,553.4595501418112
889.37,2151.3232404604596,-1261.9532404604597
3395.1,3349.488030621183,45.611969378816866
6543.9,6000.414580055708,543.4854199442916
4693.07,2857.1352565877814,1835.9347434122183
943.63,1383.8110678193539,-440.18106781935387
586.8,1582.066477498423,-995.266477498423
2208.0,2545.94770869948,-337.9477086994798
669.24,901.7242577671125,-232.48425776711247
9725.01,8349.572411890498,1375.437588109502
2733.88,3228.173028387247,-494.293028387247
828.93,2243.7868828152646,-1414.8568828152647
1067.98,2239.5939026708897,-1171.6139026708897
5481.15,7614.4185968762795,-2133.26859687628
445.89,688.9282229102047,-243.0382229102047
4030.2,2324.50196638839,1705.6980336116098
1274.68,2560.386423644345,-1285.706423644345
1575.97,1994.0189210426547,-418.0489210426547
3010.11,2722.8875010540787,287.2224989459214
3226.59,4146.991729839039,-920.401729839039
1240.47,1427.0980854518195,-186.62808545181952
12124.57,3864.298552561475,8260.271447438525
939.4,1648.068393049557,-708.668393049557
1491.14,2302.893449480344,-811.7534494803438
7716.18,8468.688445648477,-752.5084456484765
3452.42,5418.0182345421545,-1965.5982345421544
3743.66,2226.3463789556295,1517.3136210443704
2558.19,5752.755485101046,-3194.5654851010463
2012.8,1873.6135190163254,139.18648098367453
950.73,2977.5442780078806,-2026.8142780078806
8082.37,4891.84979760071,3190.5202023992897
5795.72,3361.802795180518,2433.9172048194823
1438.27,3634.94431589482,-2196.67431589482
1847.88,3069.214562221395,-1221.3345622213951
1728.2,2558.3295109917817,-830.1295109917817
7744.37,2746.2989605472026,4998.071039452798
781.73,1538.310737440499,-756.580737440499
698.38,1899.0824729038736,-1200.7024729038735
1680.63,1857.287412284018,-176.65741228401794
724.17,1359.5113600636648,-635.3413600636649
508.54,1650.947105826305,-1142.407105826305
3800.87,1889.1278694848197,1911.7421305151802
745.08,1092.6209814317895,-347.5409814317894
501.83,2652.7333488114227,-2150.903348811423
2176.14,1716.1692230278345,459.97077697216537
6593.26,3614.4096129546288,2978.8503870453715
4247.12,1838.3464913563762,2408.7735086436237
1130.93,4644.148568724125,-3513.2185687241245
349.18,2974.9337612519885,-2625.7537612519886
860.67,980.8389417542755,-120.16894175427558
1282.94,632.0226519360132,650.9173480639869
2322.07,786.2724911924086,1535.7975088075916
6903.59,5748.061061923776,1155.5289380762242
1937.67,2622.662641086292,-684.9926410862918
4690.4,4467.493627383588,222.90637261641132
5546.18,7083.112795167003,-1536.932795167003
2701.06,1681.9166255015634,1019.1433744984365
3492.33,3642.5137460532655,-150.18374605326562
5489.29,3964.4141392247802,1524.8758607752197
439.4,1590.3887360215465,-1150.9887360215466
2757.05,2924.570172574628,-167.52017257462785
7450.37,3840.217017677249,3610.152982322751
921.24,1447.548448756039,-526.3084487560391
980.27,1219.452109106861,-239.18210910686093
2196.93,3568.7324134604937,-1371.8024134604939
8120.87,5830.6670344247195,2290.2029655752804
1677.19,3802.9975407824813,-2125.8075407824813
825.74,2649.4886626951015,-1823.7486626951015
2603.36,5206.79562814193,-2603.43562814193
3420.31,3101.605715066123,318.7042849338768
1784.7,1848.0141152756169,-63.314115275616814
1163.38,753.604589125265,409.77541087473514
3475.05,3742.0250763096365,-266.9750763096363
3127.72,2977.268486180819,150.45151381918095
2067.56,2477.0648788411204,-409.50487884112044
4254.99,4622.941247225567,-367.9512472255674
1952.3,2911.9221043154394,-959.6221043154394
2242.86,1336.2111669182746,906.6488330817256
2679.78,5222.605692560394,-2542.825692560394
2084.6,2898.779516946297,-814.1795169462971
4526.17,5689.69355946537,-1163.5235594653695
1355.73,2260.9899264403302,-905.2599264403302
5483.06,4891.1483609741,591.9116390259005
3910.16,2743.7353685161515,1166.4246314838483
7192.4,5706.064572302873,1486.3354276971268
5419.0,5934.84918568029,-515.8491856802902
2345.75,3342.2121719042707,-996.4621719042707
2840.31,1558.653892027763,1281.656107972237
997.88,2540.407444501269,-1542.5274445012687
2491.84,1094.4368793535596,1397.4031206464406
3019.58,4826.978815835015,-1807.3988158350148
7760.53,6139.2734252834325,1621.2565747165672
4179.32,3136.6804873233373,1042.6395126766624
27487.66,6507.1295955691385,20980.53040443086
801.17,1183.0642477662893,-381.89424776628937
4248.7,6315.743203127066,-2067.0432031270666
1657.43,1905.9095201697264,-248.47952016972636
507.58,1045.7658947384546,-538.1858947384546
2200.99,4383.96977502157,-2182.9797750215703
2511.65,3746.0047913822145,-1234.3547913822144
3635.19,3386.9906272405433,248.19937275945676
7858.45,5752.07920829673,2106.37079170327
1363.37,375.2340939391245,988.1359060608754
4045.36,2178.3342314575216,1867.0257685424785
2805.29,2680.020574517377,125.26942548262286
1431.79,1224.3657654214003,207.42423457859968
1010.25,1095.037206429303,-84.78720642930307
960.84,-19.12217573828559,979.9621757382856
1119.23,800.9856553801869,318.2443446198131
6560.66,7150.267997423372,-589.6079974233726
687.84,1001.302573691399,-313.4625736913989
1849.59,1498.056160354649,351.533839645351
699.27,673.9715978608039,25.298402139196128
4091.32,4762.554794014248,-671.2347940142477
2341.59,1163.9231718306546,1177.6668281693455
10056.25,904.8914912595956,9151.358508740404
886.65,2752.931269208821,-1866.281269208821
5702.67,8078.2075843070315,-2375.5375843070315
4489.05,5106.551651958908,-617.501651958908
538.89,968.784951918844,-429.89495191884396
6538.16,4045.321129387872,2492.8388706121277
4718.11,4469.9978130531135,248.11218694688614
2029.81,1663.7639759700407,366.0460240299592
3191.49,1723.5886359391397,1467.90136406086
2062.52,1030.6379490203035,1031.8820509796965
1538.1,2577.36115683833,-1039.26115683833
3971.04,2627.3448883287224,1343.6951116712776
858.57,1438.954611891075,-580.384611891075
1168.89,445.84501479579444,723.0449852042057
5230.42,3994.993370781611,1235.4266292183893
4204.68,2227.0569344476485,1977.6230655523518
1645.23,2571.1177872060753,-925.8877872060752
4253.72,3141.948158237154,1111.7718417628462
2711.89,3013.9018998249912,-302.01189982499136
4557.19,3246.450953914589,1310.7390460854108
4138.29,4360.325369181722,-222.03536918172176
2756.76,2227.4087712791475,529.3512287208528
5319.73,3186.1050486341123,2133.6249513658872
1749.02,1434.3006426004665,314.71935739953346
1342.09,1754.2459256380216,-412.1559256380217
4058.68,4312.371133894077,-253.69113389407676
967.21,21.93470440323142,945.2752955967686
2276.06,1873.9442424258568,402.1157575741431
3098.61,3142.6369511857233,-44.02695118572319
5183.73,5534.85752570251,-351.12752570251087
4119.91,5443.549905611651,-1323.6399056116516
8451.99,4255.008134599316,4196.981865400684
2095.02,4936.307403653687,-2841.2874036536873
1133.15,1081.1234000087225,52.026599991277635
4078.23,4896.763326784275,-818.5333267842748
4541.13,2315.1359279986013,2225.9940720013988
3053.66,4084.80626795447,-1031.1462679544702
2410.09,2446.187763406405,-36.09776340640474
2520.55,1175.6690136438694,1344.8809863561307
1706.46,668.7430937905939,1037.7169062094063
1012.35,2147.9157668753296,-1135.5657668753297
1166.59,5175.108044348413,-4008.5180443484132
4146.01,5656.85867410111,-1510.8486741011102
1315.15,2691.8663415020565,-1376.7163415020564
2649.77,1439.5242745527369,1210.245725447263
1508.62,234.05592936190646,1274.5640706380934
1538.39,5091.944725434994,-3553.554725434994
1539.26,1532.3841239634505,6.875876036549471
3510.83,2975.859789711936,534.9702102880638
1558.26,3052.858613875837,-1494.598613875837
416.86,282.9320843031953,133.9279156968047
2184.15,1479.7702051273973,704.3797948726028
3944.2,2299.822239990104,1644.3777600098956
441.76,2369.6055192603358,-1927.8455192603358
7449.58,6546.818683162265,902.7613168377347
1314.31,1468.8795584928453,-154.56955849284532
1267.08,1963.9924430745777,-696.9124430745778
2126.3,4831.686536889517,-2705.3865368895167
1935.7,5662.751705156299,-3727.0517051562992
4829.17,4543.378960565687,285.79103943431346
2073.03,599.361867576054,1473.6681324239462
2554.61,2373.80680866034,180.80319133966032
1882.84,1491.534108485338,391.3058915146619
628.15,1563.4895414393245,-935.3395414393245
893.77,214.91605295873308,678.8539470412669
616.56,938.3906691718012,-321.8306691718012
9448.17,6944.301144094105,2503.8688559058946
1467.83,1269.12712042792,198.70287957207984
587.4,1066.6042880347954,-479.20428803479547
778.72,1424.9706322662053,-646.2506322662052
2097.93,1975.4042586706082,122.52574132939162
1352.4,2854.8316421755003,-1502.4316421755002
728.32,1971.0346138846248,-1242.7146138846247
5506.23,7063.4869983853205,-1557.256998385321
1255.93,5179.6389773170085,-3923.7089773170082
891.59,-40.7497156295114,932.3397156295114
4053.79,6871.26116567396,-2817.47116567396
1298.48,3123.1110881826867,-1824.6310881826867
5794.98,5553.1492516504795,241.83074834952004
2456.83,1523.199458407816,933.6305415921838
4869.57,5301.871873109062,-432.3018731090624
813.93,2182.5535468150038,-1368.623546815004
1011.97,1050.1367931103691,-38.1667931103691
785.11,1234.672308908983,-449.562308908983
729.09,2037.5198998572214,-1308.4298998572212
1504.46,2293.3639421942507,-788.9039421942507
833.88,1546.5306017817554,-712.6506017817554
792.51,613.1124047185962,179.39759528140382
1190.48,1740.9458662916136,-550.4658662916136
663.34,214.4913983690309,448.84860163096914
2361.9,2740.075729690352,-378.175729690352
1890.4,2305.320869795029,-414.9208697950289
838.87,-199.66220737901736,1038.5322073790173
3140.73,2694.998907642723,445.7310923572768
6447.08,4863.890335664719,1583.1896643352811
8719.86,4330.540767534653,4389.319232465347
796.67,3087.1766983004422,-2290.506698300442
3866.49,5671.591721141679,-1805.1017211416793
3456.67,2655.027418240446,801.6425817595541
2140.0,1838.9562996618215,301.0437003381785
986.67,2591.47412175175,-1604.8041217517498
1550.89,2125.197967773433,-574.3079677734329
2495.75,5080.360365727256,-2584.610365727256
3218.91,3334.0467737816944,-115.1367737816945
4056.82,2772.255986285036,1284.564013714964
1189.7,5011.941900489525,-3822.2419004895255
1702.36,3394.327865035481,-1691.967865035481
2106.77,3443.912434490631,-1337.1424344906309
1654.87,920.7430665791112,734.1269334208887
2133.58,3001.780820440468,-868.2008204404679
2206.0,3725.432415249236,-1519.4324152492359
3075.53,2658.0901743067516,417.4398256932486
1923.96,1454.8788988818237,469.0811011181763
2308.02,5131.134122454711,-2823.1141224547114
1109.14,3580.3725922640433,-2471.232592264043
573.4,578.9922675148354,-5.592267514835385
6874.66,1969.923832911586,4904.736167088414
11578.73,6228.9982093500175,5349.731790649982
1585.4,1820.3185023987844,-234.9185023987843
2225.47,2324.3815174584956,-98.91151745849584
5255.6,3928.075882454089,1327.5241175459114
3951.29,4972.296066759024,-1021.0060667590242
7457.5,3188.441780840018,4269.058219159982
1125.77,925.8018777144925,199.96812228550743
1032.14,315.32223372136855,716.8177662786316
1814.65,2261.278398860743,-446.6283988607429
1348.85,2311.2075762784207,-962.3575762784208
2769.47,180.47222383461622,2588.9977761653836
10155.14,8602.567079107452,1552.5729208925477
3581.41,2122.564883280736,1458.8451167192638
2316.16,3955.782606489457,-1639.6226064894572
984.41,858.114072124745,126.29592787525496
4762.31,3977.453323713077,784.8566762869232
819.0,4955.159964473995,-4136.159964473995
1150.46,922.8528418406188,227.60715815938124
5899.81,6113.497344394185,-213.68734439418495
889.26,1824.4330722602272,-935.1730722602272
2109.51,614.0461218086274,1495.4638781913727
4800.65,5860.05575726576,-1059.4057572657603
3144.41,2556.3083326580354,588.1016673419645
601.32,1568.6808006943495,-967.3608006943495
708.41,1810.6598806575307,-1102.2498806575309
3456.7,1830.7959634245817,1625.904036575418
565.6,3843.5645762884515,-3277.9645762884516
1944.19,2308.8856336249023,-364.69563362490226
3528.43,3216.70053382952,311.72946617048
2632.05,2326.0296537860972,306.02034621390294
9956.48,5072.210003698146,4884.269996301854
2571.49,3637.7414897506037,-1066.251489750604
660.18,2382.1200540166683,-1721.9400540166685
1122.38,1329.8000986656507,-207.42009866565058
2850.29,2474.441381044148,375.8486189558521
1113.9,1928.1506007583093,-814.2506007583092
742.8,778.175806736851,-35.37580673685102
1609.35,1026.2534304841724,583.0965695158275
574.8,580.2763504384791,-5.47635043847913
540.61,1090.1824405792593,-549.5724405792593
3170.54,4124.317885939609,-953.7778859396094
622.01,1565.8636071231804,-943.8536071231804
290.2,-101.14977450277104,391.349774502771
2033.92,2304.9099291149914,-270.98992911499136
716.1,1372.4578873496284,-656.3578873496284
1099.1,2045.5525726830597,-946.4525726830598
1265.14,1743.1088438292354,-477.9688438292353
1025.96,4379.173387099722,-3353.2133870997222
916.16,667.3316029153109,248.82839708468907
2691.41,3618.14783672061,-926.7378367206102
2660.19,2588.653386839205,71.53661316079524
2714.75,2816.862367173724,-102.11236717372412
521.37,1134.614037458751,-613.244037458751
9260.84,7436.107559139282,1824.7324408607183
1538.5,1700.2330988954684,-161.7330988954684
1690.67,5454.696964619083,-3764.0269646190827
1054.29,3904.300161222134,-2850.0101612221342
2368.48,2595.145089487615,-226.6650894876152
1705.07,2302.5557642105073,-597.4857642105073
754.38,2163.894471072338,-1409.514471072338
1360.43,3800.7231128958065,-2440.293112895806
642.96,201.34842172253013,441.6115782774699
1031.93,982.7939112132747,49.136088786725395
914.55,2982.455843254951,-2067.905843254951
984.18,1210.3072849424059,-226.12728494240594
1330.33,1528.1706941179325,-197.84069411793257
613.38,687.7686199198544,-74.38861991985436
19056.91,5959.637625807094,13097.272374192906
1595.75,1300.7401389926754,295.0098610073246
9894.75,5216.338461897611,4678.411538102389
2794.65,2928.1060569929114,-133.45605699291127
1353.96,2788.202871937159,-1434.2428719371592
9515.63,7965.732143737875,1549.8978562621242
1301.6,318.63423247507,982.9657675249299
3260.4,1899.2075535974668,1361.1924464025333
2676.6,2503.3249494783995,173.2750505216004
1461.27,2188.1623748730194,-726.8923748730194
1145.97,2060.555615886371,-914.585615886371
846.65,2820.7813917305625,-1974.1313917305624
2369.85,2036.8142721473569,333.03572785264305
1070.78,1723.594983749699,-652.814983749699
929.82,2053.3179956496137,-1123.4979956496136
650.0,1616.8846729582456,-966.8846729582456
1788.89,1592.9594579886511,195.93054201134896
12307.71,7150.475482654146,5157.234517345853
929.12,3133.504833086299,-2204.3848330862993
1158.78,2518.48959860516,-1359.7095986051602
1190.92,2059.323659367259,-868.403659367259
827.21,2594.4832544399246,-1767.2732544399246
3855.78,2286.7810601393194,1568.9989398606808
3149.09,2007.7888103558093,1141.3011896441908
919.55,2907.8492807248695,-1988.2992807248695
4545.51,5162.424535186532,-616.9145351865318
1124.11,337.38316309035747,786.7268369096424
1295.96,1620.8637068292323,-324.9037068292323
1550.86,3033.2828866611985,-1482.4228866611986
1322.41,2440.6860326413025,-1118.2760326413024
1451.91,5131.6293653113635,-3679.7193653113636
2128.63,2095.4900855948113,33.13991440518885
1810.79,3492.803922330319,-1682.013922330319
3002.52,3795.7443862061327,-793.2243862061327
1959.34,1769.4688060322583,189.87119396774165
1761.67,2127.4753890896227,-365.8053890896226
2905.53,1415.989804178038,1489.5401958219622
2748.8,2073.3237999569205,675.4762000430796
3684.18,2578.891078070696,1105.2889219293038
778.22,1648.566210007555,-870.3462100075549
5232.98,634.8062100520203,4598.1737899479795
3077.34,5424.084226041358,-2346.744226041358
2292.48,1350.712143666425,941.7678563335751
3869.94,4503.24096320453,-633.30096320453
1352.51,916.5996758613321,435.9103241386679
10142.99,3796.6082696250523,6346.381730374947
4247.48,3622.877572496909,624.6024275030904
969.84,614.9776762336497,354.8623237663503
821.39,939.224447798678,-117.83444779867807
1056.57,1666.2439667028912,-609.6739667028912
2611.66,3249.5890686464595,-637.9290686464597
2841.33,2495.86756545769,345.4624345423099
1524.17,862.7501167719417,661.4198832280583
1982.54,1168.601588749749,813.938411250251
2208.42,1940.6151037419181,267.80489625808195
4593.09,6444.068063577127,-1850.9780635771267
1406.7,4283.7168149500385,-2877.0168149500387
1793.63,696.1224000840742,1097.5075999159258
3291.22,1586.2796852459699,1704.94031475403
1618.38,3699.7681545120863,-2081.388154512086
1192.37,1089.6301277816415,102.73987221835841
1564.73,1532.9408455845885,31.78915441541153
10408.04,5391.257535436115,5016.782464563886
2275.26,2096.193542809838,179.06645719016205
1521.27,2312.855466150797,-791.585466150797
1074.59,1834.44828086713,-759.8582808671301
1387.43,1909.4715831649814,-522.0415831649814
2192.61,1822.0007425868603,370.60925741313986
720.84,3832.6395315634954,-3111.7995315634953
1580.26,1968.0473247180935,-387.7873247180935
3804.07,3884.817574171666,-80.74757417166575
7201.26,3931.4559053562234,3269.804094643777
2741.45,2049.6819557287226,691.7680442712772
2636.91,2134.975760201512,501.93423979848785
1379.55,1312.0207918166473,67.5292081833527
3562.24,3090.0084312389063,472.2315687610935
2887.29,4663.516759409322,-1776.2267594093219
1363.6,1223.4999376713074,140.1000623286925
7029.56,3061.7719844423123,3967.788015557688
1122.12,-332.4630862944182,1454.583086294418
1049.35,3580.985488702832,-2531.635488702832
1109.34,1157.3726478202427,-48.0326478202428
1530.65,4981.566436709213,-3450.916436709213
661.62,1801.6917270596114,-1140.0717270596115
3470.97,2662.5188316273448,808.451168372655
1417.7,2426.661078330202,-1008.9610783302021
3729.06,5253.110093731956,-1524.0500937319562
1853.72,1260.3272438554625,593.3927561445375
1200.08,2703.672560637561,-1503.5925606375613
3420.73,3058.5115645433357,362.21843545666434
473.0,574.7322686226688,-101.73226862266881
1186.28,2987.3635217022065,-1801.0835217022066
3871.07,2690.2033708399767,1180.8666291600234
707.92,4410.844337997037,-3702.9243379970367
8451.46,3623.355791722577,4828.104208277422
4865.38,4110.39486886735,754.9851311326502
3925.22,3196.0455428930222,729.1744571069776
1782.69,2624.6035062512588,-841.9135062512587
10195.69,9192.849427648682,1002.8405723513188
530.93,1203.0131877530896,-672.0831877530896
408.77,164.34471968836772,244.42528031163226
5179.27,3509.9486011503886,1669.3213988496118
3374.5,3206.3949992935586,168.1050007064414
5120.36,3763.9272072676054,1356.4327927323943
661.85,2653.176859983108,-1991.326859983108
2874.33,3647.5725177388504,-773.2425177388504
4013.09,4419.74858998099,-406.65858998098975
6367.62,10869.60134317445,-4501.981343174451
5439.05,2434.0122818082136,3005.0377181917866
8962.54,7450.793662610602,1511.7463373893988
6439.91,4379.1872812362135,2060.7227187637864
7961.24,3609.26517642316,4351.97482357684
1238.77,2085.402227722672,-846.6322277226718
2242.1,2256.8977948774764,-14.797794877476463
1678.46,3688.755849307432,-2010.295849307432
10727.77,6937.787299261274,3789.9827007387266
2852.0,2432.5437915386733,419.4562084613267
4536.01,4018.3140895190463,517.6959104809539
2558.28,4073.012317180209,-1514.7323171802086
4807.95,3738.7579835157994,1069.1920164842004
1706.81,3600.6914758237,-1893.8814758237
4541.33,2765.3569407969208,1775.9730592030792
4563.26,4457.072041849368,106.18795815063186
4177.35,3066.5736387817446,1110.7763612182557
1240.65,4936.942021633321,-3696.292021633321
2188.87,1245.8217706612895,943.0482293387104
1513.69,3561.908593548803,-2048.218593548803
10230.87,7766.444799877007,2464.4252001229934
908.9,2145.3099337957096,-1236.4099337957095
725.9,-144.58293145169782,870.4829314516978
7351.31,8809.533189596266,-1458.223189596266
944.89,2421.3616821625196,-1476.4716821625198
1055.22,1514.1177115628673,-458.89771156286724
1850.71,2496.660114953991,-645.950114953991
1337.61,1414.6370991646156,-77.02709916461572
280.0,5153.335009853098,-4873.335009853098
691.14,2107.752456160845,-1416.6124561608453
10586.55,6151.984557512976,4434.565442487024
1556.02,936.6228632556854,619.3971367443146
738.26,1541.946983661335,-803.686983661335
1160.23,142.113101486782,1018.1168985132181
2298.23,5645.847445900346,-3347.6174459003464
2862.82,2924.7671150160604,-61.94711501606025
13449.15,13624.120464978765,-174.97046497876545
6231.23,5239.9062353904765,991.3237646095231
575.27,1661.1694178360524,-1085.8994178360524
395.48,659.6272529718419,-264.1472529718419
2704.81,4509.550315920334,-1804.7403159203336
1735.44,1876.49297538071,-141.05297538071
1513.62,1115.0079736873372,398.6120263126627
563.69,1615.4536942307911,-1051.763694230791
5400.62,4536.093438583924,864.5265614160762
1447.62,3474.555239614163,-2026.935239614163
1920.99,4674.196877212241,-2753.206877212241
2655.23,3770.032727073581,-1114.802727073581
878.36,1388.7577506773255,-510.39775067732546
6798.49,6116.532205317455,681.9577946825448
572.34,2104.060223067462,-1531.720223067462
454.74,498.75882894609083,-44.01882894609082
7999.05,5067.526345532578,2931.5236544674226
8598.83,4719.716509547371,3879.113490452629
5307.02,6166.220805950152,-859.2008059501513
1105.75,3944.3318863794093,-2838.5818863794093
819.14,412.14951201980205,406.99048798019794
5391.13,8178.342178019456,-2787.2121780194557
1380.25,572.4875852120907,807.7624147879093
1421.73,1293.6408603694472,128.08913963055284
1869.91,3835.8092357126643,-1965.8992357126642
710.99,898.5367795941377,-187.54677959413766
4521.77,2061.905983413795,2459.8640165862053
739.57,582.1150585877718,157.4549414122282
1138.77,6003.960531814089,-4865.190531814089
2132.94,3923.6818178959,-1790.7418178959
1311.11,3276.4081460729335,-1965.2981460729336
1383.17,2006.4230321792365,-623.2530321792365
1540.41,2246.4380373853714,-706.0280373853714
1152.54,2026.1807969719853,-873.6407969719853
1488.7,222.52297344534156,1266.1770265546584
761.54,1224.246561820263,-462.706561820263
1807.32,2256.065502540991,-448.7455025409911
935.55,939.5391604346942,-3.989160434694213
2375.0,1710.9217147403535,664.0782852596465
4958.51,7200.527570776264,-2242.0175707762637
2704.93,1916.0923592256381,788.8376407743617
2579.35,965.0915924611568,1614.2584075388431
1499.5,1009.993685151499,489.506314848501
3678.16,3980.814097261915,-302.654097261915
2093.66,3725.884500237003,-1632.2245002370032
713.44,1978.107003209826,-1264.667003209826
12997.22,8442.451708776684,4554.768291223316
1134.17,3005.6485252023367,-1871.4785252023366
353.14,2485.6216364469733,-2132.4816364469734
2273.54,3558.7013809679183,-1285.1613809679184
2384.35,3663.82605531654,-1279.4760553165402
2561.63,3597.516400344408,-1035.8864003444078
2111.36,3817.930084137287,-1706.5700841372868
3700.3,4549.21047958502,-848.9104795850199
2095.67,1619.2053081322317,476.46469186776835
2194.04,3886.9025456284626,-1692.8625456284626
2417.66,2239.239711758427,178.42028824157296
1336.59,601.6251104561692,734.9648895438307
1016.02,1231.8784328507843,-215.8584328507843
2101.17,3279.3671862329875,-1178.1971862329874
1866.67,2642.4216327609265,-775.7516327609264
3388.99,2007.6440236567119,1381.345976343288
1070.36,623.128421941567,447.2315780584329
1319.12,2214.1560756287013,-895.0360756287014
15642.45,6108.651975814213,9533.798024185788
2483.74,3330.1365583122297,-846.3965583122299
2201.9,4135.246852660235,-1933.346852660235
655.27,1910.0166765192607,-1254.7466765192607
1188.94,868.3927756341393,320.54722436586076
2205.07,2921.0643327754574,-715.9943327754572
1726.79,1568.33347337215,158.45652662785005
2506.7,1621.3611318788871,885.3388681211127
1894.86,2705.1818968794446,-810.3218968794447
3295.93,4629.500718486358,-1333.5707184863581
1240.96,3414.6892876583534,-2173.7292876583533
2031.72,4940.490084271587,-2908.7700842715867
1832.84,2652.736192236395,-819.8961922363949
1310.98,1330.397881262295,-19.41788126229494
1152.41,3433.108407434461,-2280.698407434461
1806.12,3174.597263222926,-1368.477263222926
3236.08,6918.556278541715,-3682.476278541715
1758.24,2520.4076363273416,-762.1676363273416
3777.64,985.9010997903708,2791.738900209629
1089.92,1153.423286330034,-63.503286330033916
1325.8,1688.4922194014687,-362.6922194014687
1509.11,1022.3212962483362,486.78870375166366
3752.64,1316.3784520293027,2436.2615479706974
2112.62,2741.959137037388,-629.3391370373879
2451.07,2638.5797727969502,-187.50977279695007
1084.09,3120.150349452138,-2036.060349452138
1385.33,2642.8145812286366,-1257.4845812286367
1205.32,394.42838501303254,810.8916149869674
701.73,1083.913802433385,-382.1838024333849
1409.18,1589.4341815130203,-180.25418151302028
899.75,2632.12088081919,-1732.37088081919
4901.53,6697.913591925292,-1796.3835919252924
1372.7,1076.497826329272,296.20217367072814
7909.15,4650.665875985712,3258.4841240142878
378.8,598.8152140085609,-220.01521400856092
5129.28,2283.551608254457,2845.728391745543
992.22,4900.9307269353585,-3908.7107269353583
2433.12,2748.706211605306,-315.5862116053063
1854.16,2484.3150344085257,-630.1550344085256
1661.85,1655.0351240097832,6.814875990216706
2203.32,4782.885489912778,-2579.565489912778
1599.18,2574.7246797441185,-975.5446797441184
900.9,1578.607442364051,-677.707442364051
7292.63,3628.8099312706363,3663.820068729364
965.76,2073.177254226297,-1107.417254226297
2833.03,2513.2678005477464,319.76219945225375
1050.46,1581.8331554949232,-531.3731554949231
1739.08,1909.0434276618184,-169.9634276618185
3364.34,4223.074273757385,-858.7342737573845
2419.45,4365.165737890684,-1945.715737890684
593.96,1564.1033173575408,-970.1433173575408
560.08,1697.844224682215,-1137.7642246822152
1286.41,2893.5424157051475,-1607.1324157051474
7277.65,5989.452012615073,1288.1979873849268
3152.5,5739.020835997707,-2586.520835997707
3573.04,3554.9264118202746,18.11358817972541
2921.95,2813.439168784866,108.51083121513375
1335.49,2300.2203581451968,-964.7303581451968
4783.4,2900.357484324497,1883.0425156755027
817.21,2780.3622033766783,-1963.1522033766782
6031.16,3168.813685895629,2862.346314104371
1832.5,2666.778125130801,-834.2781251308011
1961.14,4282.6999558124635,-2321.559955812463
3016.65,3283.1662079838875,-266.5162079838874
5902.91,6164.4404438518895,-261.5304438518897
5645.65,4759.610199649811,886.0398003501887
5965.94,4834.712161636624,1131.2278383633757
860.83,1453.53745217945,-592.7074521794499
618.25,1425.309154473546,-807.059154473546
889.61,237.974016874393,651.635983125607
2342.97,3218.924788082608,-875.954788082608
2159.46,1880.3499776357075,279.1100223642925
2059.22,3494.7730668940317,-1435.5530668940319
3368.7,6637.77586043481,-3269.0758604348102
2950.02,2678.551455002893,271.4685449971071
2769.06,1089.9234707562894,1679.1365292437106
1735.69,808.0728945352503,927.6171054647498
469.73,1549.8640328680149,-1080.1340328680149
1431.98,1835.3791332170945,-403.39913321709446
1178.72,-36.949732791046245,1215.6697327910463
8643.26,10812.940126283753,-2169.6801262837525
4822.47,3470.132442525784,1352.3375574742163
1616.12,3251.427096843507,-1635.3070968435072
1705.12,2186.4556603781666,-481.3356603781667
731.4,2129.662134518814,-1398.262134518814
842.88,2051.2152540242587,-1208.3352540242586
1163.16,473.5741677905329,689.5858322094672
3597.23,5761.827410729862,-2164.597410729862
2302.63,3051.7271631978906,-749.0971631978905
3055.38,1856.632063838003,1198.7479361619971
2859.87,5917.747623816597,-3057.8776238165974
1073.01,1971.966547323676,-898.956547323676
7999.64,2756.820950366825,5242.819049633175
949.94,2252.3073979419264,-1302.3673979419264
1760.8,3677.2757135329725,-1916.4757135329726
2850.17,1265.8104088532916,1584.3595911467085
9247.98,6714.325839676581,2533.654160323418
4153.03,3785.52306559921,367.50693440078976
2048.51,1566.5235096898934,481.9864903101068
8544.17,8603.948182710952,-59.778182710952024
1443.41,1445.225518600876,-1.8155186008759756
8949.14,5990.424017778162,2958.7159822218373
2825.33,5608.594752309399,-2783.2647523093992
1220.25,553.2163683653148,667.0336316346852
2522.31,2380.9111224689304,141.3988775310695
2120.04,1026.0134548401638,1094.0265451598361
5290.08,8305.488724926166,-3015.4087249261665
1638.16,2545.3234488153457,-907.1634488153456
3616.44,4151.235096766251,-534.7950967662514
898.57,2686.974674485019,-1788.4046744850189
8009.03,1860.4077747724855,6148.622225227515
2685.63,3500.9837826638254,-815.3537826638253
4107.17,1220.2591473112482,2886.910852688752
1662.82,1290.2528242559329,372.5671757440671
708.67,1572.473557575574,-863.803557575574
5231.78,3800.3512477893073,1431.4287522106924
2548.7,1702.4423607643555,846.2576392356443
24413.42,8173.052751042248,16240.367248957751
7114.74,4941.808550408188,2172.9314495918115
892.61,1833.4027146659337,-940.7927146659337
2974.87,3060.598440785878,-85.72844078587832
1932.29,1517.5467877210035,414.74321227899645
445.4,1104.5557539024308,-659.1557539024308
2597.77,4754.353568023652,-2156.583568023652
3743.98,1802.5809745005004,1941.3990254994997
1101.54,1164.745316812926,-63.20531681292596
7172.56,6455.452758394957,717.1072416050438
5708.02,5152.62983828335,555.3901617166503
889.18,1558.2373181592716,-669.0573181592716
1372.11,2306.573801697576,-934.4638016975762
2577.34,2435.2063353135804,142.1336646864197
1547.39,2536.908218640872,-989.5182186408717
5180.89,4172.106260323003,1008.7837396769974
830.75,1291.6658247837945,-460.9158247837945
941.82,301.9270825788717,639.8929174211283
2514.33,2612.0304869507677,-97.70048695076775
1155.42,2171.3746198537465,-1015.9546198537464
950.67,2370.8272772234513,-1420.1572772234513
1807.52,735.3477127664846,1072.1722872335154
8393.33,4220.042188756937,4173.287811243063
7109.46,6195.728179943888,913.7318200561122
2743.61,3980.055411434374,-1236.445411434374
6456.41,6091.2845400171445,365.1254599828553
1189.21,942.0074198648381,247.20258013516195
1883.74,2123.346552506978,-239.60655250697778
1416.18,452.38293898050154,963.7970610194985
1873.04,406.8473022098193,1466.1926977901808
2823.12,2955.4941024561926,-132.37410245619276
2472.39,3259.9351039894045,-787.5451039894047
1130.26,1210.962127837447,-80.70212783744705
1680.15,2707.256235860435,-1027.106235860435
750.0,2876.8132788969,-2126.8132788969
294.53,2509.046731068939,-2214.5167310689394
1154.53,1478.8749466710124,-324.3449466710124
1495.96,3173.3472154020637,-1677.3872154020637
9680.64,10491.824143356072,-811.184143356073
899.95,2232.9988056407974,-1333.0488056407974
740.93,2110.9790723716783,-1370.0490723716784
2571.78,2765.7136575203795,-193.93365752037926
7650.93,6988.9747719676125,661.9552280323878
1066.26,1967.3248193945724,-901.0648193945724
740.48,2653.541933569385,-1913.061933569385
1041.8,1669.857697484009,-628.0576974840089
1568.68,2241.4257920224213,-672.7457920224213
1623.7,1736.5002784986013,-112.8002784986013
574.9,892.6179804809353,-317.71798048093535
2680.06,1674.4043137591311,1005.6556862408688
567.69,891.3166116307259,-323.62661163072585
10377.15,9034.819879635179,1342.3301203648207
666.03,1529.6160174533898,-863.5860174533898
1960.04,435.5132371877596,1524.5267628122403
4519.79,3165.0179595715445,1354.7720404284555
2073.63,1494.6976938450762,578.9323061549239
2120.56,2441.9607124586896,-321.40071245868967
829.3,822.7400016257859,6.559998374214047
3620.07,2920.146266492881,699.9237335071193
2117.98,1893.7086277848325,224.2713722151675
1134.65,2455.218357391699,-1320.568357391699
3184.0,732.8706196046617,2451.1293803953386
3878.31,6739.285792956668,-2860.975792956668
1536.19,1744.63675340414,-208.44675340414005
9837.38,4648.244076673015,5189.135923326984
644.29,254.74393158383964,389.5460684161603
8123.29,5973.23902615755,2150.05097384245
183.13,4162.454694622479,-3979.324694622479
1621.92,2123.615549169247,-501.695549169247
3799.33,1312.2561207544009,2487.073879245599
5058.87,2571.8200398267145,2487.0499601732854
1878.3,2216.2297714896117,-337.92977148961177
14019.98,17241.89165335216,-3221.911653352159
3143.17,2400.2382898559677,742.9317101440324
2770.24,3026.437128419117,-256.19712841911723
3101.01,1921.5451114934604,1179.4648885065399
1001.06,1490.8176244197405,-489.7576244197405
5703.81,4724.603095694293,979.2069043057072
2468.03,3115.654857425154,-647.624857425154
1387.61,4052.6922172336344,-2665.0822172336348
4673.61,3263.8940837169916,1409.715916283008
6867.31,4477.758446155752,2389.5515538442487
4483.61,6066.964629543097,-1583.354629543097
8700.51,3438.6432049000273,5261.866795099973
3882.54,3944.423710141683,-61.88371014168297
909.65,715.3266541492762,194.32334585072374
3529.67,6759.288300111383,-3229.618300111383
2509.07,1049.1232803451721,1459.946719654828
3202.97,3486.3427280275473,-283.3727280275475
21481.7,6704.7547555349665,14776.945244465034
881.56,688.3766273369245,193.1833726630755
2409.87,2929.0208123749935,-519.1508123749936
5293.9,3482.3054694545435,1811.594530545456
1444.4,3078.5679646414587,-1634.1679646414586
3905.8,1675.6113393561927,2230.1886606438075
2338.51,3540.377677282988,-1201.8676772829876
2547.83,1616.4668997692597,931.3631002307402
2132.86,1470.7116820686342,662.1483179313659
1622.92,1586.0283546793755,36.89164532062455
1363.12,2873.724512315422,-1510.6045123154222
834.0,2662.9802088052124,-1828.9802088052124
