Actual_Loss,Predicted_Loss,Residual
3302.33,3930.164347334659,-627.834347334659
1021.53,2005.5314293453473,-984.0014293453473
580.0,4340.32633740321,-3760.3263374032103
1109.79,1714.7933215680214,-605.0033215680214
4325.72,3900.1641176412686,425.55588235873165
5344.24,6595.922926401494,-1251.6829264014941
1173.77,1779.012216315238,-605.242216315238
13018.78,11980.918158928573,1037.861841071428
709.01,1862.85780903493,-1153.84780903493
3759.36,4000.3098884653805,-240.94988846538035
6297.38,4023.809434205212,2273.5705657947883
4001.05,4081.362766601394,-80.31276660139383
854.47,2518.4665269816974,-1663.9965269816973
456.22,1734.0860900160476,-1277.8660900160476
1578.7,1971.1790759532025,-392.4790759532025
2440.51,9722.344288798065,-7281.834288798065
1488.8,3280.0797777249645,-1791.2797777249646
3066.44,3230.7069496188965,-164.26694961889643
1322.68,1228.598499668361,94.08150033163906
1180.88,1776.8007596093466,-595.9207596093465
869.96,1854.4499864456784,-984.4899864456784
1408.94,1094.2575149598265,314.68248504017356
611.73,895.2266813604065,-283.49668136040646
1394.83,2490.117899740105,-1095.2878997401049
1264.52,1155.4774606385345,109.04253936146551
2159.85,2727.72052802339,-567.8705280233903
4797.96,4780.615877780663,17.344122219336896
2803.9,2584.2706993590605,219.62930064093962
3685.72,4558.242114405621,-872.5221144056209
3172.75,3171.155162411355,1.5948375886450776
3475.15,1987.9711420310227,1487.1788579689774
1918.9,3530.8958346253744,-1611.9958346253743
897.15,1607.006769242659,-709.856769242659
634.1,1373.001141310112,-738.9011413101119
4177.88,4526.122387320433,-348.2423873204325
1712.92,1674.6779563553164,38.24204364468369
16070.92,11080.43345376984,4990.4865462301605
4818.94,2838.694820341746,1980.2451796582536
12269.88,9897.358144532422,2372.5218554675776
1086.1,1736.365362142145,-650.265362142145
4786.92,3811.3832626642943,975.5367373357058
1729.6,3453.8982225639206,-1724.2982225639207
1042.04,1027.1111275424066,14.928872457593343
3944.02,3786.435171885621,157.58482811437898
2900.65,3346.2873997010465,-445.63739970104643
5182.96,4959.782676690154,223.17732330984563
1223.5,3298.7322975759575,-2075.2322975759575
2293.21,1328.6294016075158,964.5805983924843
2455.79,1696.6617022916785,759.1282977083215
1674.0,2082.6163553682277,-408.6163553682277
1937.77,1910.6087396429093,27.16126035709067
4797.14,9078.01625713559,-4280.87625713559
654.23,2767.8168345548224,-2113.5868345548224
4540.82,3276.549932589855,1264.2700674101447
1432.38,1784.4016516203947,-352.02165162039455
10748.93,11117.508405793647,-368.5784057936471
2668.17,4890.5736866244,-2222.4036866243996
6558.35,5684.049686512828,874.3003134871724
5343.54,1893.0795321893293,3450.4604678106707
1431.27,1311.4096215084826,119.8603784915174
670.38,1829.716146265752,-1159.3361462657522
593.53,1174.6585007596082,-581.1285007596082
2113.1,1763.8735923789147,349.2264076210852
3197.57,3597.7831800490344,-400.21318004903424
3497.37,2337.532753779271,1159.837246220729
1754.68,3916.653325710913,-2161.973325710913
1419.07,1690.5694918089803,-271.49949180898034
1866.04,1545.1990585351014,320.8409414648986
5604.92,7860.678723224867,-2255.758723224867
6805.22,4256.867035468484,2548.3529645315166
1066.99,1873.02723086833,-806.03723086833
1685.93,1481.6102202912298,204.31977970877028
10986.28,5915.978795575627,5070.301204424373
2226.28,1560.8470998559842,665.432900144016
5419.24,2807.104426798375,2612.135573201625
9462.9,5519.470747870833,3943.4292521291663
2890.17,4086.0752681422514,-1195.9052681422513
664.26,1378.992063345789,-714.7320633457889
1689.94,1826.4792673681068,-136.53926736810672
1017.47,4184.856735390314,-3167.3867353903133
1377.34,1349.4594555772512,27.8805444227487
1259.77,2270.468091196776,-1010.6980911967762
2976.58,4034.3696620271894,-1057.7896620271895
2962.07,4208.246034979071,-1246.1760349790707
3457.33,4330.128369316421,-872.7983693164215
5611.61,3597.3634113855474,2014.2465886144523
3809.26,2068.595211372024,1740.6647886279761
8565.7,2251.4902565146854,6314.209743485315
2545.21,1971.192192783223,574.0178072167771
812.94,2542.082306767671,-1729.142306767671
799.18,2103.521716643494,-1304.3417166434942
9544.22,10320.692930136081,-776.4729301360821
301.8,1449.5176774068718,-1147.7176774068719
2487.06,2783.1603337873803,-296.10033378738035
1512.42,3133.1407515952533,-1620.7207515952532
714.28,1637.2572144303113,-922.9772144303113
3380.44,2177.5342143547623,1202.9057856452378
2210.24,2348.251007083124,-138.01100708312424
1523.23,4880.0792246679375,-3356.8492246679375
2507.79,4580.459510633378,-2072.669510633378
1175.72,1130.0455056210642,45.67449437893583
2289.83,4130.030119692017,-1840.2001196920173
2570.9,1301.080911801008,1269.8190881989922
3490.04,2179.3381332821637,1310.7018667178363
4212.29,2457.911711881366,1754.378288118634
3855.35,3102.665656985268,752.6843430147319
2555.31,4261.436725210119,-1706.1267252101193
1592.66,1483.255280803667,109.40471919633319
2624.42,3398.13271214424,-773.71271214424
983.16,2381.9293469414497,-1398.7693469414498
2085.0,1255.801614513847,829.198385486153
3057.65,1924.0504904819,1133.5995095181001
3723.78,3161.8640434047966,561.9159565952036
3443.61,3976.325207831948,-532.7152078319477
7041.3,2374.7608841011256,4666.539115898875
7271.73,4343.730843365079,2927.999156634921
1034.86,1344.9074859912744,-310.04748599127447
4007.07,2787.0952379191936,1219.9747620808066
2023.92,1620.756089015826,403.163910984174
6391.62,2350.9326644923003,4040.6873355076996
2834.5,1968.2648421166753,866.2351578833247
794.49,945.84726553397,-151.35726553397
3177.39,3679.5457470578344,-502.15574705783456
2500.86,1961.8960671748491,538.963932825151
1594.29,6637.354272916702,-5043.064272916702
1837.18,2928.1697479544882,-1090.9897479544882
1260.0,2456.0560527335942,-1196.0560527335942
6030.53,6801.345519024911,-770.8155190249108
3393.34,3355.68773902353,37.65226097647019
1005.34,3100.9256216402055,-2095.5856216402053
1355.07,2587.6366115497217,-1232.5666115497218
836.28,2252.314707639764,-1416.034707639764
1453.64,1891.231360219441,-437.59136021944096
5837.45,4865.771433587375,971.6785664126246
2771.51,8801.236931679638,-6029.726931679637
756.92,1428.4468373916627,-671.5268373916628
4034.32,2510.780732672767,1523.5392673272331
2548.51,4315.061996743457,-1766.5519967434566
20272.33,5893.9466183730165,14378.383381626985
4680.01,1582.9761631999227,3097.0338368000776
3550.54,3681.0333964269294,-130.4933964269294
846.24,5446.5989172787695,-4600.35891727877
832.69,1445.049286740046,-612.359286740046
702.86,2427.9803774005723,-1725.1203774005721
1312.78,1933.2317342029728,-620.4517342029728
1808.7,1341.4097696726233,467.2902303273768
4492.19,2043.7575975505672,2448.4324024494326
893.9,1795.0298542922887,-901.1298542922888
749.96,1645.9941437019818,-896.0341437019817
3426.19,5932.627881778478,-2506.4378817784777
4606.64,1771.9378639641204,2834.70213603588
4123.01,1717.0681665500429,2405.9418334499574
837.28,1463.5706582590408,-626.2906582590408
3863.61,1776.1105723273397,2087.49942767266
6207.03,1932.3154060122802,4274.714593987719
10399.9,5071.317837320184,5328.582162679816
1351.1,1258.2688321501184,92.83116784988147
2740.27,2936.661171771478,-196.39117177147818
1006.9,1387.5369998239503,-380.6369998239503
783.03,1601.0195872395516,-817.9895872395516
8238.01,6783.507406814323,1454.5025931856771
1402.86,1299.6818989092071,103.17810109079278
8046.71,5544.1994574183655,2502.5105425816346
2196.43,2141.131003921633,55.298996078367054
882.76,1830.3626001288067,-947.6026001288067
1023.42,1204.6017237126691,-181.18172371266917
2734.7,2222.776073215377,511.92392678462284
809.53,1379.5859456830171,-570.0559456830172
1718.79,1707.8837520574043,10.906247942595655
681.19,1123.3942210007492,-442.20422100074916
5410.34,5898.541097694063,-488.2010976940628
871.66,1229.2635684978259,-357.6035684978259
1387.62,1397.2185087207663,-9.598508720766404
2367.75,1978.922597169025,388.82740283097496
3925.09,1727.9187689290495,2197.171231070951
508.46,1225.2306097271096,-716.7706097271096
1504.41,1975.5008788804753,-471.0908788804752
2939.9,3872.260012731496,-932.3600127314958
1278.76,2604.0415923407154,-1325.2815923407154
1818.86,1567.4973118975063,251.36268810249362
1779.66,1691.1998918830393,88.46010811696078
1378.47,1211.0451614015003,167.42483859849972
991.16,1453.4110992379606,-462.2510992379606
1444.4,1762.1155494522093,-317.7155494522092
720.35,1095.1877436289612,-374.8377436289612
1579.63,2115.981577021349,-536.3515770213489
8891.97,6761.9691316277185,2130.000868372281
1385.41,2473.4574089905273,-1088.0474089905272
1799.13,2057.154869422223,-258.02486942222276
6556.18,2044.9923737033923,4511.187626296608
2107.63,1974.4014355007175,133.22856449928258
6997.28,3984.5866716297764,3012.6933283702233
5145.75,4647.268473262476,498.4815267375243
968.63,2038.767055173126,-1070.137055173126
5932.08,1500.919519913261,4431.160480086739
3870.38,5628.082458990808,-1757.7024589908078
2227.4,2451.847853441983,-224.44785344198272
6403.9,7037.705592589074,-633.805592589074
1792.18,2766.7741080009055,-974.5941080009054
4901.53,3876.110856430596,1025.4191435694038
1774.79,2831.2380052612443,-1056.4480052612444
2006.73,3545.148820487809,-1538.4188204878092
3315.63,2606.573600195673,709.0563998043272
9677.04,4678.649108390753,4998.390891609248
4112.61,2390.2779954884286,1722.332004511571
2834.47,2349.1937139739675,485.27628602603227
973.75,3095.1409582979018,-2121.3909582979018
7305.25,3227.1561415049537,4078.0938584950463
5395.98,4455.812124708977,940.1678752910229
2162.52,1345.6124712702838,816.9075287297162
6208.32,3912.3184206078413,2296.0015793921584
9681.97,3265.9797089129834,6415.990291087016
1558.63,5436.909214062405,-3878.279214062405
5688.62,3009.896961692502,2678.723038307498
3400.22,3819.9159356667196,-419.69593566671983
5609.2,4784.388183732041,824.8118162679584
625.46,864.4981646063767,-239.03816460637665
2754.84,1654.6956657918472,1100.144334208153
2135.01,2097.773849890725,37.23615010927506
1949.7,3294.2997443300305,-1344.5997443300305
2311.84,4114.289040267828,-1802.4490402678275
7250.76,5786.508928064594,1464.251071935406
11864.32,5323.114485718955,6541.205514281045
1574.87,3045.7330074563756,-1470.8630074563757
3544.3,3428.2775663457996,116.02243365420054
2303.35,2565.4413455579906,-262.09134555799073
5079.42,4501.171521509916,578.2484784900844
1311.11,1664.857520016186,-353.7475200161862
691.8,1104.1813286337235,-412.38132863372357
1005.63,1484.2307982298391,-478.60079822983914
835.22,1461.658577523112,-626.4385775231119
2070.03,2868.6070681486945,-798.5770681486943
3526.7,3033.5873827105443,493.11261728945556
8726.48,6612.5087187950185,2113.971281204981
729.75,1916.6661463369792,-1186.9161463369792
5098.78,3877.8090429301938,1220.970957069806
1201.11,2223.294459572621,-1022.1844595726209
4561.64,5684.611974206767,-1122.9719742067664
977.75,1454.6808325310878,-476.93083253108784
5487.97,5385.917662151803,102.05233784819757
3057.69,1861.6694777196783,1196.0205222803218
2226.9,1842.4555622635587,384.4444377364414
2724.59,2103.0110848283307,621.5789151716695
1719.6,1285.6809565256356,433.91904347436434
562.94,2157.846250936463,-1594.906250936463
4378.26,2492.2311837103744,1886.0288162896259
4358.13,3791.549704928822,566.5802950711782
5015.92,5562.953783455607,-547.0337834556067
1708.48,1845.5602881526916,-137.08028815269154
1312.64,1435.501175931531,-122.86117593153085
2188.58,1814.6912968780625,373.8887031219374
870.01,1128.1168173834003,-258.1068173834003
1037.58,1544.3513079697645,-506.7713079697646
16620.24,8504.279005793653,8115.960994206349
870.97,1391.400660864598,-520.4306608645979
848.21,1274.6168001074927,-426.4068001074927
2102.08,2472.8880368084433,-370.8080368084434
2755.56,2440.1440143266286,315.4159856733713
3830.86,1987.3562231972328,1843.5037768027673
1178.69,1154.8799667012986,23.810033298701455
1120.02,1879.7634934104194,-759.7434934104194
13149.75,7094.211637370229,6055.538362629771
5635.81,3588.9321689119843,2046.8778310880161
2371.75,3203.378140441265,-831.6281404412648
5908.98,3427.418677315424,2481.5613226845758
1336.98,2108.0977569313404,-771.1177569313404
4028.04,2334.89871747692,1693.14128252308
787.81,1735.041546452572,-947.231546452572
2054.23,3139.7722767251685,-1085.5422767251684
12777.64,7604.9835198772835,5172.656480122716
1553.79,1505.0909246677882,48.699075332211805
406.77,1932.285571988297,-1525.515571988297
1192.58,1705.3317428811217,-512.7517428811218
2654.32,1412.5054445051996,1241.8145554948005
7531.2,8056.705743803276,-525.5057438032763
9309.04,5619.873577989581,3689.1664220104203
5560.27,2148.8880734124054,3411.381926587595
1505.96,4682.952393108546,-3176.992393108546
501.95,1500.6826458675848,-998.7326458675848
536.56,2397.330080359088,-1860.7700803590878
2379.01,4204.770809871894,-1825.7608098718938
733.53,1510.5501669851865,-777.0201669851865
5279.01,2359.7573169047737,2919.2526830952265
397.76,1311.9031494903656,-914.1431494903657
2740.52,1968.5431678405168,771.9768321594831
5526.41,7216.922266699165,-1690.5122666991656
6086.39,5696.880576272536,389.5094237274643
6916.66,6401.441026396909,515.2189736030905
7898.61,3736.779557861435,4161.830442138565
22236.37,13488.941808809519,8747.42819119048
3740.13,3344.3216161207606,395.8083838792395
1099.89,1493.96801612313,-394.0780161231298
967.7,1662.0983483380023,-694.3983483380023
782.0,2105.323327951392,-1323.323327951392
780.0,2804.927229197109,-2024.9272291971092
3037.99,3692.2603605580807,-654.2703605580809
1251.95,2581.9195123526283,-1329.9695123526283
852.66,1720.6331143147172,-867.9731143147172
2607.03,2641.0161543815675,-33.9861543815673
4149.48,2527.426673698997,1622.0533263010025
4038.1,4001.21197708475,36.888022915250076
640.97,1458.678988792437,-817.7089887924369
403.7,1452.5178503709183,-1048.8178503709182
981.92,1754.6351428815565,-772.7151428815565
4372.66,4297.539745272978,75.12025472702226
1305.34,1821.2116993502218,-515.8716993502219
2083.79,1723.4470303477888,360.3429696522112
1508.93,1549.103800759101,-40.173800759100914
6129.74,5648.4031267780065,481.3368732219933
748.54,2332.94311979811,-1584.4031197981099
518.56,3010.3601110483833,-2491.8001110483833
885.17,1357.5100667489992,-472.3400667489992
2522.09,2188.6473701835516,333.4426298164485
1855.29,1884.6436220721482,-29.353622072148255
869.04,1133.6766019263973,-264.63660192639736
2931.69,1723.7281317413394,1207.9618682586606
1331.4,1355.9497623658253,-24.549762365825245
5971.93,2185.6481776750734,3786.281822324927
4123.62,3717.5660593600846,406.05394063991525
519.58,1192.3112882857913,-672.7312882857913
1008.68,1325.9643881980833,-317.2843881980833
1057.64,2594.1323699363857,-1536.4923699363856
1634.7,1686.818405245741,-52.11840524574086
1925.74,2387.0978585459106,-461.35785854591063
2989.5,3415.5998173280013,-426.09981732800134
1301.44,1522.143874520988,-220.70387452098794
2836.67,3010.634750196591,-173.964750196591
1918.96,3055.607075728769,-1136.6470757287689
1121.7,1748.0219898623682,-626.3219898623681
794.28,1324.2648311223488,-529.9848311223489
7965.51,5085.785305894042,2879.7246941059584
4944.61,5092.115612750049,-147.5056127500493
2422.15,1778.1237425753861,644.026257424614
1063.71,3282.865196481143,-2219.155196481143
4293.21,1917.8210533807983,2375.3889466192018
1141.24,2111.278901855396,-970.0389018553958
2193.33,4840.162088903874,-2646.832088903874
1867.8,2412.354917426195,-544.5549174261948
3226.52,3594.4791901236085,-367.95919012360855
1981.67,1693.23543767061,288.43456232939
937.15,3305.224888717862,-2368.074888717862
5620.02,4494.4989001423555,1125.521099857645
1212.39,1243.0042347510825,-30.61423475108245
1373.23,4381.331168126391,-3008.1011681263913
3409.99,3374.578387263115,35.41161273688476
2547.22,3515.9909528515045,-968.7709528515047
691.21,1480.1585597639485,-788.9485597639484
491.03,1955.4476148405226,-1464.4176148405227
4402.48,4285.309734112283,117.1702658877166
2107.95,1499.642221368264,608.3077786317358
2148.11,4551.957808013923,-2403.8478080139225
975.59,1300.1242926181703,-324.5342926181703
851.6,1505.5851581930617,-653.9851581930617
7972.02,7154.082428714922,817.9375712850788
3970.56,2031.2660194977982,1939.2939805022017
1478.8,3785.9456966868493,-2307.145696686849
3058.93,2034.717601414948,1024.212398585052
617.42,1125.4010458425214,-507.98104584252144
795.78,1189.7442389616147,-393.9642389616147
1351.66,1584.847136151871,-233.18713615187085
616.07,1607.4156309777575,-991.3456309777574
1139.03,3589.1942183848737,-2450.1642183848735
2794.45,4541.46693506682,-1747.0169350668202
1535.5,1197.0981623906162,338.40183760938385
4189.96,3112.3256372149567,1077.6343627850433
5588.52,3758.746341820644,1829.7736581793565
980.21,1663.4900613128855,-683.2800613128854
2427.97,3350.672519923562,-922.7025199235622
2028.21,1722.9815184943059,305.22848150569416
9045.74,6416.9935451331085,2628.7464548668913
893.93,1847.4852131391228,-953.5552131391229
920.17,2014.38882027458,-1094.2188202745801
2240.73,3823.5942920881334,-1582.8642920881334
2285.55,1690.9835029168528,594.5664970831474
1829.42,1690.2292090706462,139.19079092935385
7996.31,3483.444361071547,4512.865638928453
6861.94,2974.85292032712,3887.0870796728796
2481.78,1696.6654744143466,785.1145255856536
7274.57,7694.573822628691,-420.0038226286915
1140.54,1279.2670867609982,-138.7270867609982
1754.59,1388.915788537107,365.674211462893
2804.29,1195.9811312654078,1608.3088687345921
862.37,1188.4392550272535,-326.06925502725346
466.67,1121.7908383998536,-655.1208383998535
3014.27,2223.5771657804794,790.6928342195206
846.12,2268.6074846279457,-1422.4874846279458
8581.98,3837.2864195091242,4744.693580490875
2098.34,1935.8577923518264,162.4822076481737
2477.55,3125.5938965365294,-648.0438965365292
6776.9,3982.482177802396,2794.4178221976035
2305.14,1342.307691743662,962.8323082563379
976.38,2909.353957495314,-1932.9739574953137
21187.55,14723.52704666667,6464.0229533333295
2702.01,2472.5808230352345,229.4291769647657
2237.88,4078.192762012149,-1840.312762012149
1176.93,1785.1732833298543,-608.2432833298542
2138.6,3343.229971666668,-1204.629971666668
1587.52,2551.262853188648,-963.742853188648
13373.98,5054.132030598074,8319.847969401926
1730.46,2529.2707915361407,-798.8107915361406
2311.33,1577.867112712303,733.462887287697
4965.18,2634.7689972327244,2330.411002767276
675.25,1396.845878491543,-721.5958784915431
3527.82,3107.0666170650575,420.7533829349427
2391.06,2601.1130790934258,-210.05307909342582
907.7,1712.8784644051984,-805.1784644051984
1624.9,2341.5682240307947,-716.6682240307946
3256.1,1858.5939139186573,1397.5060860813426
942.36,3217.4120079376157,-2275.0520079376156
1470.86,2461.023252932351,-990.1632529323513
2423.74,1766.1343402627037,657.605659737296
1200.33,1223.2257735194469,-22.895773519446948
1882.4,2160.858881875084,-278.458881875084
1245.6,2164.4017940018807,-918.8017940018808
1810.25,1786.7187301477202,23.53126985227982
4030.03,4647.28485158758,-617.2548515875801
5951.49,3657.143098828768,2294.346901171232
13308.04,6260.136354566844,7047.903645433157
3433.0,1481.1290560584637,1951.8709439415363
1850.27,3285.6650378701124,-1435.3950378701124
996.11,1446.6239707789478,-450.51397077894774
3146.94,2821.800643783713,325.13935621628707
1077.33,1259.4207765865315,-182.09077658653155
1996.0,2042.9367430998404,-46.93674309984044
1007.74,1330.5770110595988,-322.8370110595988
7733.38,5536.691911547822,2196.688088452178
1506.2,1362.1702263212292,144.02977367877088
7882.59,4483.472103907526,3399.1178960924744
3058.96,3179.700787394243,-120.74078739424294
1028.56,1171.9504154169836,-143.39041541698361
1273.51,2470.6182588433567,-1197.1082588433567
3880.89,2409.9498439102963,1470.9401560897036
2345.48,2440.339682011546,-94.85968201154583
1296.38,1612.0290787075442,-315.64907870754405
1630.16,1215.003399137012,415.15660086298817
13699.44,7118.889231443001,6580.550768556999
5494.96,12228.740796746031,-6733.780796746031
759.36,914.4290830725706,-155.0690830725706
1420.4,1787.107129610343,-366.7071296103429
474.87,1526.9606276810687,-1052.0906276810688
1115.16,2936.28864750618,-1821.12864750618
1152.66,2579.709184285713,-1427.049184285713
3252.31,5210.508344398178,-1958.1983443981785
6624.18,3014.49481085215,3609.6851891478505
2257.33,2380.247114739077,-122.91711473907708
794.62,2341.7926016585584,-1547.1726016585585
3098.37,1985.964106090875,1112.4058939091249
579.53,1352.8795169108544,-773.3495169108544
2033.28,1728.1420380511522,305.13796194884776
1088.76,1390.6845841935196,-301.92458419351965
3715.73,1978.702756298696,1737.027243701304
1261.49,888.3218570336286,373.1681429663714
2121.9,2339.1128135407675,-217.21281354076746
1794.33,1973.4960775492987,-179.16607754929873
772.4,4119.21279196433,-3346.81279196433
920.99,1310.0908181835377,-389.10081818353774
18872.81,9943.78784683225,8929.02215316775
1837.54,1371.0755862511537,466.46441374884625
2687.06,1666.7017374711272,1020.3582625288727
8693.34,1857.8843072408702,6835.45569275913
538.13,907.155635335349,-369.02563533534897
2073.88,2259.1741909304665,-185.29419093046636
1848.8,2058.130672511487,-209.3306725114869
720.84,1445.8422614636,-725.0022614635999
1188.58,2139.398021139151,-950.8180211391509
756.66,1823.6498970757084,-1066.9898970757085
953.05,1601.5691524945642,-648.5191524945642
14876.8,4467.246226893169,10409.55377310683
828.37,2199.233504023068,-1370.863504023068
18692.45,8987.450630473753,9704.999369526247
1432.95,1487.6659293127095,-54.71592931270948
3396.04,2559.211952435189,836.8280475648112
1223.61,1555.0841905432587,-331.4741905432588
2886.99,3776.6743279247194,-889.6843279247196
4883.47,4058.5682785963622,824.901721403638
7097.48,5003.997231461015,2093.4827685389846
1117.53,1228.9933146971507,-111.46331469715074
503.71,1902.1027937237523,-1398.3927937237522
759.42,1484.3647738737968,-724.9447738737969
5476.25,5430.87470686568,45.37529313431969
1702.93,3100.5706122387724,-1397.6406122387723
1304.95,1049.7563979374288,255.19360206257124
4778.08,4931.267759714954,-153.18775971495415
2263.98,2375.1269653418667,-111.14696534186669
522.05,1306.7112562357568,-784.6612562357568
6205.33,5715.072915747846,490.2570842521536
882.76,4442.261336905229,-3559.5013369052285
1311.22,2530.3956880841283,-1219.1756880841283
3935.99,1826.3408300386445,2109.6491699613553
785.74,1822.8275902384637,-1037.0875902384637
4433.67,4239.752241618712,193.91775838128797
1093.51,2972.7742294189934,-1879.2642294189934
2732.99,1731.3319809256259,1001.6580190743739
2591.16,1812.799347787691,778.3606522123089
1170.35,1785.1188049924956,-614.7688049924957
346.0,1193.4148647667073,-847.4148647667073
1101.57,1536.3505096959716,-434.78050969597166
2785.54,1116.3979549219737,1669.1420450780263
2394.5,2297.535108030961,96.96489196903894
2449.99,2612.431875864002,-162.4418758640022
1910.41,2550.672668474565,-640.2626684745649
2450.52,2429.192667983391,21.327332016609034
650.46,1902.090967244223,-1251.630967244223
16746.24,8362.034435519485,8384.205564480517
632.88,1888.036835709063,-1255.1568357090632
834.2,1939.5468893196885,-1105.3468893196884
2475.08,2403.403898216115,71.67610178388486
2765.79,2893.675157319758,-127.88515731975804
1703.92,2206.034432719044,-502.1144327190441
2693.94,2857.2884272551605,-163.34842725516046
713.9,1666.1330573571042,-952.2330573571043
2916.29,1606.4027181142465,1309.8872818857535
1648.74,3755.4425187266233,-2106.7025187266236
4441.59,1314.515888564377,3127.0741114356233
4523.64,3762.25220490532,761.3877950946803
2991.22,4284.048284973256,-1292.8282849732564
1732.58,2135.4807322393854,-402.90073223938543
2246.68,1978.3289528884416,268.3510471115583
1280.83,3391.437229633492,-2110.607229633492
2118.67,2600.871307883448,-482.20130788344795
1644.75,3681.701125476189,-2036.9511254761892
2129.62,2207.9603419298946,-78.34034192989475
14638.48,3129.4131857885654,11509.066814211434
13254.86,8544.576359563489,4710.283640436512
2799.62,2673.2371844343857,126.38281556561424
894.86,2112.5954091821195,-1217.7354091821194
1475.49,1749.4491346594739,-273.9591346594739
722.65,2262.7094051570825,-1540.0594051570824
1619.81,2287.88549062908,-668.0754906290799
656.02,1605.2535562517598,-949.2335562517599
1681.95,2247.4983723270248,-565.5483723270247
61.69,1458.785890684859,-1397.095890684859
1960.22,4936.056909987799,-2975.836909987799
2460.56,3513.9741944947727,-1053.4141944947728
2823.2,2747.076332521492,76.12366747850774
2407.97,2892.4745999280262,-484.50459992802644
1643.73,1740.9570112649162,-97.2270112649162
5572.25,4707.40000693981,864.8499930601902
2996.63,2753.034016038962,243.5959839610382
2153.51,1652.8930950884394,500.6169049115608
379.3,1358.2751167885424,-978.9751167885424
1787.25,1313.3601398176654,473.8898601823346
5438.23,3178.0561494384006,2260.173850561599
6062.07,2551.9431029456505,3510.1268970543492
1905.53,2414.593562181306,-509.063562181306
1206.4,3332.913843971497,-2126.513843971497
3084.69,3258.0999960107647,-173.40999601076464
13641.64,10718.833297444635,2922.8067025553646
2037.47,6662.441883981382,-4624.971883981381
831.02,955.5910704043083,-124.57107040430833
3906.28,4496.831540580337,-590.5515405803367
2237.16,3937.565113598663,-1700.4051135986633
19074.9,9751.347860539065,9323.552139460937
2074.54,4739.528515775057,-2664.988515775057
2687.0,3649.6444349359926,-962.6444349359926
1054.2,2893.487809378084,-1839.287809378084
5684.75,3092.9192621608736,2591.8307378391264
675.71,1461.6837608810838,-785.9737608810838
746.38,1869.6928988091095,-1123.3128988091094
7673.54,5346.341832071664,2327.1981679283363
580.0,7067.868978012972,-6487.868978012972
3433.65,2031.9565049040061,1401.693495095994
3551.87,2720.9245041837967,830.9454958162032
3203.05,3810.483866248783,-607.433866248783
2535.1,1221.5270565671885,1313.5729434328114
3563.42,3061.530737552393,501.88926244760705
2112.15,1205.4309685212888,906.7190314787113
790.61,1237.8547573431556,-447.2447573431556
1870.57,1858.5337979991416,12.036202000858339
997.03,1834.7895877004191,-837.7595877004192
637.88,834.210542895078,-196.330542895078
2924.23,2448.8272759913993,475.40272400860067
2758.31,2986.1207783144805,-227.81077831448056
1869.28,1409.2690770507447,460.01092294925525
1183.35,1540.0365240349631,-356.6865240349632
524.4,847.0244782726212,-322.6244782726212
1423.79,4976.676293809523,-3552.8862938095226
5373.44,2274.6215901417713,3098.8184098582283
1737.08,1449.5682210642356,287.51177893576437
1186.91,3484.1037760658205,-2297.19377606582
3190.59,1642.701940486664,1547.8880595133362
1130.55,10884.175064080908,-9753.625064080908
5299.36,5244.906426764038,54.45357323596181
2110.1,2169.4062165620235,-59.306216562023565
1127.67,1492.3413480929992,-364.6713480929991
692.77,1385.8067472696455,-693.0367472696455
755.98,2031.9964968971558,-1276.0164968971558
3501.36,2672.0094397651537,829.3505602348464
2648.17,2391.166170816359,257.00382918364085
5310.63,5511.530847996599,-200.9008479965987
621.58,1909.1236884760706,-1287.5436884760707
4209.97,3790.6507170805503,419.31928291944996
9455.38,7657.188851117494,1798.1911488825053
1832.96,1867.8725196971634,-34.91251969716336
645.39,1646.8811717982944,-1001.4911717982944
2508.16,2958.980272581497,-450.8202725814972
3390.79,3014.864466807343,375.925533192657
1322.55,1744.914744014827,-422.364744014827
1313.37,1876.2331891921806,-562.8631891921807
4200.32,1602.3301401285942,2597.9898598714053
2345.71,3100.4895698445016,-754.7795698445016
5850.07,7982.162557561608,-2132.0925575616084
494.76,1248.2114270083966,-753.4514270083966
3712.0,4594.959538257466,-882.9595382574662
3789.54,4664.956032598941,-875.4160325989415
1976.3,2027.6479387594384,-51.34793875943842
978.12,2337.533147808796,-1359.413147808796
5506.36,3784.8918745640203,1721.4681254359793
3371.98,2572.598827508284,799.3811724917159
2717.83,3884.348105122801,-1166.518105122801
2445.87,4962.453968040415,-2516.583968040415
2109.06,5815.415449458185,-3706.3554494581854
865.86,1795.1870513828678,-929.3270513828678
2046.43,2519.520769032394,-473.09076903239406
1404.22,1575.1803005981349,-170.96030059813484
815.65,4315.081178082312,-3499.4311780823123
2665.56,1879.5966651712765,785.9633348287234
5017.61,4497.0446825300605,520.5653174699391
9791.72,3466.511332950667,6325.208667049332
3269.97,7066.956858892895,-3796.9868588928953
1364.94,1640.9841101948832,-276.04411019488316
240.92,1003.6128786894826,-762.6928786894827
1807.41,3070.6606152025715,-1263.2506152025715
10753.08,5114.5413919416105,5638.538608058389
3241.84,3218.2881505086953,23.551849491304893
2002.63,1690.4856574021585,312.1443425978416
4539.75,3267.182927067987,1272.5670729320132
1655.57,2870.322224793226,-1214.7522247932259
3095.22,1885.996971534108,1209.2230284658917
8709.84,5728.374875467024,2981.465124532976
586.61,1291.8523343377733,-705.2423343377733
2559.34,3229.747036400976,-670.4070364009758
988.8,2303.224630705202,-1314.424630705202
786.79,1325.669752171731,-538.8797521717311
995.7,1369.740429055595,-374.04042905559504
1605.36,2276.594664771436,-671.234664771436
1414.23,2097.8225326304105,-683.5925326304105
4761.48,1839.5163352074223,2921.963664792577
1609.97,1732.4216430376493,-122.45164303764932
2226.4,3939.3342604693985,-1712.9342604693984
1172.57,1082.2594592427606,90.31054075723932
2099.21,2636.948609170852,-537.7386091708518
641.23,2172.5430448769544,-1531.3130448769543
7443.95,6100.428532380949,1343.5214676190508
4888.64,2223.7289771848937,2664.9110228151067
7099.56,1986.5524060145908,5113.00759398541
2621.72,1834.2516988201783,787.4683011798215
636.18,1139.9496274215912,-503.7696274215913
5262.92,2356.8559924081947,2906.0640075918054
4333.97,1546.8807499858733,2787.089250014127
3764.17,5761.305682547245,-1997.1356825472449
2500.67,3846.4154223049636,-1345.7454223049635
703.69,2033.9978491320464,-1330.3078491320464
706.19,1670.9233389287408,-964.7333389287407
697.06,1102.292774429252,-405.232774429252
1806.57,2447.7576351604584,-641.1876351604585
1790.88,6781.409749532059,-4990.529749532059
1075.69,1429.7257018933128,-354.03570189331276
16963.78,7945.254762206695,9018.525237793303
2616.22,1770.4920547402864,845.7279452597134
2506.48,2740.7079888149574,-234.22798881495737
1030.28,1960.270056581719,-929.990056581719
4088.35,5757.7001323122495,-1669.3501323122496
12063.43,3584.440305764649,8478.989694235352
2275.82,1375.7034931529436,900.1165068470566
3201.57,1890.0942628851415,1311.4757371148587
2679.19,5329.061452690983,-2649.871452690983
1279.87,2087.2352305777617,-807.3652305777618
3005.48,1577.5888147008588,1427.8911852991412
1855.85,2148.1190900850206,-292.2690900850207
4541.99,4240.607905315767,301.38209468423247
10354.08,9083.531428143464,1270.548571856536
15497.77,12250.392252142858,3247.377747857143
11880.64,6827.46418597235,5053.17581402765
6274.85,3067.892064564054,3206.957935435946
1151.72,3826.9388575627117,-2675.2188575627115
1215.66,2361.8494660766414,-1146.1894660766413
1210.02,2999.8548072282683,-1789.8348072282683
6288.71,5964.488789459557,324.2212105404433
2767.65,2512.3885154801233,255.26148451987683
3797.6,3206.6086292674418,590.9913707325582
1726.17,2656.8270074881484,-930.6570074881483
2354.93,2381.352078284254,-26.422078284253985
2932.51,3192.328758192278,-259.818758192278
800.72,1302.1986430227107,-501.4786430227107
4745.23,4938.967587365339,-193.7375873653391
2547.55,2798.1247424748167,-250.5747424748165
1222.67,1801.657525987934,-578.9875259879339
559.53,1918.6377811500863,-1359.1077811500863
1006.74,1756.7641852142776,-750.0241852142776
6115.34,3279.9603518234335,2835.3796481765667
2303.23,1893.8667755532263,409.36322444677376
6439.23,5232.255954999998,1206.9740450000018
3581.87,2798.199342888148,783.670657111852
4079.03,4638.230109127312,-559.2001091273119
1788.95,1337.100017359321,451.84998264067895
1949.19,2262.6507912914326,-313.46079129143254
6547.51,5437.0326694933665,1110.4773305066337
3452.27,2554.3973971191485,897.8726028808514
9457.29,5663.6664872890115,3793.6235127109894
1227.39,2056.6180769881234,-829.2280769881233
3684.2,3442.1298370913123,242.0701629086875
738.07,1094.8068407583958,-356.7368407583957
4666.49,2768.0501342752596,1898.4398657247402
2315.76,2950.121546071428,-634.3615460714277
3472.76,1783.1456888991972,1689.614311100803
2464.13,2776.3031357234777,-312.17313572347757
7449.36,1624.3290405220198,5825.03095947798
2584.09,1910.132345114275,673.9576548857251
1606.12,2312.189803969889,-706.0698039698891
2084.79,2276.184868469333,-191.39486846933323
688.1,819.5010392123091,-131.40103921230912
1613.38,2572.940989211861,-959.5609892118609
6597.34,5749.265789432052,848.0742105679483
2023.76,2317.5446654612147,-293.7846654612147
2260.9,3034.455406343371,-773.555406343371
1126.42,2183.906320255535,-1057.4863202555348
2032.96,1847.54627165021,185.41372834979006
2257.47,3029.6376495823915,-772.1676495823917
3173.92,2213.0592832988514,960.8607167011487
1067.43,2707.720187579119,-1640.2901875791188
1399.09,1907.917154032032,-508.827154032032
8144.97,7472.086965031968,672.883034968032
979.41,2339.317752955918,-1359.907752955918
1285.26,1780.715623373696,-495.45562337369597
2820.11,2280.347537862265,539.7624621377349
700.33,1192.4559295061588,-492.12592950615874
739.28,1622.3335725131162,-883.0535725131163
1377.46,1728.3509265264097,-350.89092652640966
854.27,1119.3823262700948,-265.11232627009485
1335.12,2158.1415510630486,-823.0215510630487
4019.18,4125.835703111054,-106.65570311105375
3134.57,2449.0049757115453,685.5650242884549
959.56,1691.8435876251651,-732.2835876251652
1281.95,1815.4381861092666,-533.4881861092665
1963.97,1684.1804600768096,279.78953992319043
1429.08,1528.104697883918,-99.02469788391818
4168.42,1957.3192213337334,2211.1007786662667
528.09,1752.774811344048,-1224.6848113440478
3806.91,3033.659626598985,773.2503734010147
2200.49,1726.1471271001044,474.3428728998954
1833.88,1791.6678513505412,42.21214864945887
971.11,880.3919717227793,90.7180282772207
1677.77,6116.737473827233,-4438.967473827233
1465.56,2265.3803979761096,-799.8203979761097
2022.51,2328.246928896927,-305.7369288969269
1516.59,1667.7331562936126,-151.14315629361272
3511.68,3244.128406238699,267.55159376130086
1070.63,2841.8768932301587,-1771.2468932301585
6098.16,7879.592947655843,-1781.4329476558432
3740.85,2549.1246004137956,1191.7253995862043
2243.63,3355.216381666565,-1111.586381666565
7632.18,2646.8258244063654,4985.354175593635
3183.1,2827.1007362207747,355.9992637792252
7188.44,6751.751719764704,436.6882802352957
338.01,1492.685179547182,-1154.675179547182
2206.56,1480.9635940035469,725.5964059964531
1752.57,2611.0758023226263,-858.5058023226263
663.18,1298.063953559875,-634.8839535598751
5496.71,2732.0388921442855,2764.6711078557146
6285.76,6188.564755317463,97.19524468253712
608.31,1116.2378415277897,-507.9278415277897
1865.32,2299.582926235086,-434.26292623508584
1073.77,2877.197459161256,-1803.4274591612561
815.77,1170.9116031951862,-355.14160319518624
1440.76,1986.2373186080927,-545.4773186080927
946.97,1787.3757467001392,-840.4057467001392
4511.23,3863.9680271904153,647.2619728095842
1223.18,2662.1669859685935,-1438.9869859685934
1357.84,3738.271743816263,-2380.4317438162634
1693.04,3414.711825800194,-1721.6718258001943
973.22,1653.0695604944597,-679.8495604944596
2603.24,2476.6652450772367,126.57475492276308
2558.33,1228.200133680797,1330.1298663192028
1532.14,1727.096723207355,-194.9567232073548
5665.32,4406.4219847856275,1258.8980152143722
627.68,1072.0875320493546,-444.4075320493547
1223.14,2305.920371048707,-1082.7803710487067
1815.59,1872.8928692591478,-57.30286925914788
3663.22,3688.008639672274,-24.788639672274257
2377.96,1465.3353731597285,912.6246268402715
1545.35,2839.9331046710727,-1294.5831046710728
2403.47,1633.829035025522,769.6409649744778
736.22,1233.513263814835,-497.293263814835
1342.3,2031.4122434670517,-689.1122434670517
1314.51,1573.8304121148333,-259.3204121148333
1873.63,3527.0182243287018,-1653.3882243287017
2886.1,2301.405427641162,584.6945723588378
3356.0,4150.995349007189,-794.9953490071894
1627.78,1498.4774154027334,129.30258459726656
3994.18,3154.941559464646,839.2384405353537
901.54,1667.6807074451667,-766.1407074451668
9161.49,3609.8508221936268,5551.6391778063735
2804.02,3105.635067549033,-301.61506754903303
3644.75,3761.3645758744424,-116.61457587444238
1763.93,1207.7594672280077,556.1705327719924
5278.35,4076.4119190529927,1201.9380809470076
1875.48,1557.4317301401022,318.0482698598978
6670.57,4549.871645074773,2120.6983549252263
3416.69,1767.1327950546408,1649.5572049453592
2370.0,2101.8600987860104,268.13990121398956
3782.99,2445.6492870093084,1337.3407129906914
7306.66,3825.304338538922,3481.355661461078
16365.89,14411.222178650798,1954.6678213492014
5621.93,4088.632584939896,1533.2974150601044
2403.82,3333.0144926728703,-929.1944926728702
2720.22,2364.080652660689,356.1393473393109
2877.53,1508.124397619724,1369.4056023802762
928.2,3848.3040337540733,-2920.1040337540735
1893.19,3790.6759288554504,-1897.4859288554503
1873.79,2164.954892157757,-291.1648921577571
1097.82,1470.7335986380974,-372.9135986380975
1074.33,7872.880517500001,-6798.550517500001
2682.87,2521.015862671921,161.8541373280791
1859.2,1157.76972162602,701.43027837398
757.78,1726.3047052438708,-968.5247052438708
1208.29,2373.652033262063,-1165.362033262063
449.17,1365.1188123076008,-915.9488123076007
1625.95,1144.5340946136303,481.4159053863698
1555.73,1745.0546249979525,-189.32462499795247
4094.13,3537.6734743734164,556.4565256265837
439.8,2323.1095126149776,-1883.3095126149776
3683.99,4257.865777779761,-573.8757777797609
7168.88,2501.598074358686,4667.281925641314
908.72,1455.1923393458603,-546.4723393458603
2025.46,2239.865435527663,-214.40543552766303
946.48,1568.064689484827,-621.5846894848271
1228.39,1966.0859607803095,-737.6959607803094
3502.67,4641.7911086183985,-1139.1211086183985
997.1,2707.945186605436,-1710.845186605436
3512.56,2813.03814545306,699.5218545469397
4222.29,6348.674745158771,-2126.384745158771
512.65,1334.7704429404905,-822.1204429404905
721.8,2129.592681276225,-1407.792681276225
2292.57,1874.9253084196605,417.64469158033967
1635.68,1579.5923809080725,56.087619091927536
5882.17,4564.830784178328,1317.339215821672
950.74,1116.791853232383,-166.05185323238288
1517.0,1929.6015963409286,-412.6015963409286
2184.45,2881.563728658009,-697.1137286580092
1241.72,2735.866325429295,-1494.146325429295
1139.52,2022.065436064412,-882.5454360644121
497.58,1928.1855018875906,-1430.6055018875907
4068.75,3418.387575321368,650.3624246786321
1300.74,1872.145784968019,-571.4057849680189
4144.67,3507.5224970525846,637.1475029474154
3595.17,1609.9566544615961,1985.213345538404
1176.75,2723.334497209728,-1546.584497209728
1227.01,1699.867402125913,-472.85740212591304
2408.93,6462.488552477732,-4053.558552477732
2580.08,4085.884215445054,-1505.804215445054
1872.23,2757.505109917904,-885.275109917904
9214.65,2404.3482910781313,6810.301708921868
4710.53,3179.688210551022,1530.8417894489776
2366.25,1802.309101312357,563.9408986876431
1031.74,1158.5599645467069,-126.81996454670684
3939.57,4145.21484860284,-205.64484860283983
4907.18,6384.565899495123,-1477.3858994951224
3386.85,2759.6730406399934,627.1769593600065
2543.38,1555.5803019279194,987.7996980720807
2320.34,2042.7405321720817,277.5994678279185
1622.14,1167.9701787440315,454.1698212559686
5608.07,2807.0109770981294,2801.0590229018703
792.12,1614.0922467586383,-821.9722467586383
1307.65,1459.0749848261348,-151.42498482613473
1421.86,1952.394507947778,-530.5345079477781
2385.6,2223.6125218373463,161.9874781626536
2624.95,4062.5205703663746,-1437.5705703663748
4122.22,1976.4909773973645,2145.7290226026357
819.18,1109.8468231411157,-290.66682314111574
1430.5,1565.483374128965,-134.9833741289649
2282.7,3475.0098187597255,-1192.3098187597257
3175.15,6067.097427638742,-2891.9474276387423
1868.15,1751.0862966324535,117.06370336754662
1184.74,1427.8341102107424,-243.09411021074243
1016.91,2263.102209585687,-1246.1922095856871
9232.26,6175.651060267917,3056.608939732083
1755.18,4282.015551812149,-2526.835551812149
1895.28,2468.2554087452845,-572.9754087452845
1973.14,1530.6301655151472,442.50983448485295
1204.44,2218.6649466795543,-1014.2249466795543
4947.8,3601.292337542733,1346.507662457267
9833.63,8068.458404300533,1765.1715956994658
1576.35,2930.731631716304,-1354.3816317163041
917.11,1168.7957515744251,-251.68575157442513
5323.57,2235.0111148054025,3088.558885194597
3012.75,3458.000156331915,-445.25015633191515
1245.24,2921.5196374004463,-1676.2796374004463
940.77,1204.5502519519614,-263.7802519519614
2235.04,3488.361224864385,-1253.321224864385
1880.46,2386.899081423074,-506.4390814230742
2239.66,1509.0277325248126,730.6322674751873
593.21,1402.2886955158995,-809.0786955158994
4345.06,4944.134752520825,-599.0747525208244
4488.89,2427.998541200386,2060.891458799614
570.6,1689.7901401578958,-1119.1901401578957
2386.97,4733.1704940062555,-2346.2004940062557
1754.19,1990.1221067139868,-235.93210671398674
7495.76,4297.556596127438,3198.2034038725624
2407.27,3233.7784136991886,-826.5084136991886
3025.06,2461.7694903248707,563.2905096751292
1816.72,2258.9580245235243,-442.23802452352425
1540.08,1492.9636243047853,47.11637569521463
1255.24,1655.0236451987457,-399.7836451987457
1239.32,2075.4406800312872,-836.1206800312873
2572.81,4198.789188731713,-1625.9791887317128
613.32,1111.534367151101,-498.2143671511009
1647.78,3841.157940569113,-2193.377940569113
8110.23,1562.4070605400325,6547.8229394599675
2856.69,1184.775758675448,1671.914241324552
8890.35,9534.792130079368,-644.4421300793674
4156.14,2570.5871630128354,1585.552836987165
5969.42,5735.761168867881,233.6588311321193
15034.19,10801.526287063498,4232.663712936503
5545.51,2308.951032375825,3236.5589676241752
1849.41,2463.3249592949237,-613.9149592949236
1105.45,2395.4530665904426,-1290.0030665904426
6517.32,9243.834455184793,-2726.5144551847934
3570.11,3262.626068600114,307.48393139988593
1629.95,1389.027674733427,240.92232526657313
904.3,844.6127213226042,59.68727867739574
912.98,1323.6195531406681,-410.6395531406681
2749.96,2430.968170250211,318.99182974978885
2456.45,4553.706292253139,-2097.256292253139
778.37,1718.7218171943052,-940.3518171943052
1505.1,1178.492347863761,326.6076521362388
3285.81,3979.305652547044,-693.4956525470438
9639.67,3867.960715063922,5771.709284936078
1003.35,1335.14129467505,-331.7912946750499
1795.89,1687.0583726591315,108.83162734086864
895.51,1409.9095221574653,-514.3995221574653
2301.94,3960.5580472677952,-1658.6180472677952
22109.16,12782.411821317071,9326.748178682928
952.83,1304.465395947046,-351.63539594704605
916.25,1156.9555570283421,-240.70555702834213
829.65,1324.0923319940632,-494.44233199406324
2595.44,1965.6658057770003,629.7741942229998
4745.02,9109.356667456415,-4364.336667456415
1910.74,839.650552853929,1071.089447146071
5409.04,6059.903251199244,-650.8632511992437
1940.06,2093.4734519488434,-153.41345194884343
1738.81,3171.644115336145,-1432.8341153361453
6667.73,3687.321593252514,2980.4084067474855
1867.72,1519.929962430775,347.790037569225
1729.35,2199.404470781716,-470.0544707817162
1163.45,2055.6789440768925,-892.2289440768925
2954.35,1751.410446618847,1202.939553381153
5667.08,3986.1201197369837,1680.9598802630162
5854.21,3794.0253063520195,2060.1846936479806
1551.65,3186.3297861964647,-1634.6797861964646
4540.33,5113.139920424704,-572.8099204247037
1764.03,2371.9718346788,-607.9418346788
1175.53,1685.6910336696483,-510.1610336696483
3448.3,2460.9420344099485,987.3579655900517
1212.88,1105.5498883784744,107.3301116215257
3385.1,4121.08555053975,-735.9855505397504
1371.63,1590.1169953589242,-218.4869953589241
650.85,2306.833766781002,-1655.983766781002
18570.76,11986.002074415585,6584.757925584414
611.84,1112.3009234361796,-500.46092343617954
1211.29,2496.678866405844,-1285.388866405844
3564.25,3102.6050231607323,461.64497683926766
3465.77,2831.771260754483,633.9987392455168
1342.8,1392.6888389806245,-49.88883898062454
5831.93,5971.016504904545,-139.0865049045451
7523.61,1962.7608454652416,5560.849154534758
2902.39,1871.7960557536128,1030.593944246387
979.21,1627.2921395224248,-648.0821395224248
4286.36,1822.8707055156785,2463.4892944843214
2549.11,3784.7290615222405,-1235.6190615222404
1442.53,1348.2981910923368,94.23180890766321
1000.62,2521.1044465709115,-1520.4844465709116
1393.84,1584.8355412017834,-190.99554120178345
681.64,1096.4725024839543,-414.8325024839543
7422.0,3728.1741794588265,3693.8258205411735
5587.39,8601.528888658004,-3014.1388886580035
1385.28,1330.913495607117,54.366504392882916
2911.24,4721.821397871778,-1810.5813978717779
850.92,1750.4005304341197,-899.4805304341197
3906.75,4774.772746914416,-868.0227469144156
769.35,1850.5388383146405,-1081.1888383146406
1405.26,1497.5723858486338,-92.31238584863377
37724.85,13002.355415357146,24722.494584642853
1229.51,1324.3099715723774,-94.79997157237744
1584.72,870.2293180355513,714.4906819644488
3894.86,2404.5973676469384,1490.2626323530617
1935.03,2688.905182911256,-753.8751829112559
3065.18,3693.0420177408964,-627.8620177408966
1161.58,1324.1230523882757,-162.54305238827578
1194.38,2154.5898657728067,-960.2098657728066
1250.36,2018.9067557459975,-768.5467557459976
2641.7,2988.474426509495,-346.77442650949524
5503.36,3276.046460296865,2227.3135397031347
825.36,1230.126577233653,-404.76657723365304
10145.3,5557.160725714602,4588.139274285397
3284.13,2763.015030650973,521.114969349027
2936.51,4420.916834587946,-1484.406834587946
1199.48,1358.4742565798422,-158.99425657984216
5166.16,5172.959977782242,-6.799977782242422
1278.01,1392.6599672574275,-114.64996725742753
1220.9,1492.5156676983358,-271.61566769833576
2849.78,2161.364702513626,688.4152974863741
1212.62,1612.0309386331783,-399.4109386331784
1887.6,5351.157223904289,-3463.557223904289
4711.02,2983.7575580055754,1727.262441994425
447.1,1523.8417857994812,-1076.741785799481
3091.16,1951.031088502037,1140.128911497963
2114.93,2873.8083861991986,-758.8783861991988
1596.72,2100.55053971939,-503.8305397193901
2519.9,3341.9038258314263,-822.0038258314262
1048.72,1957.8858839027744,-909.1658839027743
6466.66,5363.391048901477,1103.2689510985228
3989.95,4991.436856245069,-1001.4868562450692
1387.38,1646.1064606396167,-258.72646063961656
918.89,2000.4521681368683,-1081.5621681368684
3718.87,3555.945077289956,162.92492271004403
1597.52,1792.0548684638736,-194.53486846387364
6224.52,4663.3564373349145,1561.163562665086
1342.93,2355.8844075658235,-1012.9544075658234
1672.89,1283.2848220650883,389.6051779349118
2471.96,1900.5101355934291,571.4498644065709
1662.44,1969.034691478263,-306.59469147826303
4998.38,4447.197580038678,551.182419961322
1811.38,3128.869816099317,-1317.489816099317
4281.64,3912.528712804454,369.11128719554654
2057.38,2056.954319617695,0.4256803823050177
2789.74,2123.854396731749,665.8856032682506
3446.96,1350.3513882856041,2096.608611714396
5675.63,6142.061280822641,-466.4312808226405
847.88,1529.4530826293724,-681.5730826293724
1466.0,2574.3688448056837,-1108.3688448056837
8956.88,4305.465846017602,4651.414153982397
1967.47,1992.7155469553036,-25.245546955303553
5365.45,2700.7222027685634,2664.7277972314364
788.44,1819.9423328982186,-1031.5023328982186
6741.4,4290.245126293702,2451.1548737062976
4800.4,5309.690187738094,-509.2901877380946
6577.87,2800.5579290293035,3777.3120709706964
4740.05,1861.132788229468,2878.917211770532
2513.07,1680.3636553339456,832.7063446660545
1619.42,2781.3320960953383,-1161.9120960953383
2708.49,3396.394178436564,-687.904178436564
729.77,2566.04730624595,-1836.27730624595
1662.79,3091.502477906567,-1428.712477906567
2121.93,1261.326773374178,860.6032266258219
1353.61,1120.5446594514547,233.06534054854524
3565.48,5452.439504860167,-1886.9595048601673
5186.8,4744.774677753851,442.0253222461488
3119.36,4767.46783132895,-1648.1078313289495
7973.56,9630.040228835982,-1656.4802288359815
3127.36,3026.380844625097,100.97915537490326
8444.52,5274.727234703064,3169.7927652969365
3949.81,1700.4196713297476,2249.3903286702525
1705.79,2058.379784535262,-352.58978453526197
1847.43,2536.695763075433,-689.2657630754331
2205.35,3769.330680046376,-1563.9806800463762
8066.6,7652.900297624781,413.6997023752192
2250.34,2420.336454754794,-169.99645475479383
776.99,1097.5918501629885,-320.6018501629885
3666.35,3399.3336831807833,267.0163168192166
1096.45,1747.2601827775143,-650.8101827775142
1806.47,1764.8282431237158,41.64175687628426
880.85,4238.635025407638,-3357.785025407638
2653.63,1501.7499270531816,1151.8800729468185
9560.0,5824.17772282738,3735.8222771726196
2805.1,1101.7191609157005,1703.3808390842994
1420.28,1556.6743210173624,-136.39432101736247
987.64,1767.1500957302728,-779.5100957302728
2637.51,2867.7005288511527,-230.19052885115252
3849.77,2542.9766669832984,1306.7933330167016
1641.55,2530.0095771712586,-888.4595771712586
3034.48,5950.518062630539,-2916.038062630539
2369.54,2346.409569440267,23.13043055973276
3330.17,3955.037722900105,-624.867722900105
2370.85,2104.2887405945735,266.5612594054264
2725.36,1999.8469211965814,725.5130788034187
2787.68,2425.3173749133643,362.3626250866355
664.16,1779.4214311425487,-1115.2614311425486
7355.87,10516.34868595238,-3160.47868595238
2022.93,2450.56263580853,-427.63263580853004
428.84,1181.0725254690485,-752.2325254690486
1358.04,2037.7891556591521,-679.7491556591522
1363.03,2204.971084523476,-841.9410845234759
1205.0,5548.488642205256,-4343.488642205256
1571.61,1505.8953449532546,65.71465504674529
1934.33,1893.3455225486787,40.984477451321254
3832.21,1900.1874382533872,1932.0225617466128
6422.54,3088.931688560171,3333.608311439829
2178.0,3063.996554882064,-885.9965548820642
3104.29,5605.216562741817,-2500.926562741817
776.15,3290.811059255702,-2514.6610592557017
448.27,3854.984686167565,-3406.714686167565
701.0,1235.8906858581245,-534.8906858581245
1060.69,1486.4094246272145,-425.7194246272145
1275.87,2823.4122077869442,-1547.5422077869443
1345.27,2262.6969680111797,-917.4269680111797
407.04,1295.9357452327222,-888.8957452327222
5755.77,4906.027636186853,849.7423638131477
1250.35,2177.6244385481623,-927.2744385481624
3089.24,3786.434752162743,-697.194752162743
786.81,1227.9803465705904,-441.1703465705905
2312.77,2177.189555572781,135.58044442721894
1526.97,1551.409021078744,-24.439021078743963
3269.48,4425.4243458922765,-1155.9443458922765
3888.51,3566.9659278577456,321.54407214225466
757.42,849.9573419214244,-92.5373419214244
1117.36,1713.7528126192674,-596.3928126192675
2408.0,1768.6288429884496,639.3711570115504
1948.57,4648.259957331066,-2699.6899573310666
1725.78,1781.6378040949285,-55.8578040949285
4166.92,1874.5406032627382,2292.379396737262
1042.09,2099.3320427665544,-1057.2420427665545
1024.08,1752.9111428653175,-728.8311428653176
2079.84,2531.976828316074,-452.13682831607366
5078.68,3674.462485279378,1404.2175147206221
3887.27,4096.718482291435,-209.44848229143508
2863.72,3170.7192436214987,-306.99924362149886
2158.44,4330.911085723252,-2172.4710857232517
1176.52,3414.059693932249,-2237.539693932249
2707.18,2430.217662877281,276.96233712271896
8545.22,9823.225139542486,-1278.005139542487
1757.53,2323.11166440904,-565.5816644090398
6051.71,5886.503804745177,165.2061952548229
5929.41,2273.105089762995,3656.304910237005
3243.01,5451.236054951159,-2208.2260549511584
3017.11,3016.328584752883,0.7814152471169109
2788.81,2593.964918516338,194.84508148366194
3104.52,2788.685027854319,315.83497214568115
983.43,1903.2851776264317,-919.8551776264318
595.72,1953.2461509032032,-1357.5261509032032
1480.6,2993.642388417841,-1513.0423884178413
1773.7,1560.4729458721208,213.22705412787923
1188.76,1248.1379884784142,-59.37798847841418
1429.39,2546.0569252574887,-1116.6669252574886
8907.1,4410.2923130661575,4496.807686933843
5913.79,5593.62018633631,320.16981366368964
5816.96,3437.8081751372647,2379.1518248627353
896.29,3956.0187269523235,-3059.7287269523235
2342.56,1680.2912867605244,662.2687132394756
1489.14,1653.329460409694,-164.189460409694
1000.39,1195.5360902876894,-195.1460902876894
2071.21,2714.635761428332,-643.425761428332
2486.65,1838.8336180149245,647.8163819850756
286.04,1155.5324194257655,-869.4924194257655
5969.07,3506.2796046037333,2462.7903953962664
1090.84,1074.721405902969,16.118594097030837
3535.96,3311.8627240410406,224.09727595895947
3229.58,2755.847917847313,473.73208215268687
1268.04,1483.247477100502,-215.20747710050205
3652.29,2682.1539105928696,970.1360894071304
3763.53,3604.220912747006,159.30908725299423
1134.98,1143.993704997152,-9.01370499715199
313.55,1066.828806267393,-753.2788062673931
417.57,1150.1842495669337,-732.6142495669337
2595.52,1879.605517527469,715.9144824725311
1083.59,1514.0012711384684,-430.41127113846846
588.47,1119.8913695405506,-531.4213695405506
798.54,1855.1117980546949,-1056.571798054695
7747.11,6515.328360544866,1231.7816394551337
3327.71,3186.349975821687,141.36002417831287
956.65,2175.2602443325914,-1218.6102443325913
1508.9,2297.217797251534,-788.3177972515341
15071.12,10906.34184107143,4164.778158928571
3005.38,2651.4188571379264,353.96114286207376
8060.83,5419.49178662847,2641.3382133715295
10141.67,4219.864671102567,5921.805328897433
3582.49,2748.694597550751,833.7954024492487
2516.91,3756.7000906822464,-1239.7900906822465
1773.87,3539.810717102502,-1765.9407171025023
695.82,1155.518945926401,-459.69894592640105
9208.83,7063.821599833311,2145.008400166689
1634.59,1751.0281071476559,-116.43810714765596
1618.58,1082.120851230571,536.459148769429
2561.96,2080.6744917155647,481.2855082844353
1222.69,1807.438858131059,-584.748858131059
8490.15,10378.84269462586,-1888.692694625861
4413.1,2087.5472189349885,2325.552781065012
1522.81,1639.672494877582,-116.8624948775821
1519.57,1925.4561880334577,-405.88618803345776
757.54,1500.1087106187158,-742.5687106187158
4243.64,2943.6552732634987,1299.9847267365017
3292.89,5489.276301103034,-2196.386301103034
1135.64,2090.9501923720054,-955.3101923720053
790.65,921.3344334626834,-130.6844334626834
3148.52,3882.4558532301303,-733.9358532301303
3946.95,6586.726143173632,-2639.7761431736326
2897.28,1111.683958764487,1785.5960412355132
513.4,1200.959830148066,-687.559830148066
2454.57,2157.9945067992744,296.57549320072576
2434.97,3251.3734627449953,-816.4034627449955
2803.5,2197.676384270672,605.8236157293281
2651.58,5019.6979964005195,-2368.1179964005196
1822.09,2772.5198359834903,-950.4298359834904
2648.48,4162.4001116930785,-1513.9201116930785
2611.56,2764.8239453508363,-153.26394535083637
14670.82,5278.049143242745,9392.770856757255
7768.44,7410.408075228179,358.03192477182074
2525.48,3650.191741890761,-1124.711741890761
14528.19,5088.227685320513,9439.962314679487
4783.16,8113.408853531745,-3330.248853531745
1285.89,1228.3014358872922,57.5885641127079
3595.67,3880.6591659302144,-284.9891659302143
660.45,1365.1862336621698,-704.7362336621698
2859.75,2666.796229878698,192.9537701213021
1322.62,1354.8750369828788,-32.25503698287889
3928.64,6105.302550645297,-2176.662550645297
1454.26,2963.699949386829,-1509.4399493868289
5833.18,4330.131806465202,1503.048193534798
6290.32,4985.949447305114,1304.370552694886
523.13,1684.2638400746955,-1161.1338400746954
5091.86,3321.674259428251,1770.1857405717487
3382.87,3592.486637407295,-209.616637407295
10219.71,6396.986297658907,3822.7237023410926
3796.46,4176.094182993679,-379.63418299367913
2768.66,2502.1759261476977,266.4840738523021
1703.44,2077.946731733872,-374.50673173387213
1291.01,1185.5343052559128,105.47569474408715
2644.14,2404.727957955088,239.4120420449117
2757.55,5479.817138192667,-2722.2671381926666
1955.85,2702.829477939165,-746.979477939165
812.18,1264.8621290155843,-452.68212901558434
2504.23,2643.6409045742744,-139.41090457427435
943.08,1295.3742699133788,-352.2942699133788
687.82,2152.9162326646356,-1465.0962326646354
2822.17,2165.5249234832327,656.6450765167674
1890.83,1653.0989115512984,237.73108844870148
3617.49,6496.715609024082,-2879.2256090240826
2487.96,6787.082955780863,-4299.122955780863
1045.99,1091.7874210081436,-45.7974210081436
844.29,2512.626620397216,-1668.336620397216
1078.75,4373.7035795985985,-3294.9535795985985
643.97,1254.3002810334242,-610.3302810334242
822.15,1408.5478356103654,-586.3978356103654
1932.89,2636.0857634274885,-703.1957634274884
991.14,1125.278181617943,-134.1381816179429
1094.04,1168.3880243759218,-74.3480243759218
2362.11,4585.966717654533,-2223.8567176545325
1688.03,1201.5523177307439,486.4776822692561
1388.25,1644.3941202140297,-256.1441202140297
582.78,1790.9700890827785,-1208.1900890827785
6691.53,6884.000636627574,-192.4706366275741
1833.26,2320.230180015205,-486.97018001520496
2521.8,2035.8685673121706,485.93143268782956
2495.55,1373.5455076317999,1122.0044923682003
5135.26,3990.454680278247,1144.8053197217532
629.0,1061.88944840973,-432.88944840973
6277.89,5888.73299779933,389.1570022006699
4113.07,3447.9381277297734,665.1318722702263
5795.7,2901.6033409674715,2894.0966590325284
2064.55,2156.9520243374263,-92.40202433742616
996.59,2508.2497801517497,-1511.6597801517496
1394.57,2139.4428235502796,-744.8728235502797
2811.18,5626.3991490078415,-2815.2191490078417
3790.0,7121.601212477344,-3331.6012124773442
4080.7,4635.306588188332,-554.6065881883324
4317.53,4625.270523323266,-307.74052332326664
4510.16,4918.896060298985,-408.73606029898474
2189.59,3590.0081704366276,-1400.4181704366274
1364.17,3389.3516502035422,-2025.1816502035422
4611.09,4718.5746964069085,-107.48469640690837
891.95,2135.6589511243433,-1243.7089511243432
1122.55,1293.544020463097,-170.99402046309706
1729.12,1824.4769392447806,-95.35693924478073
14899.89,4400.1204219379615,10499.769578062038
778.81,4941.978959158035,-4163.168959158034
1309.09,1570.0326960497487,-260.94269604974875
1659.22,2760.9627358261846,-1101.7427358261846
4715.24,3546.0995380946238,1169.140461905376
2055.53,3844.418382029594,-1788.8883820295937
1810.12,1583.741079906177,226.3789200938229
862.72,1405.229867224566,-542.509867224566
3051.11,2720.2801168277406,330.82988317225954
11047.3,6569.954008027694,4477.3459919723055
8560.31,9670.178207162491,-1109.8682071624917
3893.56,1999.1843863924316,1894.3756136075683
5689.84,3319.669165206142,2370.170834793858
1587.6,1228.1525666828343,359.44743331716563
4821.68,3558.9084616292616,1262.7715383707387
3852.31,2579.56501367453,1272.74498632547
3674.38,2781.422270377689,892.957729622311
1790.18,1518.9388747736489,271.2411252263512
1688.56,4141.968421080579,-2453.408421080579
1480.11,2003.792024451874,-523.6820244518742
513.62,2594.469804415862,-2080.8498044158623
4469.62,1911.1897037752115,2558.4302962247884
1180.88,1949.2246426704378,-768.3446426704377
2959.87,3084.596594116817,-124.72659411681707
1040.33,1353.367726396149,-313.0377263961491
1598.25,3363.8810787061375,-1765.6310787061375
3144.61,1809.676346829958,1334.9336531700421
6003.34,3855.5953439081204,2147.7446560918797
2428.61,2276.9378123620154,151.67218763798473
1270.98,2108.3659794482733,-837.3859794482732
557.68,1306.5564743595417,-748.8764743595417
2279.21,3401.6430774038467,-1122.4330774038467
6197.09,4260.363358358177,1936.7266416418233
1021.1,2022.1713837836733,-1001.0713837836732
2508.23,3091.6468651098894,-583.4168651098894
2958.38,5330.524451789632,-2372.1444517896316
3605.74,1687.1884465428923,1918.5515534571075
1454.79,1513.9429912490166,-59.15299124901662
943.52,1632.7573316128692,-689.2373316128692
3214.4,1382.1947855492858,1832.2052144507143
9317.53,7266.671808993657,2050.858191006344
1381.36,2320.770837392944,-939.4108373929441
5572.84,3521.530889855573,2051.309110144427
3316.87,3749.901012842475,-433.0310128424753
550.09,2010.9195788730494,-1460.8295788730493
6195.78,1927.5808213142354,4268.199178685764
1725.46,2037.1362095570546,-311.67620955705456
531.09,1021.6449508649677,-490.5549508649676
812.67,1369.7098846266638,-557.0398846266638
1135.75,2161.200103745944,-1025.450103745944
2848.32,2184.707835309843,663.612164690157
1172.61,2700.7179542969907,-1528.1079542969908
1335.49,1328.4641216449368,7.0258783550632415
2984.49,2371.69348534488,612.7965146551196
11284.21,11335.5108975,-51.300897500001156
1888.35,3468.2136394948966,-1579.8636394948967
651.83,840.5845587229037,-188.75455872290365
976.65,2375.217182655554,-1398.567182655554
906.37,1547.9707427409382,-641.6007427409382
2503.59,2856.016647452201,-352.426647452201
1530.42,1505.085347729468,25.33465227053216
2783.43,3385.074377145473,-601.6443771454733
1086.73,2332.116460588899,-1245.386460588899
1507.66,1818.2640281233141,-310.60402812331404
1804.2,2839.923242629385,-1035.7232426293851
1655.49,1275.5486862174891,379.94131378251086
1014.64,1224.9169725377035,-210.2769725377035
5768.4,3389.943403274602,2378.4565967253975
2894.44,2854.262470984785,40.177529015214986
1314.07,2037.8133724749118,-723.7433724749119
4691.68,3539.9790243347984,1151.700975665202
7680.94,7069.539235459225,611.4007645407746
985.31,1900.4300399007718,-915.1200399007719
3901.26,2017.9768042752144,1883.2831957247859
1640.11,1557.465730035636,82.64426996436396
4151.81,4657.437069880952,-505.62706988095124
722.74,1418.6798257633977,-695.9398257633977
1836.7,1979.3765933945504,-142.6765933945503
5157.06,2196.369972347464,2960.690027652536
1576.44,1305.9525401900387,270.48745980996136
7797.92,4696.391400230908,3101.5285997690917
691.15,976.4550005268582,-285.3050005268582
753.49,1894.1346367300232,-1140.6446367300232
5875.38,5935.82849346848,-60.44849346847968
2335.4,2466.5349225510336,-131.13492255103347
1109.23,2966.809398444087,-1857.579398444087
499.2,2004.999429342681,-1505.799429342681
1624.71,1748.345382868192,-123.63538286819198
4560.79,1658.790097276857,2901.999902723143
1542.51,2999.6847847024105,-1457.1747847024105
911.97,1826.4127764446614,-914.4427764446614
299.84,1278.7665132770046,-978.9265132770047
2633.0,1810.470205792824,822.5297942071761
5798.32,6561.618073527118,-763.2980735271185
3273.36,2575.2412264240197,698.1187735759804
4830.52,4098.997203459065,731.5227965409358
3232.24,2082.744209420772,1149.4957905792276
2876.77,2924.3187280722545,-47.54872807225456
10477.44,7808.05022568027,2669.3897743197303
21627.84,13123.213798293658,8504.626201706342
1620.42,1955.7700764478723,-335.3500764478722
1063.25,1748.3953862973838,-685.1453862973838
1620.55,1204.8306190500891,415.7193809499108
1232.4,1053.4104357197882,178.98956428021188
1382.87,1252.9694883048448,129.90051169515505
2068.22,1911.9177313737805,156.3022686262193
3937.57,2287.5464116248445,1650.0235883751557
3991.87,2208.801154679783,1783.068845320217
1189.86,1601.824809789844,-411.96480978984414
6920.83,2235.8523951045536,4684.977604895446
2372.7,2285.413971891996,87.28602810800385
849.69,1594.8652814628426,-745.1752814628426
1751.53,2635.45686173517,-883.9268617351702
1391.1,1676.292829752877,-285.19282975287706
7271.26,6546.266633528676,724.9933664713244
747.19,869.0515473409055,-121.86154734090542
737.37,1296.888536247103,-559.518536247103
3208.41,2306.6121961265003,901.7978038734996
3320.72,6689.389142016262,-3368.669142016262
8946.07,3419.2289748163125,5526.841025183687
2665.28,1725.4510163046982,939.828983695302
3199.08,3169.8014000855246,29.278599914475308
1444.86,3672.471686362568,-2227.6116863625684
994.8,3513.531093547549,-2518.731093547549
915.15,1402.5638649108282,-487.41386491082824
832.54,1791.4228008693767,-958.8828008693768
703.3,1327.638308593199,-624.3383085931991
1409.02,1113.3364334177702,295.6835665822298
5241.72,5745.228083323934,-503.50808332393353
2390.71,2226.354404952066,164.355595047934
2698.22,3499.6911862256493,-801.4711862256495
2664.49,4412.942924228525,-1748.4529242285253
3802.44,3446.243946423343,356.19605357665705
1438.88,1822.1985814976774,-383.3185814976773
557.7,1342.0762505546434,-784.3762505546433
1271.49,2560.107416481122,-1288.617416481122
875.78,817.5746949311574,58.20530506884256
4144.24,4175.237351318596,-30.997351318595975
2776.7,2441.712374032655,334.9876259673447
1085.67,2296.0963009473453,-1210.4263009473452
2011.52,3361.562157701664,-1350.042157701664
5196.72,3709.246686935672,1487.473313064328
3526.43,2729.019837364635,797.4101626353649
2716.72,4379.574607457346,-1662.8546074573464
11743.19,9281.356782023811,2461.833217976189
6512.26,6097.189771350514,415.0702286494861
5565.91,3581.0109403864744,1984.8990596135254
1806.03,1486.3426744022179,319.6873255977821
3039.36,2716.674554302967,322.6854456970332
1813.8,2665.9795742857136,-852.1795742857137
729.07,1238.829534334813,-509.7595343348129
2704.99,3660.2661574668887,-955.2761574668889
2596.6,1436.8041459156223,1159.7958540843777
2296.01,3012.7732672053594,-716.7632672053592
5626.67,5594.281577419356,32.388422580644146
2174.18,1427.0683187191444,747.1116812808555
670.49,2213.7185050517805,-1543.2285050517805
1282.8,1230.274686587363,52.52531341263693
2477.77,1936.1528349771152,541.6171650228848
1846.3,1319.812552109609,526.487447890391
2116.98,1160.7604600597786,956.2195399402215
4559.31,5372.105542727206,-812.7955427272054
7829.25,11744.150057738098,-3914.9000577380975
1595.59,3120.600693846872,-1525.0106938468723
1676.65,1613.8943167256643,62.75568327433575
2426.09,2705.336908851969,-279.2469088519688
1870.38,2197.783532103993,-327.4035321039928
3475.28,2426.504905743648,1048.775094256352
2100.89,2974.5176081364825,-873.6276081364826
1405.04,3735.7941997379758,-2330.754199737976
644.95,1088.9027571150802,-443.9527571150802
1945.7,2373.604792426204,-427.9047924262038
1516.41,2466.6696657679986,-950.2596657679985
1455.3,1773.7440955020484,-318.4440955020484
1298.89,1795.168329569375,-496.2783295693748
988.04,2830.6226084284754,-1842.5826084284754
2963.28,4393.862761202421,-1430.582761202421
1787.29,5762.08422956498,-3974.79422956498
3173.86,2431.7257951753104,742.1342048246897
2086.07,2466.1020233676545,-380.03202336765435
2023.93,2751.927663140778,-727.9976631407778
702.91,2024.929434244644,-1322.019434244644
581.46,995.1200281533759,-413.66002815337583
539.82,1364.4919339972066,-824.6719339972066
1141.75,1857.6683747811112,-715.9183747811112
959.86,1809.6536266648313,-849.7936266648313
1726.86,1792.061210049516,-65.20121004951602
1855.1,1859.4454426255315,-4.345442625531632
968.55,1910.649427738731,-942.099427738731
1748.24,1935.7666421164583,-187.52664211645833
7847.62,2919.589245130387,4928.030754869613
3587.05,2964.6370493238546,622.4129506761456
6362.45,3944.835331449724,2417.614668550276
4178.52,3998.688298068564,179.83170193143633
3937.46,1670.4271940485683,2267.032805951432
1609.28,1044.546543378524,564.7334566214761
2429.96,3325.3535439199254,-895.3935439199254
2848.88,2973.728865801436,-124.84886580143575
1772.37,2590.7224048327644,-818.3524048327645
1032.51,972.6062466009253,59.90375339907473
1158.72,1109.0006310341737,49.719368965826334
928.9,1583.6235269607757,-654.7235269607758
2279.31,4434.528721810364,-2155.218721810364
9192.27,3868.6387001573275,5323.631299842673
1658.8,5265.295567209405,-3606.4955672094047
4441.91,3921.6198494949645,520.2901505050354
2368.31,2496.6713941134385,-128.36139411343856
1505.85,1867.0208047369495,-361.17080473694955
2422.71,2271.1074480076645,151.60255199233552
1535.4,1379.7516773560053,155.6483226439948
1155.16,1964.524332039032,-809.364332039032
1587.2,2532.867332490813,-945.6673324908131
2149.49,3008.9757689188186,-859.4857689188188
4023.15,5030.080040424387,-1006.9300404243872
1697.12,1551.6396575629724,145.4803424370275
5526.1,4913.53311289742,612.56688710258
1330.33,1279.5610401713632,50.76895982863675
524.72,1346.2905427218877,-821.5705427218877
790.13,1423.4438294155955,-633.3138294155955
1316.09,1650.7718620048645,-334.68186200486457
7772.8,5808.167146645336,1964.632853354664
1575.84,3378.729682637304,-1802.889682637304
6466.74,4381.772504297161,2084.967495702839
395.3,1904.5912592777904,-1509.2912592777905
2421.37,1624.6741990676628,796.6958009323371
6083.73,4724.85943705566,1358.8705629443393
2962.16,2171.2659946725225,790.8940053274773
1791.94,2447.1283555373802,-655.1883555373802
2084.74,1813.2910271800301,271.44897281996964
1505.68,1554.0169732761397,-48.33697327613959
694.32,1278.29934852075,-583.97934852075
2427.36,1728.1807069903798,699.1792930096203
708.29,1465.1595670463958,-756.8695670463958
1810.01,1680.6038641312805,129.4061358687195
8820.99,2198.8996880926647,6622.0903119073355
805.13,1472.137442321965,-667.007442321965
4227.83,4663.227353458166,-435.39735345816644
3766.8,2713.386156566781,1053.413843433219
3189.84,2224.895389970751,964.9446100292494
3178.81,4164.701199109937,-985.8911991099371
1168.68,2043.089725024103,-874.409725024103
1163.65,4129.571198635855,-2965.9211986358546
3224.29,3828.656352315163,-604.3663523151631
5103.98,8279.02074727741,-3175.0407472774095
795.66,1534.0455318094566,-738.3855318094567
5686.99,6403.273757172096,-716.2837571720966
1738.72,2059.3253183474053,-320.6053183474053
7612.23,6511.518756220784,1100.7112437792157
1726.57,2189.458666742779,-462.8886667427789
1831.54,1558.5796458301973,272.9603541698027
1047.36,3889.373902711731,-2842.013902711731
833.16,1518.9050049435536,-685.7450049435537
9625.21,3557.480988540749,6067.729011459251
13857.5,7838.811577478791,6018.688422521209
7577.57,3445.869870080338,4131.700129919662
3715.12,2441.2577228035316,1273.8622771964683
3061.6,2627.351227967303,434.2487720326967
1283.96,3273.980855249234,-1990.020855249234
5182.48,5211.714195695045,-29.234195695045855
1716.71,3751.2359103844524,-2034.5259103844523
2292.42,1492.1414419594373,800.2785580405628
3673.81,4994.699607098729,-1320.889607098729
798.46,982.0217606589146,-183.56176065891452
5771.87,2984.253447207097,2787.616552792903
3062.02,2530.9673006024796,531.0526993975204
1829.53,2279.618515229925,-450.08851522992495
1268.54,1478.2977998022016,-209.7577998022016
1198.99,2602.3615284999037,-1403.3715284999037
1352.06,2116.234927453152,-764.1749274531521
2775.14,2169.4648785665113,605.6751214334886
2107.68,2089.815738162592,17.864261837407867
3728.48,2825.2555278142436,903.2244721857564
12447.96,4832.759836964467,7615.200163035533
3240.22,4181.855786831915,-941.6357868319151
6405.95,1927.6973736989523,4478.252626301048
779.82,2050.8584993255517,-1271.0384993255516
1538.66,1975.1333289646882,-436.4733289646881
3086.6,3493.671340313314,-407.07134031331407
5238.85,3091.038704063216,2147.8112959367845
668.93,1459.11603778812,-790.18603778812
2055.46,3249.4503332743243,-1193.9903332743243
2880.93,2897.3480591673606,-16.418059167360752
744.54,1416.458334713402,-671.9183347134021
4014.65,7038.312926420855,-3023.6629264208545
1910.6,2427.015989955347,-516.415989955347
2265.68,3581.0264993776013,-1315.3464993776015
1582.02,3141.0171820060973,-1558.9971820060973
1138.42,2999.3950223186275,-1860.9750223186275
5388.08,3214.1005373068188,2173.979462693181
5886.57,2479.062312670807,3407.507687329193
6095.07,4466.520506794064,1628.5494932059355
803.24,1140.0393428985697,-336.79934289856965
3821.96,9716.052623864573,-5894.0926238645725
2839.43,1977.4027312941614,862.0272687058384
543.55,1510.3069999040238,-966.7569999040238
2740.37,4061.550652742146,-1321.1806527421463
7562.49,3740.2987477579286,3822.191252242071
934.49,2065.498400848422,-1131.008400848422
7595.97,8463.160095806303,-867.1900958063025
6178.78,3995.1952155095323,2183.5847844904674
13289.27,10217.993677810577,3071.276322189424
748.25,1361.3244873320373,-613.0744873320373
2027.47,2535.716505006075,-508.2465050060748
2415.46,1537.1457954365417,878.3142045634584
1419.02,1443.3537835406817,-24.33378354068168
5135.65,3972.6306332049444,1163.0193667950552
5783.2,4915.491043595337,867.7089564046628
877.76,2059.3561313876335,-1181.5961313876335
1224.34,1096.7078265427624,127.63217345723751
1317.56,2786.1105541054985,-1468.5505541054986
1617.24,1928.4494692702583,-311.2094692702583
356.92,951.4691046442709,-594.549104644271
2268.56,1508.8276525724934,759.7323474275065
782.46,1102.9419210933972,-320.4819210933972
4154.48,3598.4210056936236,556.058994306376
3389.34,4032.8569978195214,-643.5169978195213
6030.23,4607.809336334353,1422.4206636656463
2553.8,3008.871191730357,-455.071191730357
2607.29,2732.673037049465,-125.3830370494652
1903.92,1808.013363743088,95.90663625691218
1760.05,1993.9372293794647,-233.88722937946477
6819.44,1751.2975299230905,5068.142470076909
3311.84,2832.4815421724884,479.35845782751176
901.52,1626.1018920608838,-724.5818920608838
9510.2,5276.635187026102,4233.564812973898
5705.98,3166.0235696471746,2539.956430352825
3998.21,3035.9441530735944,962.2658469264056
6714.99,7222.755170846837,-507.76517084683746
640.83,1731.428651777521,-1090.598651777521
1236.59,4715.546716918459,-3478.9567169184593
1562.52,1107.9205749776402,454.5994250223598
1304.27,1932.72307555137,-628.4530755513699
1373.96,1257.7506135175704,116.20938648242964
737.54,1238.178127975659,-500.638127975659
860.38,909.0189900860101,-48.63899008601015
1596.09,5118.3615793394,-3522.2715793394
4065.22,4124.333050383593,-59.11305038359342
3056.76,4541.668689186304,-1484.9086891863035
3921.41,1556.4109416150186,2364.9990583849813
6104.77,2539.3494748104804,3565.42052518952
5343.44,4479.51311781368,863.9268821863197
2271.72,4175.561885784086,-1903.8418857840866
1437.36,1285.139959490413,152.22004050958685
1326.85,988.7224197749185,338.1275802250814
2242.31,1469.4391711131007,772.8708288868993
1191.37,1839.7711935542577,-648.4011935542578
5401.44,3117.5212997545045,2283.918700245495
5566.38,5945.970010283628,-379.59001028362763
2684.64,1896.6461203022218,787.9938796977781
6250.25,5596.091942512297,654.1580574877034
1528.43,2417.69450074442,-889.26450074442
2641.72,1871.05306639617,770.6669336038299
531.11,1874.7651356075658,-1343.6551356075656
1942.97,2277.4860623523487,-334.5160623523486
2420.02,4019.575978235359,-1599.555978235359
2995.98,1560.1180909217262,1435.8619090782738
4123.97,3301.9879557237346,821.9820442762657
586.35,2365.970188213874,-1779.620188213874
2436.47,1641.4404807912797,795.0295192087201
538.27,2485.4495581743363,-1947.1795581743363
2047.05,3246.6776852310804,-1199.6276852310805
2848.31,2824.5211506487353,23.788849351264616
8441.7,8211.034376509946,230.6656234900547
2385.99,5934.513633831447,-3548.523633831447
5482.64,2834.2814095937747,2648.3585904062256
1565.98,3359.301580637253,-1793.3215806372532
437.7,1725.081256055561,-1287.381256055561
3844.96,4379.453037437974,-534.4930374379737
1539.29,1222.5246341678428,316.76536583215716
2406.94,3837.2200273613435,-1430.2800273613434
2087.92,2134.21820649994,-46.29820649994008
2392.13,2060.6394528038713,331.4905471961288
4002.76,6436.779381847841,-2434.019381847841
3818.24,1755.6122149076784,2062.6277850923216
2872.21,4223.136754379052,-1350.926754379052
4245.87,3168.230660187368,1077.639339812632
1489.39,1397.8722303496365,91.51776965036356
6386.99,5589.308625982019,797.6813740179805
6109.49,6954.678762775031,-845.1887627750311
1563.11,2109.744470413512,-546.634470413512
1152.73,1315.6499141385545,-162.91991413855453
3598.98,4615.731755050673,-1016.7517550506732
3552.01,3790.211041334272,-238.20104133427185
2753.92,4778.647784003016,-2024.7277840030156
4233.79,3006.9920213715236,1226.7979786284764
6826.98,5871.909849032124,955.0701509678756
1163.09,1757.6600329032913,-594.5700329032913
7413.39,2658.7684388525536,4754.621561147447
3251.4,3089.8425146790664,161.55748532093367
688.58,1720.564651219247,-1031.984651219247
1985.18,1859.0644493279854,126.1155506720147
2478.0,4020.9149950314236,-1542.9149950314236
1440.13,1916.8996221184577,-476.7696221184576
539.96,1140.9881558770403,-601.0281558770403
851.89,1475.2745247004586,-623.3845247004587
1434.23,2393.123737513034,-958.893737513034
828.69,1069.2223702409653,-240.5323702409653
2367.8,2572.7651400592113,-204.96514005921108
2470.73,2626.8945425188776,-156.16454251887762
867.74,1333.1322950639474,-465.39229506394736
7849.17,5179.348050613625,2669.8219493863753
2741.82,2213.901993086487,527.9180069135132
1531.69,1557.33695481349,-25.646954813489856
3284.69,4728.067576790123,-1443.377576790123
3262.64,2442.6953334179902,819.9446665820096
7161.82,4371.424695123474,2790.395304876526
2676.39,3911.94478924502,-1235.55478924502
1675.99,1286.4645058649542,389.52549413504585
1484.25,2655.1186698232464,-1170.8686698232464
1696.87,3958.401744996538,-2261.5317449965382
4284.94,3571.4433166545637,713.4966833454359
3163.36,3751.384036655125,-588.0240366551247
1660.2,1996.6661707323706,-336.46617073237053
1288.06,1510.2820308142702,-222.22203081427028
507.57,2394.138152015423,-1886.5681520154233
800.04,2840.1543205319886,-2040.1143205319886
6588.19,4572.115297505101,2016.0747024948987
1366.6,1848.3273826997727,-481.72738269977276
155.51,1215.4062652603632,-1059.8962652603632
719.06,1485.4400354887903,-766.3800354887903
4339.19,4704.880488086079,-365.6904880860793
5912.94,6070.705083911726,-157.76508391172683
3044.21,4037.1625064002305,-992.9525064002305
4806.2,6305.455945087972,-1499.2559450879726
5770.6,4826.621849056399,943.9781509436016
2747.75,1765.0448888616772,982.7051111383228
2581.36,3852.4341070895466,-1271.0741070895465
1054.42,3305.031827202043,-2250.611827202043
1812.59,2278.339750468393,-465.74975046839313
1163.11,1763.564027350028,-600.4540273500281
1302.97,1696.2363212165467,-393.26632121654666
7439.77,5797.302061403827,1642.4679385961736
1297.12,1777.7893135377699,-480.66931353777
2564.95,3410.9947447386808,-846.044744738681
3766.09,2539.3500457936507,1226.7399542063495
1655.66,1978.950436601151,-323.290436601151
995.85,1515.1105323806248,-519.2605323806248
3634.36,4972.046069047121,-1337.6860690471208
8130.6,6185.090126233935,1945.5098737660655
2349.12,2280.7436961454378,68.37630385456214
2269.17,1596.6418549632153,672.5281450367847
5031.12,1608.0021863854574,3423.1178136145427
1470.0,2728.836873964615,-1258.8368739646148
2178.25,1680.5182290552975,497.7317709447025
1064.31,1263.5929487054755,-199.28294870547552
1088.74,1733.6376428337983,-644.8976428337983
1335.98,2479.656648168237,-1143.676648168237
3892.01,2106.2142511762163,1785.795748823784
3158.72,3732.6141609885854,-573.8941609885856
1307.73,2875.013573419742,-1567.283573419742
650.65,1313.5865997817655,-662.9365997817655
1422.01,2496.4300569893094,-1074.4200569893094
2612.0,2210.583603865377,401.416396134623
10876.05,3423.758925759317,7452.291074240682
1806.62,2340.788299963303,-534.1682999633031
4196.24,3453.026548914036,743.2134510859637
946.6,1413.1124191594201,-466.5124191594201
1166.77,1961.7613596538476,-794.9913596538477
625.95,1514.6948453320429,-888.7448453320428
2784.2,1544.020530480086,1240.1794695199137
6598.14,8144.106796842201,-1545.966796842201
5093.53,4682.70470542962,410.8252945703798
907.53,2304.3668073316276,-1396.8368073316276
3146.01,4318.230730999829,-1172.2207309998284
2392.99,2472.494937573386,-79.50493757338609
1405.16,2436.38234310707,-1031.22234310707
3940.72,4201.7805736964165,-261.06057369641667
1273.42,1625.8215863412397,-352.40158634123964
1670.21,2654.4687839348853,-984.2587839348853
1953.52,1694.6527299826912,258.8672700173088
1048.81,1600.296774599173,-551.486774599173
2114.18,1167.1387792329324,947.0412207670674
1610.26,1523.021182478565,87.23881752143507
4257.34,2647.896231125868,1609.4437688741323
1011.42,2480.9201487705645,-1469.5001487705645
2152.93,1823.406494991293,329.52350500870693
8041.99,3658.793252168104,4383.196747831896
689.61,1132.9493850078102,-443.33938500781017
1188.44,1864.6087669519711,-676.1687669519711
1988.65,2086.522531629367,-97.87253162936713
2513.69,1512.0566034740873,1001.6333965259128
766.93,1472.8004155764074,-705.8704155764075
2931.36,7334.091058580326,-4402.731058580326
951.31,900.6589254835354,50.65107451646452
2438.13,1374.5178675946156,1063.6121324053845
2141.46,2389.496289474144,-248.0362894741438
390.56,1698.1380731490162,-1307.5780731490163
2400.58,2264.488034951866,136.09196504813372
2306.75,3522.2301403561037,-1215.4801403561037
623.61,1690.5196933788893,-1066.9096933788892
511.55,1479.2366994213628,-967.6866994213628
1864.84,1841.5122684863893,23.327731513610615
2264.95,4815.082653796106,-2550.132653796106
593.46,2746.3915714311343,-2152.931571431134
899.79,1402.6814471481696,-502.8914471481696
10880.82,3590.826194764653,7289.993805235346
3052.89,2949.463593777803,103.42640622219687
2637.24,2407.7859746609533,229.45402533904644
2512.32,2181.70813218022,330.61186781977995
1491.84,1430.1865257549914,61.65347424500851
1959.23,1985.4602683392386,-26.23026833923859
5558.37,3770.8899515001067,1787.4800484998932
1893.75,1228.4333959398232,665.3166040601768
2529.53,2176.4493293223472,353.08067067765296
4389.97,4802.778372329489,-412.8083723294885
2463.36,1855.7397484443086,607.6202515556915
4922.64,5636.574138861049,-713.9341388610483
2008.58,2070.2820219412943,-61.70202194129433
1192.83,2292.6612494113674,-1099.8312494113675
1997.94,1393.0190965777656,604.9209034222345
8222.45,7641.75987586397,580.690124136031
1754.97,2106.612694022838,-351.64269402283776
2073.42,2119.571251652047,-46.151251652046994
1054.79,1642.728220181717,-587.938220181717
597.32,1822.0584681805753,-1224.7384681805752
2140.09,3034.527185376031,-894.4371853760308
2018.71,3700.731484419938,-1682.0214844199381
1273.7,2239.592686934839,-965.892686934839
709.62,2176.0894181796803,-1466.4694181796804
1772.71,2512.325362280328,-739.6153622803281
3851.88,2033.154067332011,1818.7259326679891
2080.34,1130.6831946779562,949.656805322044
1145.58,1557.0915857660113,-411.5115857660114
4608.25,2179.7491092485075,2428.5008907514925
1379.65,2845.0136278869545,-1465.3636278869544
3141.86,2630.100427291499,511.7595727085013
1126.77,1689.1298185571534,-562.3598185571534
1877.61,1821.1422992581104,56.46770074188953
855.42,3210.0761815143196,-2354.6561815143195
677.83,1123.2576955077734,-445.42769550777336
3472.73,3615.5369046367296,-142.80690463672954
3970.45,3910.834626690453,59.61537330954661
1367.23,1148.4248942183951,218.80510578160488
1339.2,2136.4987361267868,-797.2987361267867
1773.25,1817.4369494833854,-44.18694948338543
3566.45,1976.1026484421093,1590.3473515578905
1085.52,3074.2367797918,-1988.7167797918
679.02,1511.5842586637605,-832.5642586637605
4340.97,5110.754457117468,-769.7844571174674
4483.36,2376.550384433,2106.8096155669996
3036.4,2549.8811822124526,486.5188177875475
2661.18,3395.284771133107,-734.1047711331071
2422.37,1619.6145335050999,802.7554664949
1771.2,1409.891895112839,361.3081048871611
7655.72,4807.305269911317,2848.4147300886834
4453.9,4848.693626488582,-394.79362648858205
1474.12,2009.1687999071391,-535.0487999071393
759.06,1443.2494142722812,-684.1894142722813
6995.67,6803.297130395841,192.37286960415895
503.79,2420.6611830346574,-1916.8711830346574
688.64,1115.8882652694488,-427.2482652694488
2335.76,2357.8934471345533,-22.13344713455308
1543.8,1830.801483632365,-287.0014836323651
3425.46,2380.064351214456,1045.395648785544
1050.06,1625.9439631820817,-575.8839631820817
7721.93,7102.299923858798,619.6300761412022
6320.51,3949.7915838666154,2370.718416133385
5089.35,5000.671539825325,88.67846017467491
872.91,1402.2939489287542,-529.3839489287542
3600.44,3524.834480887705,75.60551911229504
7779.97,3082.175714925754,4697.794285074246
3270.45,2169.858129662456,1100.5918703375437
4859.0,3222.2047237569295,1636.7952762430705
1183.62,1613.8194539197855,-430.1994539197856
5052.34,3098.820080720017,1953.5199192799832
689.97,1692.8904627340705,-1002.9204627340705
1212.66,2495.818979670964,-1283.1589796709638
6573.58,4412.350886547621,2161.2291134523794
6025.51,1363.6423308371968,4661.867669162803
914.34,1243.7280312893338,-329.38803128933375
3175.03,3329.158983456783,-154.12898345678286
6855.83,3433.7285380074636,3422.1014619925363
834.41,1435.9620782294683,-601.5520782294683
1319.14,1494.7596919977918,-175.61969199779173
1596.13,2388.476977184222,-792.3469771842219
3949.15,1690.7679911160562,2258.382008883944
740.96,1439.414813248372,-698.4548132483719
3741.01,3714.3483550119995,26.661644988000717
3928.11,2867.320846053782,1060.789153946218
2466.0,2125.488074747762,340.51192525223814
2315.34,2969.7570226767184,-654.4170226767183
6663.53,1497.8311803098463,5165.698819690153
606.42,952.5924176557232,-346.1724176557233
6412.58,10732.761382619052,-4320.181382619052
1528.33,1733.588420177573,-205.25842017757304
997.93,1428.5427482458483,-430.61274824584837
1048.25,2195.290555516217,-1147.040555516217
3034.28,1933.4749474890789,1100.8050525109213
1785.06,1922.882412434703,-137.82241243470298
2778.14,1162.8081712207913,1615.3318287792085
6532.79,6242.376518968256,290.4134810317437
682.79,1101.5677106021328,-418.77771060213286
1024.91,1587.952492825582,-563.042492825582
1857.13,2602.199478128468,-745.0694781284678
5298.18,3425.3008521134702,1872.87914788653
2418.29,2447.145128560833,-28.855128560833236
4488.35,3278.1160332572454,1210.233966742755
1844.85,3586.2532245962047,-1741.4032245962048
1753.51,1555.115657315276,198.39434268472405
2837.84,8299.73297534263,-5461.892975342629
2196.27,1741.597720452389,454.67227954761097
585.14,1121.7914118102851,-536.6514118102851
4854.92,5077.73027059844,-222.81027059844018
14882.14,12766.957949166668,2115.1820508333312
14018.37,6222.601002105296,7795.768997894705
1056.29,2065.853500075558,-1009.5635000755578
2754.58,2228.3380569088417,526.2419430911582
2967.44,2688.0904953418817,279.34950465811835
3166.87,5719.101553452383,-2552.231553452383
971.25,3835.4882193277367,-2864.2382193277367
7992.43,7560.298971902056,432.1310280979442
1170.94,1884.2770288451761,-713.3370288451761
1131.84,864.7251679974283,267.1148320025716
2592.01,2396.2059622055335,195.8040377944667
2296.16,1430.1213073997503,866.0386926002495
2138.69,1852.4712726579214,286.21872734207864
670.95,1612.4167309982213,-941.4667309982212
503.78,868.2162011067364,-364.43620110673646
2147.4,3844.475572842237,-1697.0755728422369
602.08,1199.9704043261563,-597.8904043261563
1760.17,2443.4381865757564,-683.2681865757563
566.63,2401.780292696986,-1835.150292696986
878.69,1768.4450847437315,-889.7550847437315
2935.29,3800.5260919047632,-865.2360919047633
1997.07,2243.138116608831,-246.0681166088309
1368.25,3875.403104295171,-2507.153104295171
3492.8,2674.343520511981,818.4564794880193
4088.59,3836.012498231159,252.5775017688411
1823.47,2425.7174290914704,-602.2474290914704
2173.06,1863.7523374024831,309.3076625975168
962.5,1997.7514926060348,-1035.2514926060348
5384.71,7019.762759641392,-1635.0527596413922
1342.94,2253.388457904996,-910.4484579049958
729.02,1346.763506522614,-617.7435065226141
4910.39,3151.5976747878262,1758.792325212174
4513.62,1609.61902905653,2904.00097094347
964.22,1569.9148303424147,-605.6948303424147
1365.84,1155.750622066252,210.08937793374798
685.48,2050.7767977778785,-1365.2967977778785
2486.11,2892.6462709963844,-406.53627099638425
14402.79,11745.997414390753,2656.792585609248
1586.95,1714.2985386424123,-127.34853864241222
1438.05,1889.8509631903462,-451.80096319034624
1070.72,2044.816835166775,-974.096835166775
1507.68,2026.9788780424576,-519.2988780424575
636.95,1290.9034440462865,-653.9534440462864
6113.22,6240.978430871291,-127.75843087129033
428.47,1524.0440103659812,-1095.5740103659812
837.14,1102.4538938677838,-265.3138938677838
3585.05,5884.004202159416,-2298.954202159416
5232.79,6608.069047429765,-1375.2790474297653
513.25,1115.4832239344787,-602.2332239344787
3425.83,1664.96773461438,1760.8622653856198
1049.98,2785.0391502399025,-1735.0591502399025
11061.95,8387.557910713243,2674.3920892867573
14829.43,9092.118472541344,5737.311527458656
8647.15,4123.3710045437265,4523.778995456273
5406.73,3690.524657946246,1716.2053420537536
6030.7,5543.415834190119,487.2841658098805
1123.68,1847.030569864647,-723.350569864647
2587.17,1784.039406215429,803.1305937845711
4226.4,8413.543903745847,-4187.143903745848
1803.34,2354.4783809003,-551.1383809003003
956.5,2067.93518730637,-1111.4351873063702
724.1,1686.490969075676,-962.390969075676
736.7,2180.820642291103,-1444.120642291103
2248.19,2661.425800000377,-413.2358000003769
1163.55,1669.8316880305474,-506.28168803054746
3203.57,2996.6728528571443,206.89714714285583
1398.55,1489.8290657365264,-91.27906573652649
2889.12,1729.3207535626848,1159.799246437315
1270.36,1287.9486605614643,-17.588660561464394
685.25,1316.4366466498584,-631.1866466498584
2622.1,2071.2829697534685,550.8170302465314
1364.36,1497.1883465780272,-132.82834657802732
2337.45,1766.833164966599,570.6168350334008
7666.79,10590.47919285714,-2923.6891928571395
2449.33,1323.4869395982853,1125.8430604017146
2365.01,1805.5799935349746,559.4300064650256
2143.09,3626.103687294373,-1483.0136872943726
1890.69,3863.83701835808,-1973.14701835808
1663.43,2311.235988833278,-647.805988833278
5411.88,3111.779008419205,2300.100991580795
1241.4,1627.851158124538,-386.45115812453787
3313.88,1443.092900013913,1870.787099986087
2622.28,1850.4207703531692,771.859229646831
1960.3,1577.7024752156387,382.5975247843612
1485.38,2138.9559702930683,-653.5759702930682
1032.02,1222.0475291923906,-190.0275291923906
1781.63,1258.8939246714385,522.7360753285616
291.41,2794.430201905825,-2503.020201905825
11598.57,9832.335150714287,1766.2348492857127
3104.45,10985.226990873016,-7880.776990873016
3200.55,3335.541055427508,-134.99105542750794
9469.91,4639.218116347407,4830.691883652593
3822.76,3658.9062477330244,163.8537522669758
1171.73,1699.2606643644197,-527.5306643644196
2929.76,3312.344826089631,-382.58482608963095
4270.91,5158.317204851713,-887.4072048517128
1375.0,3878.6383899164393,-2503.6383899164393
2187.62,3314.777865985505,-1127.157865985505
2842.45,2370.1030586396546,472.3469413603452
1865.9,1782.7411541086515,83.15884589134862
5264.73,7380.5740223712855,-2115.844022371286
2505.74,2859.610173058261,-353.8701730582611
2817.18,1784.7722128236442,1032.4077871763557
2043.75,2393.4353101215033,-349.68531012150333
5412.5,2844.075449746876,2568.424550253124
5820.32,11504.137278492064,-5683.817278492064
2838.08,1902.1828863136207,935.8971136863793
1182.83,1038.19402461502,144.63597538497993
2037.09,1836.0874527774054,201.00254722259456
788.38,1251.4648059818228,-463.0848059818228
1340.9,2940.914928457729,-1600.0149284577287
1417.16,2947.9187075994955,-1530.7587075994954
632.03,926.7598376280253,-294.7298376280253
1083.05,2054.246864364266,-971.196864364266
1166.5,2620.7105626665684,-1454.2105626665684
732.53,3000.274492142859,-2267.7444921428587
889.09,2094.6075428236036,-1205.5175428236034
5408.08,2566.3314452857467,2841.7485547142533
1696.74,1989.6236924651394,-292.88369246513935
7113.41,5013.516497908348,2099.8935020916515
688.23,1295.3635350159818,-607.1335350159818
1968.75,1749.9184501470663,218.83154985293368
1912.62,2894.845713504754,-982.2257135047539
4129.44,1881.3294971296068,2248.110502870393
863.49,903.0639401953512,-39.573940195351156
1104.41,1421.5564535234796,-317.1464535234795
1798.95,935.5145705123989,863.4354294876011
6225.31,2398.5980106492243,3826.711989350776
4332.98,2264.8076426111434,2068.172357388856
3303.79,2549.9206100747633,753.8693899252366
2836.59,1455.931770089053,1380.658229910947
3878.82,1636.7322037347988,2242.087796265201
1842.84,1272.223563589113,570.616436410887
11613.2,6164.658261987588,5448.541738012413
818.4,1223.6207562157795,-405.2207562157795
4186.2,6863.059567623431,-2676.859567623431
5172.16,6700.955211133543,-1528.7952111335435
1302.74,2025.6375871762314,-722.8975871762314
1074.5,950.5189175366047,123.9810824633953
2233.67,2317.607503718152,-83.93750371815213
2517.2,1576.8334039935448,940.366596006455
604.01,1281.0727012490245,-677.0627012490245
4113.35,5559.234426481551,-1445.8844264815507
16596.56,9162.109317605864,7434.450682394137
8715.92,4995.892747671507,3720.027252328493
878.74,996.8859544165424,-118.1459544165424
3670.43,3709.8637168544024,-39.43371685440252
3936.74,4724.396650340003,-787.6566503400036
3284.02,3104.227494179337,179.79250582066288
2347.96,3801.718835371574,-1453.7588353715742
4902.59,7924.400454419781,-3021.8104544197813
1934.48,3666.3175010678915,-1731.8375010678915
925.36,1424.3597403348601,-498.9997403348601
3815.87,1868.0722683872536,1947.7977316127462
688.61,1529.917704190615,-841.307704190615
1162.79,1598.874438230362,-436.08443823036214
1250.92,3787.1775160326733,-2536.2575160326733
1689.04,2332.4419398969694,-643.4019398969695
737.44,2066.803113240638,-1329.363113240638
6817.68,3351.27147142055,3466.4085285794504
857.78,1552.641897348748,-694.861897348748
763.29,1828.4999282804433,-1065.2099282804434
2646.89,2145.4013397446593,501.4886602553406
1630.61,1848.2701666760343,-217.66016667603435
677.1,1508.1328695255788,-831.0328695255788
1747.27,1922.239397627178,-174.96939762717807
15005.94,11355.978421904765,3649.9615780952354
552.91,1177.8088765818948,-624.8988765818948
1233.16,2028.456572028309,-795.2965720283089
3038.8,3718.3326899200897,-679.5326899200895
1575.61,1725.9207021251693,-150.31070212516943
2156.08,3056.448178436926,-900.368178436926
1987.31,1892.7165781911476,94.59342180885233
2499.6,3124.905203494558,-625.3052034945581
694.52,1433.347377810171,-738.8273778101711
2303.2,3873.891692205705,-1570.6916922057053
3308.8,6317.051592469724,-3008.2515924697236
1401.84,1786.8810056795874,-385.04100567958744
1656.83,1839.8619638682585,-183.03196386825857
1064.41,1270.3250961198858,-205.91509611988567
532.88,1300.3981941432776,-767.5181941432776
799.41,1595.802717460121,-796.3927174601209
4162.97,5354.691358489788,-1191.7213584897881
2796.19,1591.5264701030494,1204.6635298969506
296.4,1507.223711577089,-1210.823711577089
4315.02,3704.5175196458476,610.5024803541528
4938.68,4663.106113488404,275.57388651159636
1341.86,3322.111114530076,-1980.2511145300762
4043.13,4500.557613198067,-457.42761319806687
10441.13,9346.93318406025,1094.1968159397493
1524.63,1633.8449061292704,-109.21490612927028
906.15,4801.0977313297535,-3894.9477313297534
1988.14,2805.351592934951,-817.2115929349509
10977.31,5425.762688901646,5551.547311098354
3123.27,2657.9277366100946,465.3422633899054
4129.06,2932.636473856917,1196.4235261430836
1782.87,1413.233553770114,369.6364462298859
7655.76,4451.37256696437,3204.3874330356302
1155.97,1602.3546794229717,-446.38467942297166
16014.48,8400.337324120585,7614.142675879415
2258.87,2866.5074140831944,-607.6374140831945
5401.58,5426.858835303683,-25.27883530368308
411.0,1558.0528419593966,-1147.0528419593966
1182.94,1542.7010652067695,-359.76106520676944
10.0,3832.969565929198,-3822.969565929198
853.22,1630.1155026598283,-776.8955026598283
903.21,2949.5594211520097,-2046.3494211520097
805.42,1267.1439869733242,-461.72398697332426
4009.24,3864.4990721004874,144.74092789951237
702.52,1561.386069370594,-858.866069370594
3251.23,2609.0694299764477,642.1605700235523
1222.04,1721.784720420828,-499.7447204208281
4566.69,4722.023674469835,-155.3336744698354
3094.86,3318.024259338025,-223.16425933802475
938.57,1625.1809496754845,-686.6109496754844
842.32,1830.4043946759316,-988.0843946759315
1787.89,2089.9354177099603,-302.04541770996025
1413.34,1661.4223182235498,-248.08231822354992
4981.55,6113.748759377585,-1132.1987593775848
9644.46,4554.419972776258,5090.040027223741
1091.13,2573.73561042437,-1482.6056104243698
2636.46,2510.2234303553087,126.23656964469137
1511.79,1709.8713721885388,-198.0813721885388
8308.63,12548.021905714288,-4239.391905714288
6968.77,7177.487482043259,-208.71748204325831
520.43,1204.5212953194864,-684.0912953194864
11811.97,7123.835478933586,4688.134521066413
8322.99,4825.518849486644,3497.4711505133555
2323.38,1835.9279902913881,487.45200970861197
3098.16,6280.206270460119,-3182.0462704601196
2537.97,2712.680616846075,-174.71061684607503
2848.58,4078.9317199320562,-1230.3517199320563
6766.97,7893.359267183121,-1126.3892671831209
621.36,1602.9314355356298,-981.5714355356298
10969.5,3409.956341468642,7559.543658531358
2358.72,1250.4460995080774,1108.2739004919224
888.31,1821.589654013058,-933.279654013058
1461.55,2398.1260470874436,-936.5760470874436
710.09,1080.0842248595102,-369.99422485951015
6613.28,4044.363006507937,2568.916993492063
1284.53,2154.5822478390282,-870.0522478390283
1347.36,1363.7881865015688,-16.428186501568916
5579.3,3934.7952190463084,1644.5047809536918
1703.33,2588.0697266298052,-884.7397266298053
696.7,1161.7404507434624,-465.0404507434623
1273.8,1236.7975746455506,37.002425354449315
3006.49,3074.4778799989913,-67.9878799989915
4983.4,3348.7507985242096,1634.64920147579
4046.24,3884.44610229466,161.79389770534
1445.83,1729.6429052924148,-283.8129052924148
5512.62,3226.7690373782343,2285.8509626217656
2240.86,2160.273004363528,80.58699563647224
1331.42,2514.7614397331477,-1183.3414397331476
2289.39,2648.0468254638354,-358.6568254638355
5286.99,4348.668928675202,938.3210713247981
1451.12,1624.7219624965423,-173.60196249654246
637.31,1220.3564413551474,-583.0464413551474
1090.66,1624.5913664495654,-533.9313664495653
8335.32,3309.040395803275,5026.279604196725
1021.26,2596.1372473551282,-1574.8772473551282
1990.99,1625.012904734184,365.97709526581593
1418.21,2744.2994672584277,-1326.0894672584277
1847.63,6076.269571858954,-4228.639571858954
5812.81,3299.191159968788,2513.6188400312126
3354.85,5751.995401427076,-2397.145401427076
8906.73,9106.319886945195,-199.58988694519576
1300.74,2830.6587949021546,-1529.9187949021546
1668.78,2116.360355738489,-447.58035573848906
1809.1,2064.587029902428,-255.48702990242828
3701.23,3479.765497937473,221.46450206252712
2719.42,3477.2064230873143,-757.7864230873142
812.11,1169.1665393671176,-357.0565393671176
1682.04,1853.024139064356,-170.984139064356
1684.61,2782.969909893854,-1098.3599098938541
4113.69,2046.530519047611,2067.1594809523885
626.15,1943.9692777461066,-1317.8192777461068
634.11,2031.5024020728702,-1397.39240207287
3262.46,2215.354289898991,1047.1057101010092
1825.93,1415.846732847222,410.08326715277803
1447.44,4155.571150797092,-2708.131150797092
3281.5,6034.279002428571,-2752.7790024285714
2502.7,2572.3346657167554,-69.63466571675553
1512.98,2356.331802534316,-843.351802534316
6729.12,7464.965047723737,-735.8450477237375
1400.0,3103.199119668498,-1703.199119668498
2111.79,1871.4857565403468,240.3042434596532
732.3,1460.5388584129032,-728.2388584129033
2380.39,2177.8298157856975,202.56018421430235
4855.36,1572.8990966547965,3282.4609033452034
1370.87,3529.7794258522736,-2158.9094258522737
938.44,1573.4607789287722,-635.0207789287722
6325.69,5705.044854047617,620.6451459523823
3292.32,2934.260982533357,358.0590174666431
579.62,1136.7099921712024,-557.0899921712024
7650.85,5936.387152436837,1714.4628475631635
1266.73,2459.5231277782714,-1192.7931277782714
3093.0,2546.3422428554245,546.6577571445755
1479.1,2425.834632823578,-946.7346328235781
3977.39,1139.3148847698403,2838.0751152301596
8207.08,12605.257368971308,-4398.177368971308
1290.6,1262.3519017656774,28.24809823432247
3215.48,2031.0597062178683,1184.4202937821317
1378.68,1807.1711309076509,-428.4911309076508
1057.74,2020.4220235085988,-962.6820235085988
11100.39,6213.084507856722,4887.305492143278
2617.06,2407.401446460721,209.65855353927873
3843.72,2837.040275915342,1006.6797240846577
3003.75,2039.836191782997,963.913808217003
1673.41,3866.223472214866,-2192.813472214866
891.14,1326.2679912915753,-435.1279912915753
3518.16,3300.269223410224,217.89077658977567
6758.05,7757.660304807014,-999.6103048070136
934.98,1331.0387942601928,-396.0587942601928
2381.82,1342.9291857797457,1038.8908142202545
1693.42,1971.627870596037,-278.20787059603686
1187.92,1387.8665282051124,-199.94652820511237
2116.88,1997.6856267156834,119.19437328431673
1200.4,2023.1076908985942,-822.7076908985941
1655.3,2480.0993289341595,-824.7993289341596
2439.95,2953.835250749899,-513.8852507498991
2459.13,2278.975684467604,180.15431553239614
8178.07,7394.497013624117,783.5729863758825
3859.13,5458.269247515135,-1599.1392475151351
5069.7,2882.78855382948,2186.91144617052
1957.05,1942.2734094328573,14.776590567142648
557.62,1152.8214952277772,-595.2014952277772
4295.43,3504.5232067857146,790.9067932142857
764.6,1622.2579492131576,-857.6579492131576
1089.25,1789.0267473220433,-699.7767473220433
3313.56,3723.9656847789784,-410.4056847789784
625.57,1616.5836965166864,-991.0136965166863
1256.37,1800.4825768910239,-544.112576891024
1836.68,2955.3356637926627,-1118.6556637926626
3304.82,4200.972705648813,-896.1527056488126
3604.13,4072.375924523808,-468.24592452380784
1728.9,2229.706395331161,-500.80639533116073
2208.28,2040.8129562472316,167.46704375276863
4471.33,3950.571764890532,520.7582351094679
2622.18,4612.523867140985,-1990.3438671409854
3172.09,5852.766652910168,-2680.676652910168
731.24,3280.629331901282,-2549.3893319012823
2115.61,3357.656027741491,-1242.046027741491
6324.22,7504.249699364562,-1180.0296993645616
2585.97,4071.435637948093,-1485.465637948093
7069.58,6398.893631626985,670.6863683730153
1354.34,2077.580810031745,-723.240810031745
3640.04,2247.7143169298406,1392.3256830701594
771.89,1444.5724836142224,-672.6824836142224
2395.13,2229.6822106611553,165.4477893388448
6028.49,3313.3266164875276,2715.163383512472
751.7,6328.82871158317,-5577.12871158317
7881.43,1563.1599771127658,6318.2700228872345
1539.4,1768.6247502493686,-229.22475024936853
1443.25,1808.7964746174507,-365.5464746174507
7716.1,3587.545890047126,4128.554109952875
650.2,1356.854439993333,-706.654439993333
1810.72,3298.6197587364954,-1487.8997587364954
1392.63,2265.4868522717315,-872.8568522717314
541.7,4342.710909741089,-3801.0109097410896
896.03,1654.5747915242955,-758.5447915242955
1862.89,3758.859635357807,-1895.9696353578067
752.81,1834.2030735438584,-1081.3930735438585
1728.39,1493.9182424739527,234.47175752604744
1218.61,1834.662619813768,-616.0526198137682
3105.75,1741.6956269898062,1364.0543730101938
6169.66,6062.471026607032,107.18897339296745
12160.11,13596.780224523814,-1436.6702245238139
5647.52,2852.432629941242,2795.0873700587586
769.55,2189.646319047913,-1420.096319047913
1147.65,1883.9899870885656,-736.3399870885655
3033.27,5793.61572368831,-2760.34572368831
6657.84,7599.66349158241,-941.8234915824096
2537.57,2281.5203499130503,256.0496500869499
2922.08,1715.705640462295,1206.374359537705
1571.02,1877.4704027004925,-306.45040270049253
1311.03,4027.4510077264276,-2716.421007726428
2173.49,2574.131738850198,-400.6417388501982
652.85,2646.0437127985524,-1993.1937127985525
8408.09,4880.77511252527,3527.3148874747303
2469.95,3640.4765713401075,-1170.5265713401077
2936.89,4228.384548431922,-1291.4945484319219
2069.44,2228.0353381761847,-158.59533817618467
4634.44,3947.276860645893,687.1631393541065
2479.7,3820.0286441907992,-1340.3286441907994
3313.81,1616.029505442277,1697.780494557723
11221.56,8733.793398690474,2487.766601309526
1471.49,1876.787080146017,-405.2970801460169
3050.15,6223.916643895281,-3173.7666438952806
2752.17,2804.5213879743096,-52.351387974309546
1406.92,5988.211200007752,-4581.291200007752
3750.83,1349.2969931122989,2401.533006887701
4196.78,2394.226714351236,1802.553285648764
2261.53,3039.712430161856,-778.1824301618558
2077.01,2134.3641939285926,-57.354193928592395
5073.58,6336.185801647903,-1262.6058016479028
3841.14,4275.106134703284,-433.96613470328384
3247.09,2267.8984868339826,979.1915131660176
9420.0,2777.392327499129,6642.607672500872
1901.57,3264.0554428529094,-1362.4854428529095
3905.29,1972.8805818896258,1932.4094181103742
3118.53,4752.994396521274,-1634.464396521274
3350.37,2754.49505219872,595.8749478012801
417.35,1340.3059042166572,-922.9559042166571
2410.76,2318.0250146003145,92.73498539968568
1378.34,3574.4491301572616,-2196.1091301572615
898.46,1885.4412844193887,-986.9812844193887
1783.18,1626.3211662291997,156.8588337708004
1435.54,1191.6423085177935,243.89769148220648
2987.03,2305.6776725103637,681.3523274896365
970.84,1618.7660606034565,-647.9260606034564
2750.82,4320.9023390126895,-1570.0823390126893
739.84,1138.7650782472838,-398.92507824728375
1384.65,1839.8349114271177,-455.18491142711764
1764.27,1639.0967467543687,125.17325324563126
1511.75,1681.6992028946804,-169.9492028946804
1504.11,1656.1116093189903,-152.0016093189904
1850.88,1742.7951339166962,108.08486608330395
9840.85,4978.321043863441,4862.528956136559
1537.01,2298.761884309022,-761.7518843090222
1601.13,1226.0804807822851,375.049519217715
3480.66,5119.428411792287,-1638.7684117922872
1433.47,2249.89862314554,-816.4286231455401
1226.32,806.3567277042118,419.9632722957881
1970.02,2907.20336168448,-937.1833616844801
2980.03,4250.732557630714,-1270.7025576307137
4162.87,3304.3612387422454,858.5087612577545
915.2,1166.8525920225,-251.6525920224999
4142.51,3425.928946587302,716.5810534126981
8059.07,5368.027955681184,2691.042044318816
3565.81,2089.543280167205,1476.266719832795
1590.42,4200.629098525386,-2610.2090985253863
2606.42,2865.2630635037917,-258.84306350379165
1057.0,1234.8408675636317,-177.84086756363172
937.37,1006.8507155308945,-69.48071553089449
2880.96,4083.399727974498,-1202.439727974498
2164.95,2735.4403686815263,-570.4903686815264
15002.89,5825.859810315941,9177.030189684057
838.19,1095.1559834972559,-256.9659834972558
816.21,1220.1824405360012,-403.97244053600116
1064.6,1711.6645783991823,-647.0645783991824
2964.92,2561.8473855098264,403.0726144901737
1668.41,3487.421746583181,-1819.011746583181
805.89,1957.655614912982,-1151.765614912982
3030.37,2881.6228623063175,148.74713769368236
4131.89,3725.0756164563663,406.814383543634
917.64,1517.7868934888063,-600.1468934888063
2089.26,2014.926165663981,74.33383433601921
881.49,1518.7746904728244,-637.2846904728244
1174.64,1834.8415827231104,-660.2015827231103
1605.8,1542.4179383826402,63.382061617359795
1031.57,1551.7567155516895,-520.1867155516895
10010.0,8067.206665220854,1942.7933347791459
837.2,1139.4259727804304,-302.2259727804303
954.83,1784.6734916998812,-829.8434916998812
5264.84,3018.440561858552,2246.399438141448
1284.67,1606.035103755901,-321.3651037559009
847.98,1110.3166229086728,-262.3366229086728
7830.21,4485.232341788536,3344.9776582114637
8054.92,6572.630628239534,1482.2893717604657
4013.41,3344.46171867695,668.9482813230497
4283.25,2235.6042440476194,2047.6457559523806
782.7,1461.6113807342847,-678.9113807342846
3017.92,2708.6526841007103,309.26731589928977
755.78,961.0083386579222,-205.22833865792222
1426.96,2096.6733160653425,-669.7133160653425
2717.54,1607.571928154166,1109.968071845834
2066.85,1656.8530715091213,409.99692849087864
1795.03,1443.044901025857,351.98509897414306
223.49,1205.3863501009985,-981.8963501009985
5764.42,9718.65703719027,-3954.2370371902707
2096.85,2121.664266350566,-24.81426635056596
3436.55,5079.094369614194,-1642.5443696141938
2787.64,2239.7877455765574,547.8522544234424
2438.3,2185.515301594741,252.7846984052594
441.04,904.8837645549013,-463.84376455490127
3802.45,3291.2521620118678,511.19783798813205
7968.22,4775.549850894384,3192.6701491056165
1080.0,7905.217793320531,-6825.217793320531
757.78,1309.449867754016,-551.669867754016
2116.81,3307.023789786034,-1190.2137897860339
1217.4,2085.566371684175,-868.1663716841749
534.27,2173.6363197161645,-1639.3663197161645
5331.9,2480.180717438488,2851.7192825615116
1676.71,2362.9910368030323,-686.2810368030323
944.9,853.6709465265064,91.22905347349354
2950.07,2858.5950689337456,91.47493106625461
808.6,1452.291980800935,-643.6919808009351
1784.18,2853.2427859595978,-1069.0627859595977
1229.0,4379.802103871468,-3150.802103871468
721.92,1462.1544566299594,-740.2344566299595
646.0,1393.2829554097605,-747.2829554097605
1828.82,3385.557821377317,-1556.737821377317
1875.42,2714.641713631183,-839.2217136311829
2236.53,1549.1974109995472,687.332589000453
963.36,2284.007001694278,-1320.647001694278
16832.12,8741.831875198415,8090.288124801584
2314.84,3092.502640378788,-777.6626403787877
2241.95,2419.254716729495,-177.30471672949534
4368.4,3929.3937713003015,439.0062286996981
1456.56,1442.9335481097712,13.626451890228736
4777.88,4918.027966764145,-140.14796676414517
1600.52,5177.444368365934,-3576.924368365934
1686.59,1464.506312192925,222.08368780707497
773.73,1123.0982318808753,-349.3682318808753
2635.47,4813.2114222423,-2177.7414222423
908.71,1711.9870474922045,-803.2770474922045
7874.39,3737.660259880148,4136.729740119852
1211.12,2259.798401267621,-1048.6784012676212
2943.73,3104.5677494526144,-160.8377494526144
2105.52,1530.1585831410316,575.3614168589684
445.93,938.9837386057999,-493.0537386057999
2514.84,3346.696436176371,-831.8564361763711
1006.35,3187.303406747518,-2180.953406747518
1628.5,1891.6761843290224,-263.17618432902236
3025.52,2221.163500705228,804.3564992947718
1439.77,1907.9493061879336,-468.17930618793366
2074.88,5281.059211311047,-3206.179211311047
8456.09,3018.511293975239,5437.578706024761
676.15,925.7608021884614,-249.61080218846143
4852.27,8198.992902469572,-3346.7229024695716
293.66,1150.0459564217474,-856.3859564217473
1345.52,1452.7869059921004,-107.26690599210042
2475.41,2285.422467510787,189.98753248921275
794.28,2545.469175714285,-1751.189175714285
1651.91,1806.7238913384158,-154.81389133841571
2855.24,2015.0206650150267,840.2193349849731
2935.55,2285.6858483226265,649.8641516773737
5121.4,6840.506252295742,-1719.1062522957427
4857.98,3905.6104284164094,952.3695715835902
1250.93,1169.3678892274563,81.56211077254375
841.43,1890.6640556093384,-1049.2340556093386
1217.81,1969.992374402872,-752.182374402872
2049.88,3229.197319083047,-1179.317319083047
2227.73,2763.0617939786853,-535.3317939786853
3224.63,2415.214658739515,809.4153412604851
7806.11,5904.363779147312,1901.7462208526877
1480.52,3680.855959040951,-2200.335959040951
1270.32,1781.5970435552404,-511.2770435552404
2245.81,2591.4171220646017,-345.60712206460175
10691.88,7774.727048985412,2917.1529510145874
1104.16,930.6505834460917,173.5094165539084
2632.6,1640.7720557273722,991.8279442726277
3951.65,1829.376453688941,2122.2735463110594
4324.75,5058.174721615793,-733.4247216157928
1157.46,2448.684487851839,-1291.224487851839
5845.08,10869.646758771303,-5024.566758771303
2428.33,1635.3864552058287,792.9435447941712
1183.22,1114.1250806215855,69.09491937841449
1518.89,2368.48489131457,-849.5948913145701
3000.27,3419.577853032101,-419.30785303210087
690.97,1528.265840547709,-837.2958405477091
589.85,1470.705244214282,-880.8552442142819
11599.45,6821.114186984124,4778.335813015877
2235.55,1823.6619154638684,411.8880845361318
2671.48,2651.6965429891,19.783457010899838
5331.94,8911.662444818552,-3579.7224448185525
2040.35,2644.059087429193,-603.709087429193
2378.94,2893.915274360649,-514.9752743606491
3482.82,5084.685599232184,-1601.8655992321842
3288.63,4492.345495958327,-1203.7154959583268
2728.86,2414.3702953901034,314.48970460989676
3316.46,3529.465495824167,-213.00549582416716
1765.99,2352.1124999248304,-586.1224999248304
1122.09,2565.8492917934245,-1443.7592917934246
2679.95,3636.1434302962152,-956.1934302962154
2107.85,2669.5667482466747,-561.7167482466748
4049.02,4184.32543273779,-135.30543273778994
9913.63,6011.201145852134,3902.4288541478654
1758.42,1760.5043439156384,-2.0843439156383283
2058.0,1404.0484211145629,653.9515788854371
3015.13,2247.0189485583296,768.1110514416705
5169.65,3811.8273728234317,1357.822627176568
1780.21,1906.6871937395624,-126.47719373956238
2576.48,1569.6924113569423,1006.7875886430577
1506.36,3868.1815405716347,-2361.8215405716346
6971.98,4357.549949741469,2614.43005025853
6302.71,4807.2284040241575,1495.4815959758425
996.63,1308.5078320108348,-311.8778320108348
573.75,1488.8254112155641,-915.0754112155641
3413.7,2896.240988140745,517.459011859255
1312.14,2591.603018571429,-1279.4630185714288
1244.61,1498.9539971373604,-254.34399713736047
1699.01,981.1893470075697,717.8206529924303
3097.59,4773.438511517498,-1675.848511517498
7944.5,5061.8489606636695,2882.6510393363305
6957.23,9594.83456,-2637.6045599999998
701.96,1732.0853742472327,-1030.1253742472327
1981.64,1234.3460365932704,747.2939634067297
1588.46,2247.0387164237873,-658.5787164237872
5262.95,4739.528451252696,523.4215487473039
208.28,1034.6032240473398,-826.3232240473399
2463.93,2191.67405084298,272.25594915702004
1362.95,1942.272359430686,-579.322359430686
5206.81,3335.307531590116,1871.5024684098844
1829.49,1486.573340109191,342.9166598908091
2936.69,2538.1744957482892,398.5155042517108
1766.88,2040.9679582972417,-274.0879582972416
5027.09,3391.574475022569,1635.5155249774311
1236.74,2116.888455336439,-880.1484553364392
2706.99,2627.844305420851,79.14569457914877
865.2,2727.6484874508874,-1862.4484874508873
2758.88,2478.2727368403607,280.6072631596394
569.89,2474.810728547505,-1904.920728547505
4439.03,2486.5927044436235,1952.4372955563763
521.7,1229.0885062178997,-707.3885062178997
3437.9,1478.1634772042626,1959.7365227957375
1074.74,2676.2442429401,-1601.5042429400999
1023.71,1367.0135904349147,-343.30359043491467
2217.47,3594.8084184525374,-1377.3384184525376
2380.29,2233.397952445395,146.89204755460514
1018.06,1259.4521993211995,-241.39219932119954
656.99,1494.7852165558154,-837.7952165558154
1713.28,3654.420367002809,-1941.1403670028092
832.38,1594.9857349207623,-762.6057349207623
784.31,2843.540229534223,-2059.230229534223
2261.5,4867.538197295607,-2606.0381972956066
3268.75,4235.772002700269,-967.0220027002688
3962.11,2984.338830977626,977.7711690223741
2328.68,4587.927031765461,-2259.247031765461
3594.76,4232.898426435026,-638.1384264350254
4590.84,3617.8966757406147,972.9433242593855
2080.91,2702.362051465571,-621.452051465571
2717.1,1359.0093102031099,1358.09068979689
1929.79,2615.731596121696,-685.941596121696
6758.16,4911.09779836343,1847.0622016365696
1563.45,1900.3821247605792,-336.9321247605792
2356.68,4561.6492667481425,-2204.9692667481427
914.08,2067.2814171305877,-1153.2014171305877
794.26,1301.8277118259095,-507.56771182590956
1168.65,1887.181534415439,-718.531534415439
2468.08,2072.157483377631,395.92251662236913
824.28,2003.0208379262147,-1178.7408379262147
4134.21,5002.215702249385,-868.0057022493847
1306.51,1769.9468736745757,-463.43687367457574
1073.38,1444.2771437905,-370.89714379049997
1574.82,2086.163553548952,-511.3435535489523
1855.82,2411.129199603176,-555.309199603176
5693.52,3701.0754097869967,1992.4445902130037
1039.05,1727.0157852920568,-687.9657852920568
1790.65,2720.347354451219,-929.6973544512189
570.39,1366.3691103286699,-795.9791103286699
621.2,1922.8879269124027,-1301.6879269124026
992.23,3277.952826715573,-2285.722826715573
2278.82,2543.542396894009,-264.72239689400885
4200.26,2308.677756651119,1891.582243348881
5058.96,3979.743590434104,1079.216409565896
1238.67,1975.9396474351122,-737.2696474351121
3222.75,1396.1671098824233,1826.5828901175767
1536.62,3742.5165170106366,-2205.8965170106367
810.6,1109.9733638878372,-299.3733638878372
3287.67,1700.9509929157516,1586.7190070842485
2805.94,2903.7282142679715,-97.7882142679714
3472.6,3906.641411052121,-434.041411052121
2228.83,1734.1497445310195,494.6802554689805
1458.94,2955.397837366004,-1496.4578373660038
2431.22,2067.4338155812284,363.7861844187714
1274.98,1733.6448011393845,-458.6648011393845
4794.58,6184.831528597678,-1390.2515285976779
1394.86,1780.88116660334,-386.02116660334013
1114.1,1326.4400806776218,-212.34008067762193
3544.57,2254.0842205531853,1290.4857794468148
3024.85,1883.3160513759526,1141.5339486240473
3783.99,5971.004443857943,-2187.0144438579437
2235.25,3789.2505530064846,-1554.0005530064846
2058.66,4610.790412420358,-2552.130412420358
1552.33,2111.4242557463194,-559.0942557463195
1586.11,1764.6928129068297,-178.58281290682976
3402.95,2706.959666719996,695.9903332800036
1760.42,1642.0529295845909,118.36707041540922
3524.18,3470.3109384097143,53.86906159028558
771.3,1411.4431202254966,-640.1431202254967
7956.2,6073.4140756534525,1882.7859243465473
2721.4,2131.3769603454934,590.0230396545066
4661.22,7989.926208963584,-3328.706208963584
5281.01,3463.279348160053,1817.7306518399473
829.36,1881.8743024214994,-1052.5143024214995
1411.84,3491.328354445866,-2079.488354445866
2514.84,2538.037695836467,-23.197695836466664
3287.17,1805.60234073133,1481.56765926867
1397.25,2119.0885872017056,-721.8385872017056
555.67,1788.078155157692,-1232.408155157692
9705.96,8075.367599768819,1630.5924002311804
1106.99,2046.9191804426655,-939.9291804426655
2600.1,4343.724229866463,-1743.6242298664633
464.19,1307.5288743710123,-843.3388743710123
2440.61,3181.2122904495777,-740.6022904495776
3805.29,4613.659318429317,-808.369318429317
4939.49,2941.0401980840275,1998.4498019159723
12013.76,8532.02267388889,3481.7373261111097
2165.08,3188.5488606503636,-1023.4688606503637
1237.18,1333.034404984698,-95.85440498469802
1077.65,2621.4830649769183,-1543.8330649769182
4476.74,3373.9983907794726,1102.7416092205272
2366.5,2769.08150200756,-402.5815020075602
410.98,1062.0891173986906,-651.1091173986906
1577.38,4715.192470935177,-3137.812470935177
2988.9,2033.439642226862,955.4603577731382
1034.69,1856.9438058354672,-822.2538058354671
1328.55,1947.3216597219796,-618.7716597219796
212.88,1473.9150728968184,-1261.0350728968183
2266.86,1670.1146567086353,596.7453432913649
654.98,1679.5253061387712,-1024.5453061387711
2318.64,3071.980835831735,-753.3408358317351
1160.91,1360.9866044682756,-200.0766044682755
1578.25,3600.1754206520272,-2021.9254206520272
9978.98,7441.611888611111,2537.368111388889
2310.18,4633.162510384734,-2322.982510384734
1894.7,1678.7206599700685,215.97934002993156
5597.48,3691.557957844573,1905.9220421554264
954.01,3066.994341394594,-2112.9843413945937
2389.75,4036.9280364870315,-1647.1780364870315
6278.2,3364.053657796338,2914.146342203662
1985.99,1536.9742159640891,449.0157840359109
2413.58,2326.4377042848932,87.14229571510668
1878.14,3791.897850930696,-1913.7578509306961
1809.96,4707.3704314754,-2897.4104314754004
1504.05,2639.81856370474,-1135.76856370474
1184.54,1188.7946950970152,-4.254695097015201
2835.96,5225.75308048491,-2389.79308048491
4568.53,4990.128626958115,-421.59862695811535
2498.29,1933.65834282353,564.6316571764701
6329.23,5364.499973363261,964.7300266367383
956.38,1180.887575014399,-224.5075750143991
2196.44,2088.6797858979553,107.76021410204476
3366.01,3306.489341814811,59.520658185189404
1274.94,1771.2205872745512,-496.2805872745512
1297.3,3648.7246304290275,-2351.4246304290273
1927.14,3878.1379208268877,-1950.9979208268876
1560.54,1666.4246465382776,-105.8846465382776
1709.85,1878.5250916231025,-168.67509162310262
1853.36,2728.211153159356,-874.851153159356
5728.43,1572.5496949463516,4155.880305053649
893.61,1571.9050487846573,-678.2950487846573
6031.43,2891.360161282989,3140.0698387170114
3043.02,1997.1896891570668,1045.8303108429332
264.29,1070.002337427011,-805.7123374270111
2819.56,2734.326604248401,85.23339575159889
2205.68,1837.69847102381,367.9815289761898
2894.97,3558.8979156739033,-663.9279156739035
4083.26,6392.295476033453,-2309.035476033453
5725.54,4872.285279678121,853.2547203218792
9374.62,4810.634560802605,4563.985439197396
971.03,1894.2687494580598,-923.2387494580598
2153.59,2628.114993639675,-474.5249936396749
2386.98,1916.6714896689643,470.3085103310357
1735.89,1870.606780192733,-134.7167801927328
1898.76,1662.5192394720557,236.2407605279443
6255.93,3785.7276455072283,2470.202354492772
1250.4,1756.3076612890209,-505.9076612890208
13079.75,8297.173300140787,4782.5766998592135
1679.53,2002.379577730666,-322.84957773066594
1460.13,1255.7503559749211,204.37964402507896
918.74,1799.3112198941024,-880.5712198941023
3321.99,2004.525647333758,1317.464352666242
8829.13,2037.112863571401,6792.017136428598
958.09,1033.00709938677,-74.91709938677002
2847.24,2581.860654644946,265.37934535505383
1132.56,2082.0764498691146,-949.5164498691147
2120.07,3928.463812480712,-1808.3938124807119
1896.36,1990.525640051902,-94.16564005190207
1596.43,4651.902020985513,-3055.472020985513
1200.15,1724.2649563191612,-524.1149563191611
745.71,1527.9358621606493,-782.2258621606493
9096.22,5467.131852790148,3629.0881472098517
334.1,1121.2487948066264,-787.1487948066264
1713.49,2765.370957348116,-1051.880957348116
1287.19,1805.46834203823,-518.27834203823
931.73,1573.1631747134836,-641.4331747134836
2869.0,2787.0155857132213,81.9844142867787
3744.07,3266.34615313165,477.72384686834994
1231.65,1784.1663796603038,-552.5163796603038
3920.29,3452.4247475784373,467.8652524215627
1820.36,2315.2213488294656,-494.86134882946567
2565.14,2084.492522835781,480.6474771642188
3151.74,2392.051978768613,759.6880212313868
1094.72,2196.9849587408953,-1102.2649587408953
1647.64,2122.751986723452,-475.11198672345176
1962.72,1283.5659807557063,679.1540192442937
7444.68,7504.299891110189,-59.61989111018829
1597.65,1542.3544891570396,55.29551084296054
682.63,863.753284008004,-181.12328400800402
2142.76,2786.0141528498366,-643.2541528498364
778.53,1426.1859121474454,-647.6559121474454
3084.52,4219.942488460505,-1135.422488460505
1762.24,2569.9631401092543,-807.7231401092542
4191.27,3462.0421365311113,729.2278634688892
1280.08,1697.3431894992304,-417.2631894992305
616.82,1558.083296165153,-941.2632961651528
923.84,1394.5895110143924,-470.7495110143924
2220.56,1187.8966917392024,1032.6633082607975
1800.28,1400.6684459970045,399.6115540029955
706.38,1549.337292203135,-842.9572922031349
512.3,1787.2670405028714,-1274.9670405028714
1543.32,1509.2315481185285,34.08845188147143
1880.97,3223.7346769244973,-1342.7646769244973
3899.53,4261.99378564843,-362.4637856484301
3418.19,1439.5342312483451,1978.655768751655
612.71,1305.5146538600613,-692.8046538600613
5656.28,7307.510122949034,-1651.230122949034
7528.31,6182.600095575935,1345.7099044240658
1615.81,3033.7029298313764,-1417.8929298313765
1412.71,2840.629033055556,-1427.9190330555562
3642.95,1882.8951993183553,1760.0548006816446
2529.86,2005.9124347629297,523.9475652370704
616.25,1475.863427918005,-859.6134279180051
19535.36,9182.841324460343,10352.518675539657
1798.49,1258.0758164532656,540.4141835467344
947.86,1628.9073285357676,-681.0473285357676
3071.5,4158.613091690778,-1087.1130916907778
4644.86,5772.049864909789,-1127.1898649097893
1962.7,2271.845104645842,-309.14510464584214
2564.09,3237.1607034998474,-673.0707034998472
7201.92,5374.1984137724585,1827.7215862275416
1739.78,1530.0883216617863,209.6916783382137
2386.87,2938.552684126985,-551.6826841269849
2457.45,2166.2297558762825,291.2202441237173
2005.6,2024.689542879586,-19.089542879586133
623.71,2616.433836109526,-1992.723836109526
869.72,1058.2126989541678,-188.49269895416774
2653.01,2919.5710549106657,-266.56105491066546
1962.77,2814.7636436537978,-851.9936436537978
1796.02,2312.8822311666618,-516.8622311666618
1601.24,1892.2335357977686,-290.9935357977686
1533.77,2537.4018577617408,-1003.6318577617408
3812.25,3527.5897366983822,284.66026330161776
5383.37,4258.147172503281,1125.2228274967192
1255.22,2220.2909835949454,-965.0709835949453
2416.53,1876.0427466975414,540.4872533024588
9189.62,3802.081088253797,5387.538911746204
9746.75,5109.009580235658,4637.740419764342
11069.73,10159.480105122102,910.2498948778975
1134.61,1852.3404539281316,-717.7304539281317
14839.35,9234.907311530817,5604.442688469184
3130.3,4449.242894467093,-1318.9428944670926
1240.55,1324.2422118844652,-83.69221188446522
1200.04,2347.722345795819,-1147.682345795819
2576.04,2235.661990047305,340.3780099526948
5142.87,4534.008340048869,608.8616599511306
2496.84,1806.3199447412037,690.5200552587964
2072.56,1245.5924128409592,826.9675871590407
2635.39,2811.853365678245,-176.46336567824528
1300.09,4657.565470668998,-3357.4754706689982
1688.33,2894.5368642454323,-1206.2068642454324
777.56,1119.0180250008036,-341.4580250008037
506.01,2407.453606933652,-1901.4436069336518
691.35,1804.3922432688644,-1113.0422432688642
3242.75,4910.6727682431465,-1667.9227682431465
5810.09,3855.607053919654,1954.4829460803462
3017.61,2567.239560739538,450.37043926046226
1255.39,1436.5043654667002,-181.11436546670006
6139.05,4210.755206237746,1928.294793762254
3314.44,2592.703574859436,721.7364251405643
1996.19,3577.975243806824,-1581.785243806824
7035.23,5433.981684860028,1601.248315139972
4457.09,1666.890607977185,2790.199392022815
2301.54,2687.9872816089,-386.4472816089001
2205.51,2622.0527157789847,-416.54271577898453
1737.52,2680.0308889509483,-942.5108889509484
3314.59,3050.5221230063653,264.06787699363485
6422.32,9737.78488284271,-3315.4648828427107
1940.39,1969.6761976022788,-29.286197602278662
2786.73,1718.3954811060921,1068.334518893908
911.76,1920.9854066265864,-1009.2254066265864
1300.58,1759.767397226555,-459.18739722655505
1501.56,1960.9916887578574,-459.4316887578575
1752.67,1789.3795454877281,-36.709545487728064
881.83,2399.4456771073346,-1517.6156771073347
3684.74,3563.174676130898,121.56532386910158
486.19,1244.2014801227053,-758.0114801227053
714.59,1090.6212115435105,-376.0312115435105
1730.49,1675.2942800451679,55.19571995483216
1622.81,1377.6596308749433,245.1503691250566
2023.16,1735.7973505193718,287.3626494806283
1462.13,1604.8103674755905,-142.6803674755904
2893.48,3544.9820650894294,-651.5020650894294
1691.95,2130.923467488546,-438.973467488546
7587.78,3452.041518427935,4135.738481572065
4052.74,3264.3482919067783,788.3917080932215
557.25,1294.739150502003,-737.489150502003
935.03,1254.207413934909,-319.17741393490905
638.13,1763.765531957349,-1125.635531957349
764.53,1587.9141177483245,-823.3841177483246
1732.53,1561.068036867005,171.46196313299492
6930.48,4557.752816650135,2372.7271833498644
2946.97,2635.5567368798484,311.41326312015144
4301.12,5945.130151764069,-1644.0101517640687
2951.5,2356.4244440105235,595.0755559894765
3544.22,5857.4913592398625,-2313.2713592398627
1576.54,1742.8757095063283,-166.33570950632839
7340.22,5642.255661753519,1697.964338246481
956.83,1447.9099024214086,-491.0799024214085
1057.8,1049.5638990024795,8.236100997520452
2035.9,5811.9449691514355,-3776.0449691514355
2001.35,2116.6506409596345,-115.30064095963462
1703.35,2279.8902273889,-576.5402273888999
18689.59,14616.17568130952,4073.4143186904803
840.5,1356.439034128473,-515.9390341284729
5717.97,4780.705109313025,937.2648906869754
578.59,1765.5893754382112,-1186.9993754382112
771.54,1617.0396970863526,-845.4996970863526
683.83,2614.5262739488685,-1930.6962739488686
11524.11,5110.236952178935,6413.8730478210655
1350.0,4273.387645751932,-2923.387645751932
4309.82,2789.0420932733145,1520.7779067266852
1977.31,2951.894375863952,-974.5843758639521
1166.62,1861.0991361353726,-694.4791361353728
5454.65,4268.336578366028,1186.3134216339713
2154.64,1561.165645856352,593.4743541436478
633.95,1258.4028214391906,-624.4528214391905
3876.1,7452.07226614173,-3575.9722661417304
3618.3,5051.534792403248,-1433.2347924032474
772.54,1566.2597451833954,-793.7197451833954
2929.66,6368.77111541032,-3439.11111541032
8750.1,5086.954041823655,3663.1459581763456
1610.38,1402.701986305972,207.6780136940281
2536.87,1577.8095207411636,959.0604792588363
778.95,1701.2655228039387,-922.3155228039386
3344.63,2034.929183607701,1309.7008163922992
2546.52,3176.045307889894,-629.5253078898941
1620.44,1549.415454253966,71.02454574603416
6269.6,2703.6884709300734,3565.911529069927
1528.85,3161.8080315349334,-1632.9580315349335
1236.07,1333.8666363133632,-97.79663631336325
1694.51,1561.6941332592562,132.8158667407438
680.16,3791.8635151348262,-3111.7035151348264
2655.3,10942.31996154762,-8287.01996154762
1704.98,1766.3669050332712,-61.386905033271205
1584.27,2691.564038659664,-1107.2940386596642
862.77,2774.3532468756152,-1911.5832468756153
1261.78,2324.8518178921727,-1063.0718178921727
5145.5,3765.346683584628,1380.153316415372
6544.95,3792.19993139639,2752.7500686036096
4103.38,5234.895565237425,-1131.515565237425
2883.62,4403.471127791992,-1519.8511277919924
11389.57,10400.993454430345,988.5765455696546
399.67,1120.9508244456736,-721.2808244456735
538.51,1084.0288614763692,-545.5188614763692
1657.32,2676.1754915236397,-1018.8554915236398
5254.28,2910.243478976893,2344.0365210231066
1152.68,1032.96443651341,119.7155634865901
2826.69,2591.1207718253972,235.5692281746028
1773.92,1645.3316511002806,128.58834889971945
2998.9,3497.833056877174,-498.93305687717384
997.5,1349.685257577007,-352.18525757700695
1084.14,1538.418896997025,-454.27889699702496
1373.95,2626.809494941352,-1252.859494941352
1521.49,2425.5409597040184,-904.0509597040184
2931.21,1748.2773540652968,1182.9326459347033
1695.0,2367.785697891201,-672.7856978912009
5022.71,6417.019516134398,-1394.309516134398
1347.66,1808.1668892384484,-460.50688923844837
850.68,1157.3135271456263,-306.6335271456263
5907.17,7064.280656008754,-1157.1106560087537
5956.99,4977.043402918258,979.9465970817419
2047.92,1553.9056406859297,494.01435931407036
7120.71,4728.044239338011,2392.665760661989
2124.03,1299.942593639962,824.0874063600381
5611.56,6760.567710810494,-1149.0077108104933
1527.28,2196.495898554115,-669.2158985541148
8982.33,7150.106860524444,1832.2231394755563
7726.78,6827.107694229348,899.6723057706513
4821.1,1680.0267368678658,3141.0732631321343
647.56,1767.5289830771849,-1119.968983077185
3255.9,5540.887559963285,-2284.9875599632846
863.93,2119.101913731704,-1255.171913731704
3089.03,4442.290765663198,-1353.2607656631976
2184.37,3369.367253771253,-1184.9972537712533
2080.85,1621.4889426415966,459.3610573584033
951.65,1297.7909757781886,-346.1409757781886
8091.51,12555.831533690474,-4464.321533690474
989.82,1642.663437755256,-652.8434377552559
3767.67,5386.141362746251,-1618.4713627462506
2661.34,1388.7670174234431,1272.572982576557
566.9,1945.2012929263105,-1378.3012929263105
7939.91,5840.658848412698,2099.251151587302
8266.66,4856.56555717403,3410.09444282597
4641.17,4656.800598227929,-15.630598227929113
1006.15,1613.5138461503009,-607.3638461503009
4782.79,3486.5973167258558,1296.1926832741442
2249.41,6054.6340262996,-3805.2240262996
8735.58,5506.450602814113,3229.129397185887
2501.02,2937.242768978214,-436.22276897821394
1305.27,4835.687737776996,-3530.417737776996
925.07,2379.2897227800327,-1454.2197227800325
2048.53,1936.8615192469033,111.6684807530969
1320.39,1105.9859705866238,214.4040294133763
1621.9,2289.360847464197,-667.4608474641968
5367.47,4383.609379393714,983.8606206062859
901.1,2300.377788423421,-1399.277788423421
3187.34,3535.0686961325946,-347.72869613259445
2761.62,4941.060280800902,-2179.4402808009017
6999.29,7602.175035085273,-602.8850350852726
1193.02,2410.7182335642246,-1217.6982335642247
3323.13,2455.657140716624,867.4728592833762
3578.3,3340.010488314665,238.28951168533513
3507.32,2911.1743138751335,596.1456861248666
347.64,1253.8261044268638,-906.1861044268638
2145.86,2101.177287439792,44.682712560208074
3939.35,4594.944340581477,-655.5943405814774
2409.54,1829.286690419498,580.253309580502
1912.83,1844.0924396048902,68.73756039510977
5771.6,4567.700254374064,1203.8997456259367
2065.95,3327.9820063285356,-1262.0320063285358
11802.14,8163.349715110072,3638.7902848899275
4893.62,6389.012423451164,-1495.3924234511642
934.1,1472.4635938907427,-538.3635938907427
949.09,1046.8027237387203,-97.71272373872023
5074.22,5563.246278856302,-489.02627885630136
3505.1,5873.20998992829,-2368.1099899282904
1208.36,1865.666732636457,-657.3067326364571
1271.9,1869.0571763890987,-597.1571763890986
2051.73,2283.9772557760098,-232.24725577600975
491.15,1115.0426069637447,-623.8926069637447
961.46,1581.1156069975054,-619.6556069975054
2777.34,2487.5235698173715,289.81643018262866
3538.24,4901.324724944925,-1363.0847249449253
1787.22,2464.435726214345,-677.2157262143448
11257.77,7701.80119564521,3555.9688043547903
6378.04,2122.2818691424,4255.7581308576
8450.87,5675.004853830214,2775.8651461697864
2497.53,1862.8336101289665,634.6963898710337
1681.56,5602.677544823055,-3921.1175448230547
2087.67,2006.7835715134074,80.88642848659265
2182.11,3020.825382916835,-838.7153829168351
8438.73,9140.292097333722,-701.5620973337227
2575.16,1635.3293980527787,939.8306019472211
1702.73,1598.9589615602986,103.77103843970144
5774.26,4630.135988818887,1144.124011181113
2768.11,2795.9683787441277,-27.85837874412755
3012.46,2242.366501983871,770.0934980161292
867.69,1145.6352305983319,-277.9452305983318
940.55,1900.2190648930223,-959.6690648930223
2265.83,4483.652555552117,-2217.8225555521167
5627.53,7599.983726567831,-1972.453726567831
2586.49,3487.287678541325,-900.7976785413252
2508.42,1670.1014819183454,838.3185180816547
12608.78,6050.423893648117,6558.356106351884
1913.72,1179.5991628146076,734.1208371853925
4271.3,2969.149070508494,1302.1509294915063
3407.57,4461.2429971424,-1053.6729971423997
1201.45,2139.575151255465,-938.1251512554647
5003.12,4642.69189600069,360.4281039993102
1256.17,2100.877150102912,-844.7071501029118
4504.52,3328.855379582667,1175.6646204173335
2143.64,3576.084885742297,-1432.4448857422972
7539.64,5803.6939724912445,1735.9460275087558
698.29,1829.391680608172,-1131.101680608172
3127.17,4231.0008325657955,-1103.8308325657954
1165.86,1490.4462660857876,-324.58626608578766
1419.22,1326.136592506266,93.08340749373406
1631.8,2444.9212581335382,-813.1212581335383
722.87,1617.6867533913578,-894.8167533913578
893.79,1434.701787452482,-540.911787452482
1086.85,2168.045238351005,-1081.1952383510052
1821.65,6140.318486631795,-4318.6684866317955
6687.21,1495.5691290508748,5191.640870949125
4680.64,1768.787894501823,2911.8521054981775
840.93,1218.3342840233684,-377.4042840233684
1604.6,1282.1286888564575,322.4713111435424
3986.87,1761.2749429739797,2225.59505702602
1806.6,1586.4795256250768,220.1204743749231
1723.14,2517.3930043487576,-794.2530043487575
4990.71,9145.2845002381,-4154.5745002381
1453.22,1534.4082591486326,-81.1882591486326
1302.09,2345.5085175054924,-1043.4185175054924
1753.45,1317.123829984762,436.32617001523795
1812.14,1556.687682908657,255.45231709134305
2255.21,2205.3131009353733,49.89689906462672
2138.76,3024.592759448889,-885.8327594488887
1075.36,1299.4232434092266,-224.06324340922674
1537.76,1732.0721751784936,-194.3121751784936
1352.03,1602.8584196331421,-250.82841963314218
1594.3,1800.9651284863983,-206.66512848639832
5683.37,9260.719187572273,-3577.349187572273
3660.09,3728.5900825468534,-68.50008254685326
20695.69,7785.809212420636,12909.880787579363
347.87,1164.575759921445,-816.7057599214451
6890.98,5887.464298099667,1003.5157019003327
2347.19,1962.0808799499164,385.1091200500837
5056.39,6183.822512556856,-1127.4325125568557
970.83,1362.2729205857077,-391.4429205857076
1722.44,1665.2888989923356,57.151101007664465
2125.07,2755.706467345668,-630.6364673456678
2664.28,5467.35458283654,-2803.0745828365402
793.57,1628.6278306803601,-835.0578306803601
969.59,1610.2957623181644,-640.7057623181644
3357.37,3438.276405250955,-80.90640525095523
7043.01,1972.7400617269755,5070.269938273024
2450.47,1460.247282235249,990.2227177647508
1662.8,1678.4259762968254,-15.625976296825456
3633.92,3467.4728176803687,166.44718231963134
689.86,1863.2160351992147,-1173.3560351992146
2369.55,3991.578456890343,-1622.028456890343
1656.96,2219.1009422009656,-562.1409422009656
2447.72,1762.436814703868,685.2831852961317
2418.58,4304.818441094782,-1886.2384410947825
1829.54,2083.353759231114,-253.8137592311141
437.54,1571.1287766742569,-1133.588776674257
9381.96,8833.164313095238,548.7956869047612
1630.66,2061.5454121120015,-430.8854121120014
1315.89,1613.8769063816478,-297.9869063816477
7617.7,3665.7661746910912,3951.9338253089086
8077.11,6510.467603686622,1566.6423963133775
8770.28,5178.690886798068,3591.5891132019324
2486.65,1312.6530537420551,1173.996946257945
4346.75,5997.289887261903,-1650.5398872619025
2448.93,1316.1902667450993,1132.7397332549006
2167.49,2276.48860704014,-108.99860704014009
6001.97,4627.9281845251835,1374.0418154748168
1120.19,1260.7269807226853,-140.53698072268526
6365.29,4843.537455427558,1521.7525445724423
802.89,4013.1637414134825,-3210.2737414134826
3708.57,4416.788332279874,-708.2183322798742
2946.17,3500.734049121949,-554.5640491219488
4840.87,5336.502380030875,-495.63238003087554
1730.57,1560.8888693554627,169.68113064453723
753.12,1853.2417629764473,-1100.1217629764474
948.05,1747.8531083783757,-799.8031083783758
2228.91,3283.113737233156,-1054.203737233156
7256.96,2583.504696945055,4673.455303054945
2150.89,2778.6418887155583,-627.7518887155584
1713.86,2126.9445726907256,-413.08457269072574
580.0,2971.148691839573,-2391.148691839573
2611.22,1805.8063652749524,805.4136347250474
1329.16,1754.0990921761338,-424.9390921761337
4387.91,3647.6878716794904,740.2221283205095
1012.23,1492.4825683945685,-480.25256839456847
4328.86,3142.56327226267,1186.2967277373295
4702.15,1483.0820590634155,3219.067940936584
765.76,1178.2433984017232,-412.4833984017232
6416.6,2904.422148861069,3512.177851138931
2042.49,2901.24395374307,-858.75395374307
3817.36,3894.9207413436,-77.56074134360006
5708.77,5820.227404228258,-111.45740422825747
715.46,1141.3324668860676,-425.8724668860675
2992.15,2559.2472848794914,432.9027151205087
1284.89,1604.0687817983562,-319.1787817983561
6083.74,3141.2259305820785,2942.5140694179213
4354.97,5511.599902410601,-1156.629902410601
8067.17,6035.889340093504,2031.280659906496
584.7,1228.8932511473106,-644.1932511473105
10476.0,7523.86423018303,2952.1357698169704
4258.88,3493.8226785613615,765.0573214386386
2202.09,2896.191770670857,-694.1017706708567
2876.8,2588.877792035819,287.9222079641813
1823.15,1512.8184027249645,310.3315972750356
699.93,1946.7785281072365,-1246.8485281072367
4222.91,4803.288666559141,-580.3786665591415
1681.36,1578.681305078509,102.67869492149089
4486.12,2613.6654082439163,1872.4545917560836
1562.06,1295.5123507644405,266.54764923555945
2398.5,2209.629577283708,188.87042271629207
1248.37,1896.2355480806132,-647.8655480806133
3670.25,3079.4388008041637,590.8111991958363
3716.73,2947.032873848516,769.6971261514841
2954.87,4081.7741805782302,-1126.9041805782304
9230.39,4964.799677376069,4265.590322623931
1263.47,1230.8178036315956,32.652196368404475
903.21,2792.9076367955,-1889.6976367954999
1492.41,1729.7365938471544,-237.3265938471543
4800.49,2579.717212384279,2220.772787615721
2438.18,3014.357101356266,-576.1771013562661
3269.77,4052.19787556402,-782.4278755640198
2647.18,2514.219164254473,132.96083574552677
998.27,1715.5399023812868,-717.2699023812868
7528.4,8065.12045868742,-536.7204586874204
533.0,2858.345875553747,-2325.345875553747
2185.49,2104.1129328811467,81.37706711885312
1083.0,2069.9744285638053,-986.9744285638053
3879.15,2412.1388826043503,1467.0111173956498
942.69,1374.3359164384854,-431.6459164384853
1724.78,2533.329053106777,-808.5490531067769
9654.41,3694.049377496219,5960.36062250378
7601.97,4441.390046173866,3160.5799538261344
1902.31,2096.065221057765,-193.75522105776508
2437.13,2234.6059120097802,202.52408799021987
543.6,999.9979023925533,-456.3979023925533
2324.2,1705.4907020196529,618.709297980347
738.16,2218.259686930959,-1480.0996869309593
1754.69,1474.6556878949161,280.0343121050839
1029.01,1524.3327812944349,-495.3227812944349
639.34,1345.9065579634896,-706.5665579634896
1652.84,1725.9218908607684,-73.08189086076845
3686.1,4065.3032881932554,-379.2032881932555
7774.71,8036.308904845262,-261.59890484526204
1298.83,1606.1468315806515,-307.3168315806515
851.77,1587.1346836585137,-735.3646836585137
903.92,2331.22867374201,-1427.30867374201
4561.88,3469.119517208056,1092.760482791944
1100.38,1134.5673397726796,-34.18733977267948
947.32,1271.4517189659255,-324.1317189659254
3659.81,7410.442414630408,-3750.632414630408
3892.39,3072.143512064572,820.2464879354279
1142.78,3033.299943584911,-1890.519943584911
4400.55,5607.046721679895,-1206.496721679895
1015.99,1323.910724765622,-307.920724765622
6093.34,4123.544271408096,1969.7957285919038
3739.07,6026.425715975788,-2287.355715975788
2134.75,3478.4204334561723,-1343.6704334561723
7268.87,7655.478525654816,-386.6085256548158
844.29,1247.5279942873563,-403.2379942873563
3884.4,6203.075514176374,-2318.675514176374
1812.14,2306.0761910119427,-493.9361910119426
1113.13,2613.210596636068,-1500.080596636068
4409.8,4421.116759774455,-11.316759774455022
5053.46,2881.2543914284324,2172.2056085715676
655.4,835.7832243873414,-180.38322438734144
2532.11,4477.3090849106875,-1945.1990849106874
2173.28,2443.9943976656314,-270.71439766563117
1483.48,1370.8677703550316,112.61222964496847
660.66,1593.1528823223819,-932.4928823223819
2704.88,1728.2862236981923,976.5937763018078
584.86,1314.5558583714678,-729.6958583714678
7154.84,6767.849633858639,386.99036614136094
3670.47,3241.4970203379285,428.97297966207134
7126.38,3729.095434581681,3397.2845654183193
6341.8,2627.9102565670146,3713.8897434329856
1829.98,2025.3162144404816,-195.33621444048163
1974.14,1632.404289685643,341.735710314357
1068.62,1710.33286462018,-641.7128646201802
4078.29,5459.020958133653,-1380.730958133653
3212.54,3353.195977709954,-140.6559777099542
1864.19,1271.5990697125212,592.5909302874788
1437.24,2088.430491449677,-651.190491449677
1024.8,1596.4156403707266,-571.6156403707266
2048.92,1996.4432274845558,52.47677251544428
791.77,1314.4065223954676,-522.6365223954676
889.92,2885.1615330952714,-1995.2415330952713
724.17,1632.5739092988879,-908.4039092988879
922.77,2034.3150744689735,-1111.5450744689736
2996.46,3723.5798948868237,-727.1198948868237
1961.49,3447.6362866454497,-1486.1462866454497
4680.24,8374.102589738293,-3693.8625897382935
810.59,2210.905579413759,-1400.3155794137588
2161.31,1551.833891397769,609.4761086022309
1516.69,1665.2911414708067,-148.60114147080662
3727.08,5526.890299489589,-1799.810299489589
6883.0,8497.920785331948,-1614.9207853319476
1301.12,1464.64285289225,-163.52285289225006
3085.77,2459.03338477083,626.7366152291702
5497.11,4148.973137481703,1348.1368625182968
1125.45,1876.2544362245978,-750.8044362245978
2387.19,2071.201181409787,315.9888185902132
3500.05,4322.833103701361,-822.7831037013611
1693.04,2190.6539101182466,-497.6139101182466
3367.19,5001.122010009729,-1633.9320100097289
1307.98,2082.971725237703,-774.9917252377031
2152.19,1377.0636680823438,775.1263319176562
2195.81,2680.490128222993,-484.68012822299306
1110.44,2402.6688915598656,-1292.2288915598656
535.62,1468.0282124658418,-932.4082124658418
3403.54,2957.2747197946087,446.26528020539126
1891.81,1749.1707070108107,142.63929298918924
4559.71,2558.489824070046,2001.2201759299542
2335.68,2751.052175300603,-415.372175300603
583.35,6153.395632973851,-5570.045632973851
1150.28,2248.651542641761,-1098.371542641761
1295.16,2054.931183444794,-759.7711834447939
2154.45,1531.5399488936052,622.9100511063946
4979.15,3242.674655833447,1736.4753441665525
1130.8,1467.138982323171,-336.33898232317097
816.8,1237.02439322056,-420.22439322055993
890.58,2123.4560766965474,-1232.8760766965474
1614.88,1604.5591328819019,10.32086711809825
4169.3,5947.288197248953,-1777.988197248953
3467.73,4759.645733975934,-1291.9157339759336
5430.3,6249.744740399587,-819.4447403995864
2608.02,2624.0117513596883,-15.991751359688351
7496.38,5045.838930476192,2450.541069523808
5377.32,5264.228109387667,113.09189061233246
21688.63,6663.005583556231,15025.62441644377
6768.82,5558.327653870079,1210.4923461299204
1576.57,1764.3366433818883,-187.76664338188834
4704.3,2970.4285756252693,1733.8714243747309
1608.69,3730.068719085058,-2121.378719085058
1860.27,1210.4334931526073,649.8365068473927
4051.87,2994.0323544057674,1057.8376455942325
2602.56,4650.855757174366,-2048.295757174366
1629.8,4469.203508140487,-2839.4035081404872
950.77,1743.7136684195307,-792.9436684195307
1856.11,2500.998140822894,-644.8881408228942
5489.78,5026.183072152652,463.5969278473476
1495.05,1805.0087766501588,-309.9587766501588
2057.21,2850.5203785074355,-793.3103785074354
2229.35,1976.2373948011757,253.1126051988242
1099.82,1999.7631003453532,-899.9431003453533
3368.01,5666.673488967303,-2298.6634889673023
3257.42,2058.663924819957,1198.756075180043
2941.11,2175.7384556840857,765.3715443159144
5511.24,6605.958627134831,-1094.718627134831
702.34,1540.848802156553,-838.5088021565529
2493.71,2848.773820680966,-355.0638206809658
2899.07,2115.313846198532,783.7561538014684
4960.16,3483.283042867535,1476.8769571324647
6113.52,6227.515823868995,-113.9958238689942
2560.34,5144.255627717411,-2583.9156277174106
2906.84,2430.3130537088578,476.5269462911424
1016.52,3079.148251417788,-2062.628251417788
1966.0,1747.7796930879233,218.2203069120767
3646.41,2364.6082961730917,1281.8017038269081
2653.99,2032.6265318099404,621.3634681900594
735.21,1139.9046195997541,-404.6946195997541
6286.43,5069.696498465974,1216.733501534026
2140.75,1845.5009989473008,295.2490010526992
2660.7,3136.1963782631374,-475.49637826313756
2668.94,2337.1418338397502,331.7981661602498
1644.99,943.8921115882745,701.0978884117255
3437.26,3846.0907792273956,-408.8307792273954
6058.44,5818.1439067964175,240.29609320358213
786.81,1237.969880583341,-451.15988058334096
8648.04,5370.263124908627,3277.7768750913738
2307.3,1832.3586417211666,474.9413582788336
3922.61,3355.2045779599453,567.4054220400549
538.85,5420.99094302605,-4882.14094302605
4228.94,1586.836466447509,2642.1035335524903
714.55,1829.6889907587333,-1115.1389907587334
2381.74,2906.0016743036,-524.2616743036001
1647.63,2645.5952813328936,-997.9652813328935
2932.73,3274.6156715241286,-341.8856715241286
772.9,1463.089530356613,-690.1895303566131
5497.0,4624.109569163274,872.8904308367264
839.48,1580.2489812202102,-740.7689812202102
750.4,1266.6302533657038,-516.2302533657038
1297.57,1237.9455787182376,59.62442128176235
1373.28,1786.034853571483,-412.75485357148295
8039.82,5630.445284441428,2409.3747155585716
835.0,3132.8083573267227,-2297.8083573267227
3065.49,2077.8393789770466,987.6506210229531
8590.69,9622.568923874462,-1031.8789238744612
3951.35,2997.831990280648,953.518009719352
3202.37,2492.7118792672895,709.6581207327104
272.23,1396.3209738176624,-1124.0909738176624
2391.11,1665.4041562212901,725.70584377871
5525.55,6812.891600443192,-1287.341600443192
2941.65,3349.973393240782,-408.323393240782
687.86,1321.222347439331,-633.3623474393311
2797.9,3113.7081764502577,-315.80817645025763
1253.59,2565.2217159107554,-1311.6317159107555
3930.29,2047.8769990185365,1882.4130009814635
1517.08,2485.1582291393424,-968.0782291393425
2195.96,2720.9974702787904,-525.0374702787904
2621.15,3096.7728825289996,-475.6228825289995
8174.69,5760.3985794763275,2414.291420523672
9911.79,7579.124993318795,2332.6650066812063
1226.27,1929.3860755454393,-703.1160755454393
1649.35,2856.852057268469,-1207.502057268469
1500.64,4178.759842328225,-2678.119842328225
1108.47,1040.7606954659032,67.70930453409687
6776.4,7065.031681978654,-288.63168197865434
1964.95,2623.2079131989794,-658.2579131989794
941.06,1635.5806484198447,-694.5206484198447
436.76,1018.7285115518498,-581.9685115518498
6675.92,5817.128847835497,858.7911521645028
3034.9,3467.231723350992,-432.331723350992
953.38,1838.9404061854282,-885.5604061854282
4166.73,2161.680089907635,2005.0499100923644
1900.74,2099.3489313209157,-198.60893132091564
1961.41,3489.5031714758607,-1528.0931714758606
405.85,1101.6966621130036,-695.8466621130036
1740.66,3474.5932649588335,-1733.9332649588334
2074.03,2413.8191763462,-339.78917634619984
2654.6,1502.8568728773864,1151.7431271226135
2160.1,2712.2312105984292,-552.1312105984293
3045.93,1948.5592222548344,1097.3707777451655
4716.07,4898.008589565278,-181.93858956527856
1400.7,1202.2047168633442,198.49528313665587
1616.82,1756.353829712652,-139.53382971265205
6012.6,4241.139812852748,1771.4601871472523
3235.84,3493.37233967713,-257.53233967713004
3596.02,2908.7333301447406,687.2866698552593
590.11,1187.9333426959245,-597.8233426959245
1935.58,2304.495758149904,-368.9157581499039
7625.06,6918.977731745399,706.0822682546013
4992.68,5082.69437576397,-90.01437576396984
1963.59,1802.6742313917982,160.9157686082017
1565.2,2517.6556195539824,-952.4556195539824
1628.32,3169.1422413495325,-1540.8222413495325
413.91,1573.2557095429083,-1159.3457095429083
3695.71,3568.0643468216954,127.64565317830466
1135.98,1523.6323537910703,-387.65235379107025
1060.02,1534.4316487719732,-474.4116487719732
1526.74,1699.2224662006336,-172.48246620063355
5280.31,10015.420348956546,-4735.110348956546
1079.07,1208.8419785595609,-129.77197855956092
1531.81,1594.9720546792837,-63.162054679283756
805.3,972.1313371094116,-166.8313371094116
3379.84,2065.2705947997883,1314.5694052002118
445.84,1655.284083453976,-1209.4440834539762
2810.84,2236.678924801868,574.161075198132
1177.08,1108.080835082371,68.99916491762883
15527.36,8125.382315562751,7401.97768443725
502.17,1096.0933251806084,-593.9233251806083
1615.9,1398.4456715172344,217.45432848276573
890.88,3084.309753145958,-2193.429753145958
1658.18,1732.2678473185304,-74.0878473185303
4220.48,3769.3949988474296,451.08500115256993
1030.79,1616.3664704815797,-585.5764704815797
2601.76,3018.355856879144,-416.59585687914387
3678.95,2702.781441869644,976.1685581303559
1018.27,1336.6556267361902,-318.38562673619026
5644.53,8129.76327010265,-2485.23327010265
970.14,2004.2340286495507,-1034.0940286495506
6835.63,1717.2478982911264,5118.382101708874
4022.41,7188.918905217607,-3166.508905217607
4184.5,5148.842793865892,-964.3427938658924
380.75,1936.5880575708736,-1555.8380575708736
465.8,1613.2110714545418,-1147.4110714545418
1809.69,2626.9225589701327,-817.2325589701327
5620.02,3131.076997861158,2488.9430021388425
3220.21,1171.4355008983296,2048.7744991016707
3890.72,1368.8040787097634,2521.9159212902364
5072.79,3137.460153011561,1935.329846988439
9863.93,5596.019068598881,4267.910931401119
9675.88,9910.639525598966,-234.75952559896723
6059.41,4263.827892359306,1795.5821076406937
1804.39,3095.199039270592,-1290.809039270592
830.45,1603.1551249817949,-772.7051249817948
1193.6,1000.6344771365654,192.96552286343456
4088.63,2952.961651193797,1135.668348806203
2743.94,4227.881605182868,-1483.941605182868
2192.42,1921.0999009147592,271.3200990852408
6117.4,4036.4497742935496,2080.95022570645
295.46,1214.3068604419582,-918.8468604419581
4052.41,2805.1818263420446,1247.2281736579553
5238.48,5325.485919010537,-87.00591901053758
778.58,973.3336572856294,-194.7536572856294
825.26,2020.2435167139442,-1194.9835167139443
4710.25,3528.427192640167,1181.822807359833
3992.97,3786.7416488684703,206.2283511315295
1691.26,2420.3109324556835,-729.0509324556836
2613.75,2780.2545200452573,-166.50452004525732
1145.01,1184.5698536548662,-39.559853654866174
2090.56,2102.906861537662,-12.34686153766188
1879.36,4206.8897778507135,-2327.529777850714
623.5,1862.8772130631635,-1239.3772130631635
1976.98,1825.1978600793652,151.7821399206348
1349.48,1474.417655846768,-124.93765584676794
2047.35,4937.349890479126,-2889.999890479126
715.28,1152.4875428257544,-437.20754282575444
7225.54,11453.852312976187,-4228.312312976187
1058.22,2389.593199422978,-1331.3731994229781
8109.78,7211.963927597402,897.8160724025975
1235.1,2137.222820740077,-902.1228207400773
4286.83,8068.580557092672,-3781.7505570926724
2899.16,2046.8842732306161,852.2757267693837
2384.79,2398.9544379691106,-14.164437969110622
11418.97,6502.659261399708,4916.310738600291
1807.43,5856.041916693959,-4048.611916693959
5364.13,2155.5465502908396,3208.5834497091605
1190.0,7933.278755204535,-6743.278755204535
2970.65,5334.982585498112,-2364.3325854981117
2116.53,2844.3494121068625,-727.8194121068623
2583.19,4164.109370710013,-1580.9193707100126
3735.74,2633.5816457969445,1102.1583542030553
815.95,1642.5990879498893,-826.6490879498892
729.74,1081.6323824582626,-351.89238245826255
2777.94,1908.291783239026,869.648216760974
3143.22,4005.395647785514,-862.1756477855142
12998.52,10081.666575199772,2916.853424800229
726.35,3482.1279915086775,-2755.7779915086776
1395.38,1130.1135267335387,265.2664732664614
2274.09,1868.2208443272257,405.86915567277447
773.52,3427.253058563573,-2653.733058563573
2663.25,3187.9900400033225,-524.7400400033225
1739.02,1846.0700048997387,-107.05000489973872
6498.35,5468.984180940217,1029.3658190597835
1742.23,1394.3002845081794,347.9297154918206
2025.49,3152.6728682551898,-1127.1828682551898
733.76,858.7291849229305,-124.96918492293048
2023.09,3138.271398498103,-1115.181398498103
7666.62,9171.012285600274,-1504.3922856002746
6304.74,5893.28979001038,411.4502099896199
5825.19,5129.3019819839365,695.8880180160631
654.23,1147.759494755447,-493.5294947554469
3467.2,2365.532397808982,1101.667602191018
1245.55,1859.55830753995,-614.00830753995
1170.2,1070.7075054880324,99.4924945119676
5638.4,4146.943904669754,1491.4560953302453
6823.98,6303.752568300599,520.2274316994008
6233.45,4126.087679245256,2107.3623207547435
4203.77,2951.1826888689957,1252.5873111310048
2221.5,2794.391600178915,-572.8916001789148
3911.96,3051.4314272674064,860.5285727325936
2868.78,1360.2116955303939,1508.5683044696063
974.63,1521.2190713858288,-546.5890713858288
737.91,1510.012922797309,-772.1029227973091
3252.41,5460.934189876857,-2208.5241898768572
3738.0,1522.2830702122883,2215.7169297877117
1463.43,2420.370843857311,-956.9408438573107
1935.66,2126.345101834799,-190.68510183479907
1631.1,1754.8561872164269,-123.75618721642695
794.23,1862.9120088581633,-1068.6820088581633
3114.86,1891.126498010259,1223.7335019897412
5222.89,4479.795445893491,743.0945541065093
1962.35,1786.2690360744987,176.08096392550124
2784.1,1754.2380627896594,1029.8619372103406
4769.94,2341.8731077272605,2428.066892272739
1919.08,5148.654536344537,-3229.5745363445367
9193.77,4274.052128346264,4919.717871653736
4736.71,2575.9328295021173,2160.7771704978827
338.62,1427.1327164394083,-1088.5127164394085
933.33,1472.1534232462159,-538.8234232462158
709.96,867.5604272743325,-157.60042727433245
544.88,1093.6660309104182,-548.7860309104182
4010.4,4205.80227299942,-195.4022729994199
1421.5,1456.3097568319279,-34.80975683192787
1454.45,1149.0387834728635,305.4112165271365
2930.16,2004.6194188760526,925.5405811239473
2464.0,2124.119654343429,339.8803456565711
3162.25,3315.0484981832305,-152.79849818323055
4973.87,3634.769351165128,1339.1006488348721
1266.99,1507.9964476826979,-241.00644768269785
1575.97,4836.005329946348,-3260.0353299463477
3620.58,4514.78774952409,-894.2077495240901
10026.1,8938.782141666668,1087.317858333332
3496.95,2512.069277335043,984.8807226649569
7472.18,4734.402719226977,2737.7772807730234
911.54,1543.0820605429863,-631.5420605429863
3894.3,1742.0858067495428,2152.2141932504574
1132.81,1602.6373376637548,-469.82733766375486
11453.51,8228.385297023806,3225.1247029761944
1582.97,2366.5287484233813,-783.5587484233813
3738.56,3725.745427957728,12.81457204227172
7455.82,4237.4302291867325,3218.389770813267
725.3,1972.6634387078025,-1247.3634387078025
1276.02,1554.7628517525486,-278.74285175254863
1463.65,1899.3195476359545,-435.66954763595436
1246.86,1066.096702343066,180.7632976569339
1915.47,2245.246950481093,-329.77695048109285
1820.58,2065.658670169491,-245.07867016949103
567.1,1495.1801810567172,-928.0801810567172
3875.67,2335.26261847557,1540.40738152443
4913.68,3153.1311609435957,1760.5488390564046
6319.97,5181.288821136861,1138.6811788631394
4268.44,3663.222340854515,605.2176591454845
1273.11,1323.132487275093,-50.022487275093
915.11,1345.9337883788858,-430.82378837888575
2250.96,1780.9671361679807,469.99286383201934
2617.65,3013.6164636470285,-395.9664636470284
1462.12,1688.6125116352684,-226.49251163526856
8332.53,3109.7546178514294,5222.775382148571
3651.33,2979.140556993006,672.1894430069938
2929.31,1302.599324247124,1626.7106757528759
6523.21,7700.182912074224,-1176.972912074224
2322.64,2074.99408049806,247.64591950193972
17518.38,8195.165248733852,9323.214751266149
776.2,1673.9437255585126,-897.7437255585126
581.69,1544.5411965332264,-962.8511965332264
2620.33,3966.1914296653267,-1345.8614296653268
3279.66,4610.127230819028,-1330.4672308190284
1432.34,1936.851772276659,-504.51177227665903
1927.54,3522.4468815154537,-1594.9068815154537
3159.05,2440.153888655221,718.896111344779
1506.78,3490.30781081688,-1983.5278108168802
1453.46,2390.002987971451,-936.5429879714511
5237.38,5364.917764289896,-127.53776428989568
365.3,2556.682148749091,-2191.382148749091
6047.82,5546.4435148482735,501.37648515172623
2313.11,2159.63337029086,153.47662970914007
1747.36,1737.6384449998127,9.721555000187209
6832.66,2347.2998248953213,4485.360175104679
4368.53,2865.9419870366387,1502.588012963361
2815.35,2811.22308242077,4.126917579229939
757.74,1244.1159621957677,-486.37596219576767
1453.67,3030.4632849340505,-1576.7932849340505
581.46,976.2260562049867,-394.7660562049866
2117.62,2607.7280602074093,-490.1080602074094
1920.98,3352.439282272142,-1431.459282272142
1826.76,1166.721680595823,660.038319404177
1034.36,1276.1282149747954,-241.76821497479546
584.17,2764.1990299059007,-2180.0290299059006
1295.65,2225.4170082762034,-929.7670082762033
7745.21,7888.708028306381,-143.49802830638055
4925.05,3651.562743619016,1273.487256380984
2201.95,2859.115094895936,-657.1650948959364
7178.23,4370.820207121887,2807.409792878113
1303.36,1142.7888064451363,160.5711935548636
1257.21,2947.4226065971425,-1690.2126065971424
3455.0,2127.993981812411,1327.0060181875888
3894.21,2959.7396855984925,934.4703144015075
6296.6,6170.960293034424,125.6397069655768
2989.42,2054.251120352405,935.1688796475951
5457.66,5777.746108938226,-320.08610893822606
2623.26,3211.9858347900404,-588.7258347900402
3148.57,1746.85944624038,1401.71055375962
2121.25,2662.664511216513,-541.4145112165129
2310.55,1440.0868389830957,870.4631610169045
9716.37,11933.3506465873,-2216.980646587299
5191.85,7602.094224761902,-2410.244224761902
1688.54,1621.6706633344343,66.8693366655657
2090.02,1636.8915465005161,453.12845349948384
1455.46,1520.7245537891908,-65.26455378919081
997.05,2200.9430196783533,-1203.8930196783533
1202.1,1026.9230459906612,175.17695400933871
3936.57,3016.2600336241885,920.3099663758117
1820.18,1372.2983808289014,447.8816191710987
1496.93,1158.0367935118093,338.8932064881908
9009.57,3859.316227353036,5150.253772646964
997.6,1746.8941979076449,-749.2941979076448
5708.29,9529.605841851962,-3821.3158418519624
8447.92,6981.139702406412,1466.7802975935883
1139.98,990.5874978094482,149.3925021905518
2159.04,1718.2296830363446,440.8103169636554
4880.69,2111.1740730564447,2769.515926943555
4844.23,5325.8028583764735,-481.57285837647396
893.91,2654.2313731736863,-1760.3213731736864
3773.67,1549.3273967306343,2224.342603269366
6389.2,5833.581470915527,555.6185290844733
509.97,1848.7168518441028,-1338.7468518441028
896.42,1371.312071663739,-474.8920716637391
831.9,1118.4713257360638,-286.57132573606384
677.21,1915.0500734513168,-1237.8400734513168
509.34,885.3612364396416,-376.02123643964165
629.95,970.6841091648424,-340.7341091648424
1424.13,1211.91831269523,212.21168730477007
1462.44,2167.173101839778,-704.7331018397781
5192.88,4160.588537826082,1032.2914621739183
1578.18,2023.4657782574336,-445.28577825743355
1949.56,3217.8347227399236,-1268.2747227399236
721.95,1928.997068875283,-1207.047068875283
1072.31,1158.9940796984313,-86.68407969843133
1806.0,2140.129938253749,-334.12993825374906
1097.94,3264.5007777983687,-2166.5607777983687
2187.0,5047.253377915409,-2860.253377915409
1219.89,1845.5875044554155,-625.6975044554154
2968.69,2501.6986592717994,466.9913407282006
1553.78,1486.8895511531912,66.8904488468088
717.2,3585.952689629583,-2868.752689629583
5443.89,3843.039017199223,1600.8509828007773
2151.69,1637.5063584414756,514.1836415585244
3840.69,3669.384759029498,171.30524097050193
3926.72,2476.9192612264296,1449.8007387735702
1319.71,2552.0228015954144,-1232.3128015954144
17216.61,7006.929111745574,10209.680888254426
1239.17,1970.1864770773966,-731.0164770773965
4912.92,2903.2547093269827,2009.6652906730174
3512.34,3002.1701861137767,510.16981388622344
3877.16,6465.221497961478,-2588.0614979614784
3630.77,3653.3979832985115,-22.62798329851148
4777.24,4400.041724456966,377.19827554303356
7246.44,2272.75519256431,4973.684807435689
3968.87,4964.687233648414,-995.817233648414
2150.53,6065.250638461509,-3914.7206384615088
3094.82,2351.102047689007,743.717952310993
4527.05,5247.956514643029,-720.9065146430285
5874.21,2529.9294207966873,3344.2805792033128
3547.4,2328.065406785715,1219.3345932142852
3099.34,2733.822070741086,365.51792925891414
831.55,1298.0660480736371,-466.5160480736372
4150.65,2725.1735296500965,1425.4764703499031
2775.72,2057.1503072568853,718.5696927431145
882.47,1104.4125583445377,-221.9425583445377
2500.86,5727.991436795191,-3227.1314367951904
3799.04,4975.44602150557,-1176.4060215055697
1667.38,1842.333448415087,-174.953448415087
3740.27,4114.321831327568,-374.0518313275684
901.06,5595.638610619233,-4694.578610619234
1012.98,2382.020668315688,-1369.040668315688
1038.27,1049.8356751852493,-11.565675185249347
3424.22,2191.8656900854753,1232.3543099145245
6301.75,4310.546513231864,1991.203486768136
1494.14,1752.9370861367136,-258.79708613671346
1352.0,2495.3604088514953,-1143.3604088514953
11669.11,9622.252439047617,2046.8575609523832
1454.23,2763.2396939723117,-1309.0096939723117
903.55,1238.7784368065625,-335.2284368065625
769.64,1467.6763757287342,-698.0363757287342
1160.94,1620.2526845701964,-459.3126845701963
482.39,1394.7250887345845,-912.3350887345845
3407.55,5013.209512946347,-1605.6595129463467
570.12,977.8784429030837,-407.75844290308373
1586.04,2480.4491643218034,-894.4091643218035
2831.47,1683.6798187490965,1147.7901812509033
4192.21,4919.426364121685,-727.2163641216848
759.92,1549.257834293449,-789.337834293449
2206.27,1558.1498913657958,648.1201086342041
1832.51,3774.8914586896117,-1942.3814586896117
3049.25,2890.8593769936433,158.3906230063567
615.5,2811.426664258573,-2195.926664258573
2330.2,1377.4748579591926,952.7251420408072
4324.27,2505.8214743949457,1818.4485256050548
1106.85,2237.9136077023372,-1131.0636077023373
6809.3,5406.393482964989,1402.9065170350113
2067.88,3128.00046657373,-1060.12046657373
2563.4,3137.2138237355784,-573.8138237355784
926.72,1756.1391433105184,-829.4191433105184
1750.98,2490.230692690699,-739.250692690699
1325.15,2113.5737317237426,-788.4237317237425
5215.34,4446.766678983547,768.5733210164535
997.45,1165.921330314739,-168.4713303147389
1019.97,1442.894894360067,-422.9248943600669
1131.66,1776.5046598288377,-644.8446598288376
5387.13,6124.624325891563,-737.4943258915628
60.8,1136.8516960610511,-1076.0516960610512
10786.79,6315.989721955316,4470.800278044685
3530.97,3740.3192259519524,-209.34922595195258
2258.38,2613.7385839005283,-355.3585839005282
3071.1,6242.551092691111,-3171.451092691111
1446.61,1931.4213729846736,-484.81137298467365
5195.19,1834.9806999399852,3360.2093000600144
4054.25,2727.3450494621898,1326.9049505378102
1225.16,2333.287499372215,-1108.1274993722147
555.5,1106.5401571882978,-551.0401571882978
1366.87,1624.7272382593842,-257.8572382593843
1646.0,2063.951771104474,-417.9517711044741
682.15,1340.4266044529077,-658.2766044529077
635.89,1139.985283605209,-504.0952836052089
1577.35,1329.0752346668392,248.27476533316076
2024.03,3861.0609644530755,-1837.0309644530755
992.1,1530.343295212406,-538.243295212406
1235.09,2071.1101195268075,-836.0201195268075
873.01,1523.7168337687503,-650.7068337687504
3945.56,1651.2682654533571,2294.291734546643
549.93,1287.912480209733,-737.9824802097331
1239.98,2217.137403620438,-977.1574036204379
2079.74,1514.8096426422544,564.9303573577454
3077.4,2734.9083199556458,342.4916800443543
579.97,1787.5939214185285,-1207.6239214185284
1252.5,1737.5919906422378,-485.09199064223776
7541.77,2661.0600914861448,4880.709908513856
6934.83,4506.724180904584,2428.1058190954163
989.81,1266.287874182228,-276.4778741822281
923.89,1533.861484793818,-609.9714847938179
562.7,1498.8629857597875,-936.1629857597875
2831.09,3200.999015339712,-369.9090153397119
2430.1,3822.379238915081,-1392.279238915081
7559.95,7505.079301260895,54.87069873910514
4990.86,4890.450431488094,100.40956851190549
2115.86,1484.4756174951824,631.3843825048177
3590.32,3745.7816471484653,-155.4616471484651
719.3,1184.525287804552,-465.22528780455195
2481.13,2671.3464414704335,-190.21644147043344
3448.33,2537.352492239962,910.977507760038
1574.34,2379.7540337406977,-805.4140337406977
2296.09,3750.3569349620743,-1454.2669349620742
1185.23,1094.405614791538,90.82438520846199
2871.81,1592.4134812649988,1279.396518735001
6352.24,3442.6039736839734,2909.6360263160263
9200.5,9134.497068838404,66.00293116159628
368.87,2604.972453120254,-2236.1024531202543
1745.71,2434.115871023256,-688.4058710232562
3293.4,2630.974505100697,662.425494899303
1596.43,1556.1204262442216,40.3095737557785
1121.86,1226.8772634469997,-105.01726344699978
1022.27,3800.0022311201374,-2777.7322311201374
1505.87,1701.5131175825798,-195.64311758257986
1227.31,2182.164516705806,-954.854516705806
1327.5,2965.442792800402,-1637.942792800402
1417.88,1678.6619844274082,-260.78198442740813
954.73,2150.5137768719405,-1195.7837768719405
1470.91,1109.7591648243172,361.1508351756829
12620.13,5585.5317493362345,7034.598250663765
828.3,1518.7644092702226,-690.4644092702226
576.46,1752.5405242684,-1176.0805242684
588.34,1579.962393081676,-991.622393081676
1302.13,2078.06406927625,-775.9340692762498
1352.35,1616.0774342129992,-263.72743421299924
10076.2,9288.947051428573,787.2529485714276
1723.96,2003.852214481644,-279.89221448164403
702.12,1059.1302960433168,-357.01029604331677
4267.2,4000.596945022436,266.6030549775637
1879.69,1724.0376915050974,155.65230849490263
1607.19,2706.8658848620976,-1099.6758848620975
6615.28,6402.863452748678,212.4165472513214
1055.99,2474.6218404693773,-1418.6318404693773
2504.94,1464.915551328666,1040.024448671334
649.93,1164.0188922465627,-514.0888922465628
801.84,2067.2374883276534,-1265.3974883276533
1943.99,1530.2605138765941,413.7294861234059
1925.94,2120.1986581688766,-194.25865816887654
253.01,1259.024380628901,-1006.0143806289011
747.63,1423.1366492803343,-675.5066492803343
1352.59,1675.1828559721077,-322.5928559721078
1156.03,2082.2935088925788,-926.2635088925788
9726.36,6976.340017295479,2750.0199827045217
1819.54,1564.4682675490349,255.0717324509651
866.46,1084.1277673434392,-217.6677673434392
1365.65,858.7629593572431,506.88704064275703
2392.12,1915.053825091377,477.066174908623
3731.03,2326.6638841206823,1404.366115879318
4686.88,5972.224383261691,-1285.3443832616913
947.54,1016.7746794949686,-69.23467949496865
970.33,1218.8011247172692,-248.47112471726916
1940.17,2568.4394482554517,-628.2694482554516
2249.7,2860.1347100326325,-610.4347100326327
1813.36,1671.59003666863,141.7699633313698
983.48,2424.286991412293,-1440.806991412293
2754.17,1678.2020055340292,1075.9679944659708
1898.49,2813.4321354182202,-914.9421354182202
1291.78,1385.012607585811,-93.23260758581114
626.35,1698.3582577861441,-1072.008257786144
1517.58,1179.2875405962477,338.2924594037522
1227.26,1247.9764254565546,-20.71642545655459
3134.51,1104.4444765040525,2030.0655234959477
610.52,1590.7068292212598,-980.1868292212598
1250.28,1822.0493675845082,-571.7693675845082
1654.46,6269.098176099468,-4614.638176099468
2826.74,3405.071631389027,-578.3316313890273
681.72,1200.2717636652287,-518.5517636652287
1224.46,1573.130778754998,-348.67077875499785
3429.46,3637.5424249109765,-208.08242491097644
1226.55,3533.1147033909037,-2306.5647033909036
1216.08,1984.094285344535,-768.014285344535
1135.93,1418.8947634458098,-282.9647634458097
1108.63,1318.7754582144744,-210.14545821447427
3545.96,1974.2845022535357,1571.6754977464643
1599.25,2029.4266266528032,-430.1766266528032
5202.86,5783.948183225182,-581.0881832251825
7534.91,2369.3762584655337,5165.533741534466
1118.12,1379.6516180412434,-261.5316180412435
902.6,3110.192201189705,-2207.592201189705
1790.94,2064.819190447877,-273.87919044787714
1255.46,1282.3593974313935,-26.89939743139348
2015.41,2837.9165732605297,-822.5065732605296
1984.55,2971.4999076378926,-986.9499076378927
1142.7,1955.0077913428804,-812.3077913428804
4192.53,5708.404529034288,-1515.8745290342886
779.31,836.8018344555795,-57.49183445557958
10161.07,8005.196733171707,2155.873266828293
939.19,1830.8544109527802,-891.6644109527801
1391.49,1305.4622917166882,86.02770828331177
780.43,1326.959486972553,-546.529486972553
631.75,2025.731950052355,-1393.981950052355
965.41,2391.813105759824,-1426.403105759824
1012.81,2065.499196791085,-1052.6891967910851
1835.81,1789.4500426711916,46.35995732880838
744.83,1367.05353317651,-622.2235331765099
908.27,1203.206696717686,-294.9366967176861
2367.01,5072.902698802674,-2705.892698802674
3304.41,4345.905711638709,-1041.4957116387095
1146.48,1980.7736343040708,-834.2936343040708
1467.38,1540.006680467264,-72.6266804672639
8263.74,6031.10264060223,2232.6373593977696
1780.37,2682.544904484125,-902.1749044841249
2283.3,2128.35478826865,154.94521173135035
1423.17,2063.7227261461294,-640.5527261461293
1131.0,2330.1523567627505,-1199.1523567627505
1635.22,1114.682143083216,520.537856916784
1293.05,2145.0464463324006,-851.9964463324006
2561.1,2131.2233406866158,429.87665931338415
2376.16,2249.466053479414,126.693946520586
1306.35,1525.1374123996354,-218.7874123996355
16223.55,5418.051776376823,10805.498223623177
3249.73,3461.2816824737424,-211.5516824737424
761.45,1763.3015395435475,-1001.8515395435475
7878.64,5048.478820961042,2830.161179038958
1362.55,2698.405298280493,-1335.855298280493
1725.15,1701.0345922514443,24.115407748555754
3181.63,2265.081716679546,916.5482833204542
2079.84,1229.1712159105796,850.6687840894206
5885.77,2881.1431311064603,3004.62686889354
888.83,1396.2093343167905,-507.3793343167905
2369.07,3455.7019184066758,-1086.6319184066756
10338.98,8089.229346702007,2249.7506532979924
1779.42,2169.8954227858585,-390.4754227858584
2695.6,6920.528505459852,-4224.928505459851
650.01,1619.5821837236263,-969.5721837236263
1432.59,2743.274138650794,-1310.6841386507942
1639.35,2200.42735484523,-561.0773548452303
3908.43,3079.5417582332007,828.8882417667992
2766.77,6941.74668815056,-4174.97668815056
1010.96,1229.5994977112969,-218.63949771129683
2638.74,5397.916802915446,-2759.1768029154464
3126.23,2613.8893645348267,512.3406354651734
2815.32,4964.73499388318,-2149.41499388318
518.56,1186.2187073801897,-667.6587073801898
2547.1,2093.668665724144,453.431334275856
2148.47,1870.1068178608862,278.36318213911363
1113.56,1164.7074392321929,-51.14743923219294
1341.59,2036.3758095601565,-694.7858095601566
1239.7,1733.1936523906227,-493.49365239062263
943.38,1317.2975886781787,-373.91758867817873
7639.62,4338.086528651825,3301.533471348175
2100.38,3696.5387279359447,-1596.1587279359446
997.09,2448.1423611619234,-1451.0523611619233
3014.01,3194.3998418506467,-180.38984185064646
2582.04,1347.7122520139683,1234.3277479860317
950.75,1845.0932494159251,-894.3432494159251
899.62,2642.4788678202235,-1742.8588678202236
1206.31,1174.574412794404,31.735587205595948
3812.72,4569.797752547263,-757.0777525472636
468.66,2062.100846998238,-1593.440846998238
965.34,2171.4459461966567,-1206.1059461966565
283.66,1774.5882959766175,-1490.9282959766174
1071.64,1148.3849434369674,-76.74494343696733
712.97,1724.049710353149,-1011.079710353149
2369.51,2144.57708838426,224.93291161574007
7402.8,2845.440156357219,4557.359843642781
1886.94,3365.925208436369,-1478.9852084363688
11892.22,7029.467112750386,4862.752887249613
4510.86,1756.6892843961562,2754.1707156038437
1130.3,1580.8249254080888,-450.52492540808885
2541.57,1965.54373418323,576.0262658167701
6293.32,8168.921044075298,-1875.601044075298
2060.23,2551.8946137765106,-491.6646137765106
1783.08,3202.016940446585,-1418.9369404465851
17519.14,9448.13818014205,8071.001819857949
2741.47,1920.2438799975614,821.2261200024384
2788.99,1927.026837338956,861.9631626610437
4228.68,3682.5667268370967,546.1132731629036
11850.88,4404.914927690114,7445.965072309885
718.69,1362.3535309562576,-643.6635309562575
902.34,1255.3208212324048,-352.98082123240476
2593.71,2122.0241862597773,471.6858137402228
656.81,1408.3505107392277,-751.5405107392278
9327.73,8128.570643623862,1199.159356376137
872.8,1641.3042770792902,-768.5042770792902
1451.25,2065.892697589149,-614.6426975891491
766.19,2028.229167854582,-1262.039167854582
600.25,1085.0854069438758,-484.8354069438758
4762.7,4820.123193578155,-57.423193578155406
1977.84,1973.6030968468413,4.236903153158664
2750.53,2287.2611758197354,463.2688241802648
2147.27,1431.6959204583386,715.5740795416614
1342.84,1958.2392944600456,-615.3992944600457
1829.67,2563.7680533498087,-734.0980533498087
1961.55,1343.1691406990235,618.3808593009765
1075.77,3445.504090803407,-2369.734090803407
1797.74,2388.8769208627173,-591.1369208627173
3535.7,3720.6257033220727,-184.92570332207288
1274.38,2230.799581490952,-956.4195814909517
920.21,1118.1274294028535,-197.9174294028535
2559.2,3768.498163680837,-1209.2981636808372
869.95,4629.183264681023,-3759.233264681023
748.39,1531.2303969944574,-782.8403969944574
982.79,1811.8103308491438,-829.0203308491439
365.2,1612.5422602627739,-1247.3422602627738
5777.7,3990.7790306095453,1786.9209693904545
3127.27,1761.8244053411743,1365.4455946588257
6533.91,2266.0880933360672,4267.821906663932
7212.43,4161.7156920241205,3050.71430797588
1507.72,1520.7148970813762,-12.994897081376166
10192.0,21373.510027619042,-11181.510027619042
4993.8,4511.577245119048,482.2227548809524
1286.9,1815.5680532852618,-528.6680532852617
3559.02,3077.711488654874,481.30851134512613
1380.47,2081.5267047645143,-701.0567047645143
2680.56,2699.0098617214157,-18.4498617214158
882.67,2187.4058773875895,-1304.7358773875894
835.47,1183.231242033695,-347.761242033695
2175.89,2055.643996445189,120.24600355481107
966.75,1804.3288603255523,-837.5788603255523
1353.3,1990.4211020099333,-637.1211020099333
6929.75,4222.787717868114,2706.9622821318862
3066.42,4681.548428717147,-1615.1284287171466
2858.37,4010.03453913743,-1151.66453913743
1442.14,3418.953387863882,-1976.813387863882
1988.75,2220.840849109601,-232.0908491096011
1236.3,2745.392445289186,-1509.0924452891861
554.78,1335.7367042414305,-780.9567042414305
1712.12,1382.4491432505192,329.67085674948066
11759.6,11352.38430297619,407.2156970238102
3248.11,3842.0555863427885,-593.9455863427884
1806.6,1328.9540430569382,477.6459569430617
2830.28,3903.2438724359085,-1072.9638724359083
2863.08,1648.882009697402,1214.1979903025979
9561.2,5415.964805120941,4145.23519487906
3144.35,1825.1358434199926,1319.2141565800073
5059.29,2560.6468568184423,2498.6431431815577
4460.07,4695.504891175606,-235.43489117560603
5154.05,2936.4350259758526,2217.6149740241476
2431.57,3890.315921602405,-1458.745921602405
3179.23,4020.5185360135893,-841.2885360135892
937.59,971.2373254939821,-33.647325493982066
1775.77,3303.3084269047617,-1527.5384269047618
5158.33,4401.240612085461,757.0893879145387
1458.51,1921.0166475554843,-462.5066475554843
12227.37,6267.0222748649985,5960.347725135002
1378.3,1270.4052425265254,107.89475747347456
1241.57,1637.0130008264805,-395.44300082648056
4241.84,1191.6016941127107,3050.2383058872892
21468.43,9453.081783630285,12015.348216369715
6868.93,10104.522313968635,-3235.5923139686347
10682.34,4767.783216814373,5914.556783185627
794.0,10710.658533611113,-9916.658533611113
3756.17,2165.597574360225,1590.5724256397752
7786.93,5712.806367074298,2074.1236329257026
415.51,1374.9578124754598,-959.4478124754598
16784.14,14749.044691746029,2035.0953082539709
987.62,1306.4008085268865,-318.7808085268865
1804.4,2665.85065198622,-861.4506519862198
1450.76,2269.3768636522277,-818.6168636522277
829.86,1655.0845570196168,-825.2245570196168
2811.01,7198.079972988268,-4387.069972988268
6104.8,7338.480853793707,-1233.6808537937068
15004.87,7127.379586662401,7877.490413337599
8485.63,5907.564314683308,2578.065685316691
4570.91,4769.87364165494,-198.96364165494015
1039.75,1882.94738305498,-843.19738305498
4600.91,3063.9426755738714,1536.9673244261285
212.46,3823.8327886218844,-3611.3727886218844
1231.08,3169.932627452053,-1938.8526274520532
2037.82,2279.4930372729436,-241.6730372729437
2028.31,1794.0337448674843,234.27625513251564
2203.72,1050.3594884870517,1153.360511512948
866.57,1495.675282581433,-629.105282581433
1589.33,1154.4020631372252,434.9279368627747
3667.95,3456.486627328808,211.4633726711918
2526.61,2930.0424664633174,-403.43246646331727
3031.46,3150.985995268258,-119.52599526825816
3143.75,1758.8692516593028,1384.8807483406972
8743.62,15030.820365873018,-6287.200365873017
6820.61,4325.4944855001195,2495.11551449988
3668.86,2181.6677313082632,1487.192268691737
744.62,1572.1267594140852,-827.5067594140852
767.09,1706.0637401559597,-938.9737401559597
1451.05,1700.19473919554,-249.14473919554007
2026.02,963.9978848286754,1062.0221151713245
1848.2,1316.9695150793912,531.2304849206089
4148.61,6166.329650534846,-2017.7196505348466
1087.54,2607.5803636594774,-1520.0403636594774
3321.69,4354.32219920595,-1032.6321992059497
1201.32,2253.140566112044,-1051.820566112044
2329.36,2963.3891132793883,-634.0291132793882
1636.57,2174.663398539356,-538.093398539356
6261.72,3905.3785829731364,2356.341417026864
2352.75,2548.170870709294,-195.42087070929392
3369.7,2336.4096242025075,1033.2903757974923
1086.04,1791.1003883901008,-705.0603883901008
2340.65,3477.71301663272,-1137.06301663272
1018.37,2135.3911666262156,-1117.0211666262157
3591.98,1758.3667105110915,1833.6132894889085
8677.65,8556.270459912803,121.3795400871968
2483.04,3290.001445358634,-806.9614453586341
950.03,2489.327300894354,-1539.2973008943538
1587.06,1928.3250376588703,-341.26503765887037
2080.58,2114.8398475711265,-34.259847571126556
4276.69,2991.480742421511,1285.2092575784886
995.13,892.4281913024648,102.70180869753517
3298.92,3120.9492195136345,177.97078048636558
11755.54,6992.148064277113,4763.391935722888
9853.42,6715.022082731895,3138.3979172681047
2955.46,2166.0161853492637,789.4438146507364
2414.98,2176.9330780224045,238.0469219775955
621.34,1213.2768451988945,-591.9368451988945
2750.69,4450.458385653014,-1699.7683856530143
1129.95,1833.341848852871,-703.3918488528709
1186.39,1583.9689686484833,-397.57896864848317
1639.64,2202.582314066053,-562.9423140660531
7650.06,7163.3239715873,486.73602841270076
4040.24,3851.8934545904576,188.34654540954216
3120.59,2172.6109917521153,947.9790082478848
1896.38,1615.646331320567,280.7336686794331
1505.39,2135.6452324748475,-630.2552324748474
927.59,1609.0276435892056,-681.4376435892055
1639.96,2908.0260363535826,-1268.0660363535826
2049.44,2974.8520688926574,-925.4120688926573
4217.24,2436.4614046700126,1780.7785953299872
6489.88,5529.298987603147,960.5810123968531
5240.33,4660.019675254348,580.310324745652
3436.13,3684.062082403925,-247.93208240392505
678.29,2493.974115839545,-1815.684115839545
1543.2,2384.398657537474,-841.1986575374738
5647.82,4531.470961170268,1116.3490388297314
1483.08,2104.823090480296,-621.7430904802959
3428.21,3481.4899685214627,-53.279968521462706
1015.16,3632.6856242903,-2617.5256242903
925.56,1455.3828645027686,-529.8228645027687
8686.41,7316.331319340327,1370.0786806596725
5394.09,4400.512851636365,993.5771483636354
10570.38,7239.106721580977,3331.273278419022
6086.21,3139.140953377702,2947.069046622298
1236.23,1310.4443950080934,-74.21439500809333
952.52,3862.7021703275905,-2910.1821703275905
644.6,2185.3681228013447,-1540.7681228013448
1736.68,1466.7538093790392,269.9261906209608
2163.13,1660.7771029800329,502.35289701996726
744.56,2546.2609161068585,-1801.7009161068586
708.74,1334.3290733063457,-625.5890733063457
9564.6,8870.4148261617,694.1851738383011
2008.18,2909.6232354277913,-901.4432354277913
2150.35,2420.3051618596687,-269.9551618596688
7386.44,7912.642249290503,-526.2022492905035
816.56,1322.8935605942706,-506.3335605942707
5246.67,4253.108521782932,993.5614782170678
2090.07,1733.7199091901202,356.35009080987993
2462.76,1745.29815885949,717.4618411405102
2931.11,5161.158958431796,-2230.048958431796
5906.43,3515.6805746110967,2390.7494253889035
2124.53,1941.8452194321947,182.68478056780555
2879.51,2520.7283597806636,358.7816402193366
1817.53,1785.0301778426788,32.499822157321205
1361.25,1446.2324020258345,-84.98240202583452
6674.52,3644.164665868293,3030.3553341317074
2825.41,2916.8998836498135,-91.48988364981369
3405.85,2443.424096272698,962.4259037273018
2416.86,1757.6338599178976,659.2261400821026
3695.2,3353.968766512571,341.23123348742865
1253.88,2299.832197553255,-1045.9521975532548
2724.76,1907.960979415164,816.7990205848362
3596.38,2008.3641344083142,1588.015865591686
801.42,1377.5446957073073,-576.1246957073073
766.59,1268.710296709635,-502.120296709635
1031.62,1852.2508434711608,-820.6308434711609
1413.43,1759.8727568635431,-346.4427568635431
4789.44,2645.829667763827,2143.610332236173
728.79,1490.4640915133716,-761.6740915133716
2151.82,3460.1585779406823,-1308.3385779406822
2502.29,2456.9433864292705,45.34661357072946
1205.35,2251.5785747877335,-1046.2285747877336
607.96,981.8808635677777,-373.9208635677777
4050.24,2830.0450050934705,1220.1949949065292
4520.87,2177.181223232901,2343.6887767670987
2908.89,1484.9256903564847,1423.9643096435152
2925.15,3147.1578152528436,-222.00781525284356
4570.03,2899.3932980932404,1670.6367019067593
798.72,1725.7071886488689,-926.9871886488688
1894.02,3334.8288895444853,-1440.8088895444853
1871.06,2556.4507495034245,-685.3907495034246
1266.78,2751.0490784994554,-1484.2690784994554
1855.22,2230.451328814617,-375.2313288146172
12110.8,13242.522773610472,-1131.7227736104724
2219.14,3500.0335951684438,-1280.8935951684439
2655.35,5815.346086360628,-3159.996086360628
1299.83,2301.3035618862127,-1001.4735618862128
812.98,2070.6180866084133,-1257.6380866084132
518.72,1432.8283017985168,-914.1083017985168
533.78,2486.487603977345,-1952.707603977345
1907.9,1866.7431409599878,41.15685904001225
795.93,1414.3965363368093,-618.4665363368093
7211.89,4135.3144818463925,3076.575518153608
1279.55,2188.404983136487,-908.8549831364869
837.85,1515.6551004596624,-677.8051004596624
4791.76,2629.5726024488845,2162.1873975511157
3274.5,2512.4275812637684,762.0724187362316
2552.89,3708.9760043513156,-1156.0860043513158
1769.37,2093.6191720707066,-324.24917207070666
3337.76,4397.7277256385005,-1059.9677256385003
1058.7,1098.379218861686,-39.67921886168597
6440.81,5975.620776578676,465.18922342132464
2530.95,3879.968404867192,-1349.0184048671922
7249.49,6527.364298962509,722.1257010374911
834.39,1673.1516200210028,-838.7616200210028
2066.96,3914.4564220971615,-1847.4964220971615
1504.09,1320.3011162062623,183.78888379373757
4604.45,6250.904416014819,-1646.454416014819
1988.2,1483.83082077514,504.3691792248601
569.95,1884.750825781529,-1314.800825781529
757.92,1856.999173603377,-1099.079173603377
8982.54,6940.992011399329,2041.5479886006715
2748.18,4441.262913333334,-1693.082913333334
9055.05,10668.505402619041,-1613.4554026190417
1584.15,1626.3075173932552,-42.15751739325515
2944.16,1592.6341120745017,1351.5258879254982
5794.93,6619.70593869289,-824.7759386928901
5694.86,3760.972552704783,1933.8874472952166
3383.37,8513.6010037236,-5130.231003723599
1455.7,2784.623705699953,-1328.923705699953
4442.84,4915.861869367463,-473.0218693674633
6893.51,4102.443785006107,2791.0662149938935
1298.01,2305.032704760877,-1007.0227047608771
579.48,1115.3509530195465,-535.8709530195465
3254.75,3242.7220701420533,12.027929857946674
3002.83,2909.9321624502813,92.89783754971859
1990.91,2178.6407320692715,-187.73073206927143
6268.55,4817.355028468364,1451.194971531636
4874.66,2249.9195383403967,2624.740461659603
1869.95,2080.4223932571763,-210.47239325717624
1182.77,2784.1460519046245,-1601.3760519046245
3001.42,4360.163340527549,-1358.7433405275488
1205.41,1740.6830877375826,-535.2730877375825
7822.47,7376.14452047619,446.3254795238099
589.36,4152.5256288319915,-3563.1656288319914
5554.86,4683.300661172466,871.5593388275338
693.3,1528.1789498822175,-834.8789498822175
3182.37,3433.185366977125,-250.815366977125
2134.26,1850.156925901668,284.1030740983322
1818.17,2544.855782501366,-726.6857825013658
6170.42,1562.5767456054018,4607.843254394598
2445.43,1247.003154446832,1198.4268455531678
1525.03,1739.1409109128383,-214.11091091283834
1604.59,1929.4036895640843,-324.81368956408437
7891.27,4765.618360023103,3125.651639976897
6727.05,2828.9950345501147,3898.0549654498855
3961.31,1466.5625964338035,2494.747403566196
5501.88,3965.5007671428584,1536.3792328571417
2390.47,2989.9467173681296,-599.4767173681298
728.49,1277.8900622664225,-549.4000622664225
1609.34,2507.7631184622096,-898.4231184622097
2468.87,2942.104506866985,-473.23450686698516
1071.9,2743.0542324890407,-1671.1542324890406
1509.51,3564.8845947385103,-2055.3745947385105
4131.49,2091.218214685343,2040.2717853146569
4208.58,3668.414140916948,540.165859083052
3001.36,3602.7342178184504,-601.3742178184502
1331.52,1171.7964605740217,159.7235394259783
2895.42,2823.6269812765922,71.79301872340784
968.63,1333.088286668612,-364.458286668612
716.26,1604.5162283647237,-888.2562283647237
5587.26,2412.990106301512,3174.2698936984884
1512.25,1770.2821839811231,-258.0321839811231
1562.48,2053.01205167439,-490.53205167439
9965.2,8705.385696603696,1259.8143033963042
1918.81,2055.542307941352,-136.73230794135225
2300.28,2561.6553338388226,-261.37533383882237
4118.29,2379.338670147681,1738.9513298523188
2668.42,3129.5985118055432,-461.17851180554317
6629.0,5807.016491933604,821.9835080663961
1043.78,1584.11492217879,-540.3349221787901
2011.24,1549.8174210791412,461.42257892085877
5547.29,11339.292438096132,-5792.002438096132
2458.74,2295.760964106034,162.97903589396583
3140.33,2313.6783947338395,826.6516052661605
16759.47,13113.787915238088,3645.682084761913
1826.7,2123.063821377585,-296.36382137758505
1641.69,1628.6044319786888,13.085568021311246
2587.25,1417.6962239405445,1169.5537760594555
3589.36,3161.8988577594455,427.46114224055464
1067.12,1105.0962968127992,-37.97629681279932
3486.32,3055.8858434419562,430.4341565580439
1498.81,913.5270963426317,585.2829036573683
1808.15,1381.8628671450451,426.28713285495496
6322.07,2325.2842376222393,3996.7857623777604
775.88,1541.2361291785069,-765.3561291785069
3632.81,4217.231923891278,-584.4219238912779
1572.16,2752.3709596890526,-1180.2109596890525
717.2,1557.1741265392411,-839.9741265392411
630.39,1968.0197892414851,-1337.629789241485
4508.11,1981.111326016208,2526.9986739837914
1233.87,2683.867431889912,-1449.9974318899121
1500.54,1568.1216064359626,-67.58160643596261
5838.86,6111.828220907627,-272.96822090762726
1585.94,3952.830142360607,-2366.890142360607
7229.57,5828.402699982498,1401.1673000175015
1520.48,3243.327725303896,-1722.847725303896
1393.35,1998.9391847326042,-605.5891847326043
3141.48,5772.287089787628,-2630.8070897876282
3321.42,4294.786125997635,-973.3661259976352
6348.02,4856.723613954112,1491.2963860458885
4741.25,6035.868150670999,-1294.618150670999
1497.14,2509.933605690143,-1012.7936056901428
1532.39,1632.6189126284153,-100.22891262841517
2755.95,2623.1792904825206,132.7707095174792
654.82,1159.7103141974947,-504.8903141974946
3999.3,5103.591390889249,-1104.2913908892488
2218.6,2890.328644359199,-671.7286443591993
3758.69,3924.4327179007373,-165.74271790073726
1375.34,2663.126142279501,-1287.786142279501
9523.22,8590.351661368288,932.8683386317116
601.91,1368.834968740333,-766.9249687403329
7095.41,5253.332835017143,1842.0771649828566
4542.84,3241.3565220693363,1301.4834779306639
889.98,2358.2466214577044,-1468.2666214577043
709.73,3043.7276559043294,-2333.9976559043293
2035.96,1449.9115533444776,586.0484466555224
3138.2,2405.3447734031306,732.8552265968692
1782.56,2263.863610874419,-481.30361087441906
656.97,2254.64948533945,-1597.6794853394501
4270.4,3394.9073847729915,875.4926152270082
6649.57,3716.309420780993,2933.2605792190066
675.57,1032.749619054714,-357.17961905471395
8588.82,6245.86227723866,2342.95772276134
6050.31,6036.7697498351745,13.54025016482592
1478.99,2062.6413559090147,-583.6513559090147
6262.15,5688.822174139563,573.3278258604369
2232.11,1697.622697650896,534.4873023491041
985.47,1559.553327350309,-574.083327350309
4153.89,2595.1108556066147,1558.7791443933856
10801.72,4759.5552471942865,6042.164752805713
1264.44,1282.825430924558,-18.385430924558023
9015.27,5979.189459249194,3036.080540750806
6311.63,5736.87832564125,574.7516743587503
1038.19,1741.1223626671315,-702.9323626671314
780.85,2061.423680672633,-1280.5736806726331
2098.4,2847.0016020805842,-748.6016020805841
3305.5,4523.138604769638,-1217.6386047696378
2841.0,2587.6042792756525,253.39572072434748
752.12,1709.908580782347,-957.7885807823469
1997.18,1607.6122501999596,389.5677498000405
1112.78,3368.418255568386,-2255.638255568386
233.33,2785.174035123523,-2551.844035123523
1068.48,1568.2413686283646,-499.7613686283646
4754.8,3801.6786332046922,953.121366795308
903.33,1279.7210796911202,-376.3910796911201
668.96,985.5856374850648,-316.6256374850648
3170.44,3444.616021763561,-274.17602176356104
2161.37,1665.2658886300057,496.10411136999414
9819.92,5955.10643534679,3864.81356465321
784.34,834.1168883583159,-49.77688835831589
3274.01,3060.37743270162,213.6325672983803
4384.35,6050.838129294871,-1666.4881292948703
2005.35,1805.3194242052416,200.0305757947583
1092.06,2539.256737085807,-1447.196737085807
690.73,2446.2762396850444,-1755.5462396850444
6999.9,9584.332041984127,-2584.432041984128
4146.32,1882.8223775746312,2263.4976224253687
1232.13,2643.863858994504,-1411.7338589945039
2717.3,3165.589920720158,-448.2899207201576
2907.97,1740.4918403900008,1167.478159609999
2058.09,2467.083084727245,-408.9930847272449
2081.73,1780.1601153021675,301.56988469783255
2418.88,3185.981747468174,-767.1017474681739
399.93,2312.6520965030254,-1912.7220965030253
3755.86,4767.781694416254,-1011.921694416254
4456.38,3755.8378687326253,700.5421312673748
2998.13,2204.308270054316,793.8217299456842
1522.73,2562.197778445119,-1039.4677784451192
3107.71,3940.2221235784946,-832.5121235784945
551.28,1264.568802768489,-713.288802768489
732.66,1351.6145393469249,-618.9545393469249
1452.07,1887.953546286458,-435.8835462864581
4965.05,2108.9680497346217,2856.0819502653785
3131.19,2447.4432323975225,683.7467676024776
2756.5,2477.083027663151,279.4169723368491
2030.17,3531.24520928423,-1501.07520928423
2635.79,2774.0387198266703,-138.24871982667037
4276.33,3086.4196661904753,1189.9103338095247
1509.78,3096.5421230672746,-1586.7621230672746
4477.63,3271.946396552132,1205.6836034478683
6345.89,3662.919837213518,2682.9701627864824
2929.35,3127.4075271031743,-198.05752710317438
2605.14,2466.7601375582453,138.37986244175454
3015.55,3170.2494850793646,-154.69948507936442
841.2,2928.0337827858834,-2086.833782785883
6463.33,9054.417181017461,-2591.0871810174613
580.0,6128.51562535414,-5548.51562535414
1080.6,1276.5349666421912,-195.93496664219128
4543.94,3608.784443354008,935.1555566459915
6254.35,4545.890165978229,1708.4598340217717
860.91,1554.545695804515,-693.635695804515
2540.11,3380.213601854069,-840.103601854069
1409.18,1621.0617655372575,-211.88176553725748
1544.58,2451.3302829625486,-906.7502829625487
1611.09,4209.097423720426,-2598.0074237204262
3310.62,1838.574834717364,1472.045165282636
1943.81,3522.4616285742395,-1578.6516285742396
801.2,1718.6933971096703,-917.4933971096702
2089.34,1711.3534535732347,377.98654642676547
3914.19,2103.102770997862,1811.087229002138
1589.56,1304.2720456915076,285.2879543084923
2168.42,1348.8362408584478,819.5837591415523
1292.2,1574.6073164609347,-282.4073164609347
2477.15,3098.3815342658622,-621.2315342658621
7731.65,5906.825665045815,1824.8243349541845
3482.48,2005.5567646684312,1476.9232353315688
2975.6,3256.2400036597583,-280.64000365975835
447.82,1448.5383413829738,-1000.7183413829739
1692.82,1424.5716407352118,268.2483592647882
2608.51,2373.031833948907,235.478166051093
1452.85,5026.698533658883,-3573.8485336588833
1399.76,2440.3046926329885,-1040.5446926329885
2422.52,1770.0052962418056,652.5147037581944
292.99,865.9484607842376,-572.9584607842376
799.91,2223.0264231248757,-1423.1164231248758
2217.51,2484.194309975647,-266.68430997564656
4491.79,4068.173499583354,423.616500416646
1000.48,1585.644063017617,-585.1640630176171
749.79,1812.7323938965399,-1062.94239389654
3264.65,2029.4755140374969,1235.1744859625032
4217.46,3385.723566552695,831.736433447305
999.11,1480.912738578051,-481.80273857805093
957.16,1842.96163492822,-885.8016349282201
1199.06,2389.553788677372,-1190.4937886773719
7758.4,8787.02024698413,-1028.62024698413
11967.36,5165.761839527982,6801.598160472018
2599.02,1493.7835831453745,1105.2364168546255
4638.59,3410.02220612812,1228.56779387188
2472.74,2038.461664160071,434.2783358399288
1487.93,2581.6824233706598,-1093.7524233706597
6397.73,3882.4632223018853,2515.2667776981143
2277.44,5328.84702794841,-3051.40702794841
1823.49,2907.847634454777,-1084.357634454777
2710.85,1697.5513605292817,1013.2986394707182
2531.19,1850.2832223740888,680.9067776259112
6297.88,7036.407866592483,-738.5278665924825
16352.5,11070.475396904762,5282.0246030952385
2696.71,1799.0822807897612,897.6277192102389
1508.16,3490.529864475231,-1982.369864475231
751.65,1705.3946562007422,-953.7446562007423
12110.34,9138.581928663947,2971.758071336053
816.48,910.1696826403146,-93.68968264031457
1175.61,3970.937432755565,-2795.3274327555655
2255.17,1873.1288712092698,382.0411287907302
14618.33,8522.974397200685,6095.3556027993145
2284.87,3010.522949389269,-725.652949389269
707.45,1471.677255467794,-764.2272554677941
1472.77,1686.100037540138,-213.33003754013794
2270.94,2848.2590554833564,-577.3190554833564
5807.81,2582.1680747663286,3225.641925233672
5076.61,5874.11877959444,-797.50877959444
2380.84,2046.5072353298872,334.33276467011297
1603.23,2451.704556930949,-848.4745569309489
5187.87,4365.233726795524,822.6362732044763
1824.39,1710.7789424916662,113.61105750833394
1224.76,1871.2014355206002,-646.4414355206002
2556.96,3403.70470479389,-846.7447047938899
1578.16,3348.2880892293456,-1770.1280892293455
2760.87,3079.5006192901583,-318.6306192901584
4240.81,3921.196671059466,319.6133289405343
10946.24,2086.452936350299,8859.787063649701
2063.48,1670.4768298426397,393.0031701573603
1443.26,3011.531989995106,-1568.271989995106
506.62,1626.9982767295576,-1120.3782767295575
4823.55,3609.5582905437186,1213.9917094562816
5271.33,3366.4073004857405,1904.9226995142594
2827.72,4320.731540646421,-1493.0115406464215
4825.14,1559.7931678262494,3265.346832173751
5160.43,4938.508537923462,221.92146207653786
5458.22,6979.900625429146,-1521.680625429146
2692.31,3252.6623059261606,-560.3523059261606
4842.2,4059.0266987570644,783.1733012429354
888.6,1195.68535775362,-307.0853577536201
1075.46,1909.6795950905548,-834.2195950905548
1160.7,2991.447160451974,-1830.747160451974
1439.54,5828.697493649791,-4389.157493649791
596.44,1402.68456189031,-806.24456189031
4098.73,4800.862310652722,-702.1323106527225
5146.56,5665.906248890941,-519.3462488909408
3616.59,3272.905314948368,343.6846850516322
2694.18,2229.124506444322,465.0554935556779
1148.74,1440.5352905333295,-291.79529053332953
4190.79,2092.8963328399054,2097.8936671600945
4130.97,2137.078013171666,1993.8919868283342
1665.1,2036.754555529452,-371.6545555294522
5473.76,6766.900019537974,-1293.1400195379738
2977.43,3226.063372738096,-248.6333727380961
7033.83,4108.465316878257,2925.364683121743
3377.53,1604.180819271119,1773.3491807288813
2502.87,2898.3552664708595,-395.48526647085964
2908.46,9298.951618881218,-6390.491618881218
3581.49,2669.07897868735,912.4110213126496
1977.72,1566.7102661681063,411.00973383189375
6731.63,7511.482803009566,-779.8528030095658
1907.15,4286.015082501144,-2378.865082501144
662.19,1354.7044726489685,-692.5144726489684
4551.12,11887.815931808726,-7336.695931808726
4655.7,1744.387367366228,2911.3126326337715
1930.58,2099.817396819006,-169.23739681900588
6024.25,6225.46537198577,-201.2153719857697
3280.76,2533.0057750817355,747.7542249182648
3895.79,2910.673285314782,985.1167146852181
2308.86,3149.9255483679076,-841.0655483679075
833.47,1295.7691991991016,-462.2991991991016
1555.25,1901.8934521844685,-346.6434521844685
660.02,1009.3044985465093,-349.2844985465093
1424.54,1996.4215489907904,-571.8815489907904
1550.07,2532.0155730540487,-981.9455730540487
5543.08,2986.5801307020506,2556.4998692979493
1586.36,1277.7667470955273,308.5932529044726
2333.99,1997.536427656434,336.45357234356584
2445.21,4760.606143196946,-2315.3961431969456
826.99,1502.9338660220913,-675.9438660220912
14395.73,10568.517942896826,3827.2120571031737
2726.8,1461.7854922954848,1265.0145077045154
9190.75,6813.2984063815165,2377.4515936184835
1460.7,2039.2049203332167,-578.5049203332167
3594.16,1939.4215074750311,1654.7384925249687
9380.26,7828.315028348764,1551.9449716512363
2324.04,2765.4917976492497,-441.4517976492498
2086.56,3414.620502624742,-1328.0605026247422
5948.65,6465.31628935515,-516.6662893551502
1130.56,1242.7755665794834,-112.2155665794835
2932.34,2238.0497787429517,694.2902212570484
3901.74,2401.1590736404933,1500.5809263595065
3237.86,5271.043388878375,-2033.1833888783744
5418.97,4967.765178116186,451.2048218838145
4863.98,3293.3876239633078,1570.5923760366918
492.94,1293.8068831748524,-800.8668831748523
3017.91,2356.8419399445424,661.0680600554574
1167.98,1693.1577425527244,-525.1777425527243
1730.99,1713.7120433498767,17.277956650123315
9203.54,6067.925512071347,3135.614487928654
4362.31,1397.3130717149613,2964.996928285039
5039.77,3466.834760161957,1572.9352398380433
1450.66,1981.3056763805278,-530.6456763805277
2924.95,3015.131855622726,-90.18185562272629
1474.06,1761.155757332776,-287.095757332776
2443.1,1949.133795617931,493.966204382069
1369.3,1542.3583014850706,-173.05830148507061
792.98,1512.201715397183,-719.2217153971831
3744.45,5471.422713647184,-1726.9727136471838
9385.31,7137.073694304272,2248.2363056957274
847.84,1980.724434216856,-1132.8844342168559
2802.6,3484.961892054103,-682.361892054103
6011.02,8851.95319040186,-2840.93319040186
623.86,1372.053689638341,-748.193689638341
2098.65,2042.0800196608916,56.5699803391085
3335.67,3434.8534839748418,-99.18348397484169
2656.89,2191.1295879864333,465.76041201356657
4774.86,7319.099523589108,-2544.239523589108
3490.99,2532.2175769950445,958.7724230049553
687.0,1944.4056393066871,-1257.4056393066871
1610.3,1896.3746940058431,-286.0746940058432
611.83,1279.8100286681415,-667.9800286681415
2369.17,3276.023484919509,-906.8534849195089
647.47,1125.4236178316553,-477.95361783165527
756.09,1552.0472749418504,-795.9572749418504
1122.02,2020.2485564990163,-898.2285564990163
1950.88,1709.2270329461262,241.6529670538739
1012.05,1630.205362798483,-618.1553627984831
3623.71,3971.7789216679007,-348.06892166790067
1057.56,2064.883724126984,-1007.323724126984
445.08,2500.638259217118,-2055.558259217118
14421.77,2918.4062058232475,11503.363794176752
2486.26,4529.783532322416,-2043.523532322416
1842.62,3112.0847609138477,-1269.4647609138478
4698.64,4001.594099042962,697.0459009570382
3648.84,1784.9170751177141,1863.922924882286
941.33,1210.6983439360115,-269.36834393601146
2591.36,4585.671705566678,-1994.3117055666776
7794.91,5618.024070477465,2176.8859295225348
1139.53,1356.1525053427758,-216.62250534277587
10476.73,6702.193021333872,3774.5369786661277
6661.02,2371.898900147256,4289.121099852744
1075.81,1312.6734353325064,-236.86343533250647
6752.51,10658.996087898411,-3906.486087898411
3475.82,2405.8530919105306,1069.9669080894696
1979.9,1340.4441472583273,639.4558527416727
4267.45,1754.2972530964735,2513.1527469035263
4161.84,3758.5700234068913,403.2699765931088
4598.01,2065.4040637037006,2532.6059362962997
2602.99,3557.9449904761505,-954.9549904761507
3885.02,2943.5386178544495,941.4813821455505
886.07,2363.453171002678,-1477.383171002678
892.31,1187.5714152450737,-295.26141524507375
2967.48,1965.1141253383123,1002.3658746616877
1924.29,2162.1174496557765,-237.8274496557765
3976.65,5962.670824862966,-1986.0208248629656
5228.94,4071.5198868705043,1157.4201131294953
1923.5,2390.27858697045,-466.77858697044985
3008.86,5080.289562158616,-2071.4295621586157
789.47,1696.7249950167545,-907.2549950167545
906.93,1409.3285254257403,-502.39852542574033
2062.93,1232.9926369539492,829.9373630460507
5000.27,5018.0678409835855,-17.797840983585047
9382.66,8307.93124535308,1074.7287546469197
3761.4,3727.0339162072482,34.36608379275185
1865.41,1596.67099924618,268.73900075382016
6474.83,6903.642771453077,-428.8127714530774
4572.39,2673.306933497956,1899.0830665020444
2118.69,2107.7455953496074,10.944404650392698
1834.13,3062.8207829811417,-1228.6907829811416
1817.84,2518.6669887411867,-700.8269887411868
1965.31,3592.99572432341,-1627.6857243234099
338.71,1842.2262849902172,-1503.5162849902172
5365.55,4056.947793036753,1308.6022069632472
1311.68,2179.2965602371887,-867.6165602371887
1110.04,1482.4114559736677,-372.3714559736677
5354.68,5147.384288692636,207.2957113073644
663.29,3733.5678501630855,-3070.2778501630855
7656.82,4409.608184161931,3247.211815838069
2802.23,4043.0147975726904,-1240.7847975726904
2273.01,1962.0298805752486,310.9801194247516
1052.69,1220.130458079841,-167.44045807984094
1107.78,1077.1064372844442,30.673562715555818
623.81,1003.2798111572349,-379.469811157235
6423.27,2623.5744550550376,3799.695544944963
11750.32,8988.409077658574,2761.9109223414252
875.67,1678.7974020366826,-803.1274020366826
2344.87,1795.4381452582975,549.4318547417024
597.98,1690.967218349404,-1092.987218349404
4772.94,2848.6838392442396,1924.25616075576
1075.19,2562.4907033428117,-1487.3007033428116
1139.43,1570.8362015010525,-431.40620150105246
6703.32,3968.0532117577327,2735.266788242267
2511.4,1951.7409973614424,559.6590026385577
4500.83,1768.220415318504,2732.609584681496
7118.87,2824.4899656053935,4294.380034394606
2373.25,3564.775301672789,-1191.5253016727888
1539.46,1919.3656489665132,-379.9056489665131
1326.48,2841.1700792388015,-1514.6900792388014
881.42,1438.9744078937347,-557.5544078937347
199.83,1301.8488507188913,-1102.0188507188914
735.22,1310.4218921040847,-575.2018921040847
2236.93,9030.501495162334,-6793.571495162334
2696.74,1937.6051331064023,759.1348668935975
1576.75,2255.353413606168,-678.603413606168
1532.6,3186.776541063708,-1654.176541063708
1425.97,2177.7293925432236,-751.7593925432236
2002.35,1833.2408004285244,169.10919957147553
6791.73,3903.4507370562114,2888.279262943788
11319.87,6846.874935646443,4472.995064353558
2132.94,3175.781901617434,-1042.841901617434
620.18,1176.717748152395,-556.537748152395
828.53,1414.3542121264895,-585.8242121264896
2534.95,1803.3706809076373,731.5793190923625
2432.24,2799.8626597171533,-367.6226597171535
1719.95,3736.587540297912,-2016.6375402979118
1963.21,1593.315262169864,369.89473783013614
2536.04,2131.357720766796,404.6822792332041
1588.16,2823.3348936607813,-1235.1748936607812
1776.19,1427.6030926328112,348.5869073671888
3784.37,5139.8530822572575,-1355.4830822572576
3604.61,2736.5548670239777,868.0551329760224
1156.95,1726.5339615718183,-569.5839615718182
1355.06,1712.8303613458793,-357.77036134587934
5889.4,4717.122354460705,1172.277645539295
2634.88,1177.2509738660708,1457.6290261339293
1032.12,1163.7279873372377,-131.60798733723777
1001.07,1156.1417154573571,-155.07171545735707
2856.63,2823.5241856103635,33.105814389636635
1665.2,2389.4820069150373,-724.2820069150373
4361.23,4649.805520983193,-288.5755209831932
1146.92,1702.114079799268,-555.1940797992679
138.45,1510.7722610151093,-1372.3222610151092
4277.12,5028.06056209439,-750.9405620943899
2228.91,2260.0903232059404,-31.180323205940567
2175.22,2562.693268735025,-387.47326873502516
2702.66,2112.197309580958,590.4626904190418
2913.64,1654.1754512442753,1259.4645487557245
1666.33,3940.272984628025,-2273.942984628025
3613.73,4076.9027035624445,-463.17270356244444
1332.83,1008.9250048599616,323.9049951400383
1035.8,1362.0012298280094,-326.20122982800945
750.0,1773.8173466838646,-1023.8173466838646
8339.55,5499.413819523574,2840.1361804764256
2651.03,3587.7036813255067,-936.6736813255065
10954.2,5702.533534742618,5251.666465257383
2680.97,3896.9261888335195,-1215.9561888335197
3567.01,2438.88738218833,1128.1226178116704
1757.27,2913.6026325476532,-1156.3326325476532
4444.89,3283.986409025974,1160.9035909740264
2297.87,4201.667352284558,-1903.7973522845577
1316.22,2590.7830053553666,-1274.5630053553666
603.0,3781.766274488049,-3178.766274488049
9017.68,5693.979709325686,3323.7002906743146
2285.1,1110.7206578134037,1174.3793421865962
1124.53,1276.864427843303,-152.33442784330305
3300.84,3052.4702555158715,248.36974448412866
1143.66,1841.7377749242444,-698.0777749242443
1431.82,1171.2091971764382,260.6108028235617
6230.88,8404.07764608185,-2173.1976460818505
711.8,2055.918770764459,-1344.1187707644592
2251.37,4362.6598391712105,-2111.2898391712106
1685.07,1485.998073225656,199.07192677434386
1869.6,1427.6856379023707,441.91436209762924
873.72,843.938058709704,29.781941290296004
5585.38,3409.683856933132,2175.696143066868
371.52,1376.36625863839,-1004.84625863839
8943.56,8790.14369883839,153.41630116160923
10336.39,5296.853592590096,5039.536407409903
1224.75,1700.034438671414,-475.2844386714139
1790.0,1399.2425808585606,390.7574191414394
1977.76,2696.5980715201067,-718.8380715201067
3786.7,6048.337048054095,-2261.6370480540954
8975.4,6507.817954846184,2467.5820451538157
4584.19,3636.376306368402,947.8136936315977
857.45,1742.2463970376818,-884.7963970376818
2936.9,2073.564801258829,863.3351987411711
3989.44,3548.4190091068735,441.0209908931265
8403.99,6368.909658224826,2035.080341775174
13055.04,8909.074734671749,4145.965265328252
2229.26,2857.3633151587383,-628.103315158738
2093.32,1703.5641934358268,389.7558065641733
1392.34,1627.737340244318,-235.397340244318
2200.43,2107.107938078258,93.3220619217418
870.54,857.9617124731626,12.578287526837357
2277.63,2307.8061549464614,-30.176154946461338
2200.56,2047.7809941187274,152.7790058812725
870.65,1702.6237088008668,-831.9737088008668
353.58,910.5429722656451,-556.962972265645
5918.0,3414.103689710903,2503.896310289097
987.7,1234.1992851057066,-246.49928510570658
3160.13,1930.9221269577042,1229.207873042296
8116.15,6367.8092381705565,1748.3407618294432
3118.12,2016.728592168943,1101.391407831057
1627.1,1450.991991061098,176.108008938902
4048.41,7125.8017292648055,-3077.3917292648057
6397.55,2781.96291575956,3615.58708424044
1306.42,1937.3225319044652,-630.9025319044651
3535.47,4872.833950872163,-1337.363950872163
2303.92,4156.561601581742,-1852.6416015817422
3947.76,3273.515449592245,674.244550407755
1008.15,1266.354337443866,-258.20433744386594
1260.64,2142.7019409944915,-882.0619409944914
4235.98,2272.098431027719,1963.8815689722805
974.81,1608.0051936407876,-633.1951936407877
2183.48,1857.4397631465429,326.04023685345715
4019.19,8862.109832468264,-4842.919832468264
3562.59,2539.199970704534,1023.3900292954663
6285.32,3610.3901274963882,2674.9298725036115
1649.63,1595.4807765776509,54.14922342234922
11373.49,8315.503202023807,3057.986797976193
462.97,1571.326474922422,-1108.356474922422
1681.75,2645.05025448777,-963.30025448777
7171.79,4359.567075390584,2812.2229246094157
1533.17,2733.007329771327,-1199.837329771327
1991.24,2698.2553827527054,-707.0153827527054
1540.85,1912.8020438739602,-371.9520438739603
4947.25,3101.05834046702,1846.1916595329799
905.51,2830.8255210643897,-1925.3155210643897
1557.92,3830.4880938364568,-2272.5680938364567
1545.52,2520.331490994015,-974.811490994015
691.69,3270.860723416731,-2579.170723416731
2113.73,2161.4487080379026,-47.718708037902616
22828.41,4302.05367000867,18526.35632999133
2668.27,1663.7066297382291,1004.5633702617708
446.04,1109.17238189746,-663.1323818974599
1906.89,1758.9004288781123,147.98957112188782
2722.26,1866.1361791179818,856.1238208820184
2881.2,2029.4744072153494,851.7255927846504
4096.25,2156.1307345269092,1940.1192654730908
5622.83,2885.279863110692,2737.550136889308
1028.47,1484.2887794179187,-455.8187794179187
3753.47,2272.6284856713232,1480.8415143286766
815.52,1929.772642508101,-1114.252642508101
1913.81,1492.07425381201,421.7357461879899
8903.79,5936.642393710057,2967.1476062899437
2458.02,3573.6092711457973,-1115.5892711457973
2500.44,1928.069863104837,572.3701368951631
1396.75,1815.1584431877743,-418.4084431877743
2269.6,1760.0347319846833,509.56526801531663
2016.69,1728.9706487453338,287.7193512546662
1932.72,3076.652772789764,-1143.9327727897642
2515.47,3086.006760288734,-570.5367602887341
3882.54,3092.3185929890165,790.2214070109835
11679.55,4009.7841856322148,7669.7658143677845
3212.4,1581.6905828560089,1630.7094171439912
1547.51,3180.8173353184607,-1633.3073353184607
8558.79,9374.33788190476,-815.5478819047585
2759.61,2720.5574314888972,39.05256851110289
2294.12,5613.7733926186975,-3319.6533926186976
3685.76,6429.405327687827,-2743.6453276878265
4599.72,4289.628857805534,310.09114219446656
670.68,1073.4931428640807,-402.81314286408076
631.01,2129.2953866621633,-1498.2853866621633
595.0,1256.623710890337,-661.623710890337
3950.9,4278.896445733346,-327.9964457333458
984.78,1513.0367187222168,-528.2567187222169
726.12,1088.0431941427917,-361.92319414279166
922.65,1761.8044447059344,-839.1544447059345
920.16,1397.674244990499,-477.5142449904989
6558.81,7276.313891810426,-717.5038918104256
1746.02,938.463115649581,807.556884350419
5964.58,5570.174628993022,394.4053710069775
1424.2,1447.149372052752,-22.94937205275187
1671.33,1166.5225371265713,504.8074628734287
1932.1,1581.093231636321,351.00676836367893
2042.41,1937.4394717447933,104.97052825520677
2449.51,3770.9877433536017,-1321.4777433536015
803.24,1595.762764037092,-792.522764037092
3788.79,3216.836783190715,571.9532168092851
4055.41,3848.3244776889223,207.0855223110775
300.12,2351.176622905304,-2051.0566229053043
1686.2,1669.2107349787423,16.98926502125778
6712.68,5134.347927791339,1578.332072208661
1237.94,2230.902501847794,-992.9625018477941
3371.89,3146.159614832346,225.73038516765382
1520.05,1517.6619942931222,2.3880057068777205
6422.37,6284.219047082186,138.1509529178138
463.16,883.685062294208,-420.525062294208
1485.39,1871.9669727490734,-386.5769727490733
2455.7,3099.1470314333983,-643.4470314333985
1798.62,1760.089527207792,38.530472792208
1482.61,2135.766313850243,-653.1563138502431
1559.12,1957.1817479512806,-398.0617479512807
4270.46,2367.4444702574665,1903.0155297425335
2982.81,1619.174583250962,1363.6354167490379
856.1,1880.764901483028,-1024.6649014830282
4002.73,3600.904401337482,401.82559866251813
2686.32,2661.6734698127775,24.646530187222652
4776.09,1909.7559223995884,2866.3340776004115
4589.93,5783.362799028815,-1193.4327990288148
2022.36,1296.1612008384384,726.1987991615615
2731.45,2725.19061713389,6.259382866109718
2388.65,2098.8799071105423,289.7700928894578
762.34,1523.6649465425985,-761.3249465425985
446.34,1494.119520070074,-1047.779520070074
3001.34,2972.089362963012,29.250637036988337
4869.12,1930.9849541226627,2938.1350458773372
1070.86,1766.2246124842693,-695.3646124842694
1564.68,3676.2768368614725,-2111.596836861472
5445.3,4349.27454167706,1096.0254583229398
4809.43,5362.191963118498,-552.761963118498
2057.96,3299.6140504545237,-1241.6540504545237
3306.47,6259.274063264943,-2952.804063264943
5958.17,2716.714480598257,3241.455519401743
1142.0,2988.2996926897445,-1846.2996926897445
1563.52,1803.2684006060279,-239.74840060602787
5954.6,6533.642660370304,-579.0426603703036
4024.68,2465.029251496864,1559.6507485031357
1413.57,1739.1779321502822,-325.6079321502823
2136.48,2928.06623574586,-791.58623574586
970.44,1842.0647890325884,-871.6247890325883
5209.66,1781.4515769469917,3428.208423053008
667.96,1882.9345930429376,-1214.9745930429376
2560.47,1594.7879099612746,965.6820900387252
4935.54,1762.5367726456361,3173.003227354364
4812.92,4747.7481688074095,65.17183119259062
901.18,1827.3850934354464,-926.2050934354464
736.65,1268.7272860761927,-532.0772860761928
3652.02,2834.7659903211934,817.2540096788066
2425.03,1516.2593990652824,908.7706009347178
1246.64,1029.2265437644464,217.41345623555367
610.87,1889.9906027532115,-1279.1206027532116
621.29,1542.4029708254416,-921.1129708254416
766.98,1145.000904699949,-378.0209046999489
1009.29,1118.444017493863,-109.15401749386297
6197.2,7236.419528952537,-1039.219528952537
1731.96,2342.1657437119693,-610.2057437119693
991.83,1110.087018752526,-118.25701875252605
3136.43,2262.6741832411367,873.7558167588631
1128.5,3223.4722724782287,-2094.9722724782287
2442.77,2192.0125970464346,250.75740295356536
6467.26,4141.455191883118,2325.8048081168827
2373.79,2125.735510620739,248.05448937926076
8116.39,4016.0836446487433,4100.306355351257
2748.05,4321.528524972495,-1573.4785249724946
1738.15,1891.8830992696305,-153.73309926963043
2116.88,2527.9979202482077,-411.1179202482076
5469.22,3726.0506214184365,1743.1693785815637
11063.68,4134.897505079103,6928.782494920897
2346.65,2324.287957780886,22.3620422191143
15275.4,8477.629061011903,6797.7709389880965
1619.74,3102.8860286228173,-1483.1460286228173
1370.6,2668.959804555252,-1298.3598045552521
1907.8,1392.543706222145,515.256293777855
2046.82,2277.3596404392283,-230.53964043922838
6315.26,2575.9169246295996,3739.3430753704006
2357.79,2402.703663046595,-44.91366304659505
2082.41,4854.7636870127,-2772.3536870127
9329.48,8668.811524007937,660.6684759920627
1213.63,1306.236298195834,-92.60629819583392
13661.13,4347.653873346131,9313.476126653868
5377.16,6977.884647197509,-1600.7246471975095
3980.87,8677.971963789681,-4697.101963789682
2411.23,1739.6077390030277,671.6222609969723
768.41,1276.233564883277,-507.8235648832771
2683.19,2530.1172553179968,153.0727446820033
840.55,3258.6811122639538,-2418.1311122639536
1141.56,1607.818370982092,-466.25837098209195
2716.61,1839.2500536290897,877.3599463709104
1994.88,1327.5616945926754,667.3183054073247
5738.18,3689.3092636485567,2048.8707363514436
1779.13,1778.9668437697076,0.16315623029254311
6865.4,5250.542825171836,1614.8571748281638
1763.66,2502.0759275332703,-738.4159275332702
1171.8,1398.7550404806152,-226.95504048061525
666.53,3143.8127390421446,-2477.2827390421444
1966.41,3314.4849624971603,-1348.0749624971602
3078.36,2521.144429275065,557.2155707249353
1345.32,1846.3526147887137,-501.0326147887138
2132.91,1438.1025307081293,694.8074692918706
8496.17,7125.868102176563,1370.3018978234368
1556.51,1522.6051993606386,33.90480063936138
9393.58,4248.144522250242,5145.435477749758
3379.08,7812.808611442153,-4433.728611442153
8446.75,2574.014104447176,5872.735895552823
2610.05,3199.300139805784,-589.2501398057839
611.4,1407.6682803832546,-796.2682803832546
1034.33,1899.5562566262474,-865.2262566262475
1933.47,2251.6863285746413,-318.21632857464124
1391.79,1270.9897089542008,120.80029104579921
2779.43,1152.765431717398,1626.6645682826017
1737.02,2294.7629255260795,-557.7429255260795
2570.23,1682.338568747931,887.891431252069
11537.43,6655.690689126983,4881.7393108730175
3032.99,2942.7788215169962,90.21117848300355
3176.41,3502.857221334384,-326.44722133438427
3104.55,2280.6132527734367,823.9367472265635
8610.93,7193.842204551869,1417.0877954481311
2136.95,2502.855325966283,-365.90532596628327
1248.72,1176.8017680056362,71.91823199436385
3855.45,2946.20129729893,909.2487027010698
2622.03,3589.238403013637,-967.2084030136366
3924.11,2445.5065411407254,1478.6034588592747
1994.76,2884.1544903007803,-889.3944903007803
5924.68,4588.659255468714,1336.0207445312863
748.42,1042.22299749369,-293.80299749369
13469.9,4968.6906626590335,8501.209337340966
8713.41,6554.173012252744,2159.2369877472556
1877.8,3417.4810903338052,-1539.6810903338053
587.26,1442.720323039616,-855.460323039616
1003.44,1777.5660645261696,-774.1260645261696
4748.97,2245.3739937696973,2503.596006230303
1115.51,1291.5125923020964,-176.00259230209645
2934.56,6155.842539481069,-3221.2825394810693
6739.17,4418.527628355437,2320.6423716445634
2746.01,4210.864385564418,-1464.8543855644175
2210.4,3120.5069872751897,-910.1069872751896
1417.73,1189.4478895773357,228.28211042266435
1085.38,2574.957265236555,-1489.577265236555
4368.2,4717.636134954245,-349.43613495424506
4904.68,3201.2157732140213,1703.464226785979
884.7,1067.062456927025,-182.36245692702505
1568.34,1511.5006378218966,56.83936217810333
3865.0,4727.713199134797,-862.7131991347969
8597.52,3794.0024332560465,4803.517566743954
10466.52,11721.890731414565,-1255.370731414565
1713.87,1243.0972946786612,470.77270532133866
4150.03,7044.838148272506,-2894.8081482725065
6123.73,6252.350893638348,-128.6208936383482
702.04,1222.041937814197,-520.0019378141969
3557.21,5060.512770443889,-1503.3027704438891
3169.95,1763.2711105662165,1406.6788894337833
4455.84,9148.298472313361,-4692.458472313361
12681.44,8499.211131429207,4182.228868570794
1258.65,3239.330088357443,-1980.6800883574429
945.61,2044.5511214113385,-1098.9411214113384
4149.82,1999.1729122583981,2150.6470877416014
1985.7,2726.555899937412,-740.855899937412
2538.97,3776.3439002638265,-1237.3739002638267
1708.5,1912.1209252641825,-203.62092526418246
2415.7,1813.6754022003367,602.0245977996631
867.23,1343.2752822344482,-476.0452822344482
2129.97,2043.9747882298655,85.99521177013435
1489.24,1486.3325960468223,2.9074039531776634
4942.91,4093.990885039112,848.9191149608878
2376.98,2588.790819062395,-211.81081906239478
4386.81,2642.925379092516,1743.8846209074845
2072.12,2014.1680972284425,57.95190277155734
1933.2,1934.8589203012334,-1.6589203012333655
3969.66,2400.581284020299,1569.078715979701
1067.19,2043.5763508483046,-976.3863508483046
3571.07,3027.296452677027,543.7735473229732
3806.47,6869.474217832971,-3063.004217832971
4785.5,3018.0788540816097,1767.4211459183903
2239.18,1329.647110783917,909.5328892160828
6189.89,6004.744727086858,185.14527291314243
2423.76,2151.5942583938936,272.1657416061066
2982.58,1227.1532531954342,1755.4267468045657
2005.08,2887.7698732698436,-882.6898732698437
4863.8,5004.398250316846,-140.59825031684613
1571.98,6082.148259527086,-4510.168259527087
5083.09,4011.6298489186197,1071.4601510813804
616.91,1645.2042407922054,-1028.2942407922055
1687.64,1661.8321093520217,25.80789064797841
3814.11,6743.218461144113,-2929.1084611441124
6583.56,5284.392771826829,1299.1672281731717
2402.93,2562.937034466674,-160.0070344666742
2323.09,2642.3318453469124,-319.2418453469122
5002.43,3840.207066331216,1162.2229336687842
1303.43,1642.7498641017546,-339.31986410175455
7284.95,5206.868840714286,2078.0811592857135
1796.6,1759.085893496953,37.51410650304683
1835.88,2529.6860059006576,-693.8060059006575
1043.07,3105.6139701060993,-2062.5439701060996
5307.92,4585.280547248539,722.6394527514612
1404.71,1639.8166084623529,-235.10660846235282
2301.38,2173.1077023623247,128.27229763767536
980.67,1008.5759745172195,-27.905974517219533
15792.69,10561.094279957677,5231.595720042324
1538.53,2114.7736370156153,-576.2436370156154
4983.33,3732.5181573643476,1250.8118426356523
4438.04,2860.8321245224543,1577.2078754775457
3060.63,2662.45875740849,398.17124259151024
6294.57,7832.714085772938,-1538.1440857729385
913.36,1485.7232194590385,-572.3632194590385
3307.34,2528.808922399423,778.5310776005772
1402.71,3717.5522969010503,-2314.8422969010503
6611.71,3345.378419723667,3266.331580276333
3925.23,4819.653832050206,-894.4238320502059
840.36,1788.7710929196683,-948.4110929196682
1269.85,1957.285824316057,-687.435824316057
3826.04,3029.125128451298,796.9148715487017
7835.17,8743.76158297619,-908.5915829761907
2347.67,1816.849957861101,530.820042138899
12687.04,11192.846060039685,1494.1939399603161
3442.42,2443.450532102636,998.9694678973642
1213.36,1615.0888173602089,-401.72881736020895
1732.05,1994.442457190298,-262.39245719029805
892.62,1282.5509441429645,-389.93094414296445
2285.56,1932.6942414431524,352.8657585568476
997.03,2562.7810047699404,-1565.7510047699404
2648.64,4511.5178177155485,-1862.8778177155486
6196.63,2314.4914799653143,3882.138520034686
1456.25,1790.887837972257,-334.6378379722571
5241.63,4671.214074309582,570.4159256904177
2037.83,2072.7182807192908,-34.88828071929083
2311.8,2938.861206821733,-627.0612068217329
1312.59,1256.1086479739752,56.48135202602475
1455.85,1806.999833553755,-351.1498335537551
1198.32,1949.852652617852,-751.5326526178521
1287.16,1514.6853367621172,-227.52533676211715
3258.36,2591.522585222084,666.8374147779159
915.6,3072.8199060730217,-2157.219906073022
4029.39,6992.664799467888,-2963.274799467888
280.76,1560.0878654123735,-1279.3278654123735
1912.99,3693.079186524489,-1780.0891865244892
1910.6,1701.707013540267,208.8929864597328
1849.77,2869.7467854930433,-1019.9767854930433
2542.54,2303.6384067476556,238.90159325234436
672.33,1321.3112987970503,-648.9812987970503
2306.46,2089.393883883091,217.06611611690914
1483.77,2065.8406080910913,-582.0706080910913
1926.84,1828.1129481198566,98.72705188014334
1508.8,2903.3339592415623,-1394.5339592415623
1530.93,1751.6123460143388,-220.6823460143387
11231.39,5319.78776669777,5911.602233302229
3393.4,7493.341557136411,-4099.941557136412
2559.53,5504.196658419831,-2944.6666584198306
1164.92,1162.4324047296025,2.4875952703976054
1074.93,3003.345249994328,-1928.4152499943277
2980.57,2216.099299710647,764.4707002893533
1352.35,2884.814581225034,-1532.4645812250342
8296.71,8394.109606097309,-97.39960609730952
3388.34,2115.7390109824178,1272.6009890175824
317.41,2223.894236707556,-1906.484236707556
1081.92,2147.440065448526,-1065.520065448526
1522.55,1878.3533504163531,-355.80335041635317
652.56,888.9083443012701,-236.34834430127012
2231.03,4740.256208945403,-2509.226208945403
784.84,1589.2550688131212,-804.4150688131211
1012.13,1436.0250192402577,-423.89501924025774
695.0,1653.868562930419,-958.8685629304191
4374.48,5196.127215829509,-821.6472158295092
977.17,2172.942985675206,-1195.7729856752057
1485.58,1532.3578396363262,-46.777839636326235
575.99,2091.7190279341903,-1515.7290279341903
4035.2,2330.3154056901176,1704.8845943098822
1297.06,1425.1580761664147,-128.09807616641478
3743.3,4382.82620838394,-639.5262083839398
2663.71,2251.176336262497,412.53366373750305
6424.03,5257.130767060455,1166.899232939545
474.22,1302.2387438896874,-828.0187438896874
5158.54,4279.168727645448,879.3712723545523
1297.77,2077.5063956583776,-779.7363956583777
2845.65,2370.3733740787884,475.2766259212117
568.61,1637.2227965436296,-1068.6127965436294
1154.6,3996.402707521067,-2841.802707521067
3228.58,1244.0265022063454,1984.5534977936545
1569.21,2778.3085280281016,-1209.0985280281016
1867.57,1738.1399187351137,129.4300812648862
4637.35,4412.646320775701,224.70367922429978
888.92,2157.5487673443104,-1268.6287673443103
2437.06,5875.895423885237,-3438.8354238852367
8437.75,5243.9665411858805,3193.7834588141195
1926.24,1910.875136523403,15.364863476597066
3417.54,2336.301228677403,1081.2387713225971
1173.59,1489.4001906653677,-315.8101906653678
6047.8,2673.5289807875915,3374.2710192124086
2350.35,1641.341824374013,709.008175625987
2183.94,1269.418383447304,914.5216165526961
4708.22,3785.2435277512686,922.9764722487316
2253.6,2508.781684744945,-255.18168474494496
1078.84,1504.0712122173668,-425.2312122173669
1237.16,1145.8390232838406,91.32097671615952
9938.88,4554.287450713158,5384.592549286841
2211.0,1489.1477828622194,721.8522171377806
1636.79,1562.6328015288684,74.15719847113155
6978.04,2278.997685157812,4699.042314842188
1328.41,1561.8748005371422,-233.46480053714208
2581.04,2734.266915527773,-153.22691552777314
5970.79,7340.629773273281,-1369.839773273281
1931.36,3480.579120238093,-1549.219120238093
1552.38,1321.556618762825,230.823381237175
3873.86,5453.621486249766,-1579.7614862497662
1169.32,2078.2504577305804,-908.9304577305804
2776.08,2777.062633899197,-0.982633899197026
949.53,1243.748108390862,-294.21810839086197
424.36,1725.9671678971101,-1301.6071678971102
1365.4,1201.198396037285,164.20160396271513
3283.96,5662.906851165753,-2378.9468511657533
4651.49,5844.586271672821,-1193.0962716728209
1595.63,1310.6058186574508,285.02418134254935
1601.01,2437.4505718997507,-836.4405718997507
1750.51,2332.546462817575,-582.036462817575
3797.27,2243.7813304021975,1553.4886695978025
740.22,3700.5983890417347,-2960.3783890417344
3205.45,3845.465475988676,-640.0154759886764
1120.82,2003.3083587573199,-882.4883587573199
7360.31,6441.004938608978,919.3050613910227
701.69,1760.0289782894604,-1058.3389782894603
5131.64,7556.3458896576285,-2424.705889657628
1672.69,1676.0688978756577,-3.3788978756576853
4026.09,3917.677591682901,108.4124083170991
2486.84,2401.0946357975304,85.74536420246977
7293.8,6121.547731893865,1172.2522681061355
4153.27,2565.5588745406258,1587.7111254593747
5393.6,2548.4640404131014,2845.135959586899
1947.09,2293.3357586618768,-346.24575866187683
1764.95,5266.12324340994,-3501.1732434099404
8813.06,7054.190970039683,1758.8690299603168
1255.36,2864.907468149218,-1609.547468149218
1241.88,2939.8705665190523,-1697.9905665190522
3372.23,3298.8085724059874,73.42142759401258
822.69,1678.491649116886,-855.801649116886
1303.9,2117.1026761402613,-813.2026761402612
1330.93,1720.7389764760474,-389.8089764760473
4986.17,4496.526284857149,489.64371514285085
2101.05,3740.5661090515605,-1639.5161090515603
1410.87,1659.0767907411253,-248.20679074112536
3814.21,1519.3362426346043,2294.8737573653957
2506.14,1344.1123536944401,1162.0276463055598
216.83,1112.3924238947384,-895.5624238947383
7456.29,3927.623769157235,3528.666230842765
7635.07,6102.625708849817,1532.4442911501828
1432.03,3593.472499216167,-2161.4424992161667
1677.74,1240.296816144539,437.44318385546103
4192.91,2600.1128236702993,1592.7971763297005
1461.9,1514.8256977756557,-52.925697775655635
1488.19,1912.2951351066981,-424.10513510669807
7890.87,4971.601222620981,2919.2687773790185
601.55,1887.6022860869439,-1286.052286086944
1520.17,1818.7738193568139,-298.6038193568138
2288.38,1422.4557335444188,865.9242664555813
6906.02,4235.1970902688145,2670.822909731186
2427.8,2221.467824562429,206.3321754375711
1811.93,1409.321715666259,402.60828433374104
6184.74,8320.952142075992,-2136.2121420759922
3143.33,2580.3288037900957,563.0011962099043
851.43,1113.5064536416785,-262.07645364167854
7823.27,5871.973209047618,1951.2967909523823
1228.93,2304.8881922640544,-1075.9581922640543
699.21,1506.1353846551544,-806.9253846551544
1063.6,1027.2911828830236,36.30881711697634
10813.59,3675.112246721437,7138.477753278563
1565.29,3448.969458651613,-1883.679458651613
517.8,1267.1380492119124,-749.3380492119124
2465.37,1751.9071625242793,713.4628374757206
4551.71,3693.7187046952113,857.9912953047888
3254.08,2349.402579895852,904.677420104148
2588.68,3583.186742726456,-994.5067427264562
5094.23,4282.450217838764,811.7797821612357
943.64,1699.4275704606844,-755.7875704606844
2279.8,2435.3322470872,-155.53224708719972
988.65,1608.8915413388565,-620.2415413388566
1808.04,1833.7491313606743,-25.70913136067429
8647.34,6638.935688438915,2008.4043115610848
1648.21,1391.3054058330404,256.90459416695967
2743.09,2457.2302696150537,285.8597303849465
1372.85,4628.595357178495,-3255.745357178495
4293.5,6629.961369325395,-2336.461369325395
336.4,1596.5586190499037,-1260.1586190499038
9949.55,5610.806330614344,4338.743669385655
7657.41,5588.443794901787,2068.9662050982124
157.18,2413.092154634353,-2255.912154634353
2879.14,2197.3925468746866,681.7474531253133
4394.78,3091.0332802456805,1303.7467197543192
2016.37,2195.320397194883,-178.95039719488295
1294.73,1958.6247965427247,-663.8947965427246
3178.38,1558.7334350157396,1619.6465649842605
2488.4,1637.723650978823,850.6763490211772
6273.74,2262.92063767784,4010.8193623221596
2600.83,2112.8787149445347,487.9512850554652
841.63,2515.633376712869,-1674.0033767128689
2073.53,3129.860543013108,-1056.3305430131077
3095.34,2570.419370771828,524.920629228172
518.64,2544.588448869071,-2025.948448869071
4333.46,4769.007067687398,-435.54706768739834
1617.88,1835.9268865976462,-218.0468865976461
1427.65,1065.1666283323862,362.48337166761394
8941.06,4571.692695384243,4369.367304615756
1822.96,1669.3221745112576,153.63782548874246
5156.14,3298.688931291615,1857.4510687083853
1696.04,2207.307766418943,-511.2677664189432
1573.82,2901.6691110596007,-1327.8491110596008
1873.36,1631.3223988420227,242.03760115797718
836.4,2070.0384347300196,-1233.6384347300195
1669.0,1204.8792398374198,464.12076016258015
7724.12,2294.4137591734993,5429.706240826501
2976.53,2992.1821029102666,-15.652102910266422
804.75,1887.0280064732467,-1082.2780064732467
2202.23,2659.4642312507203,-457.2342312507203
872.29,3248.617743101709,-2376.327743101709
2837.53,3270.529420952379,-432.99942095237884
2014.6,2193.7900935470966,-179.1900935470967
3751.23,3301.2497478383766,449.9802521616234
3347.67,2191.1011777049794,1156.5688222950207
1460.43,2472.3244911673064,-1011.8944911673063
474.85,1006.2756166028838,-531.4256166028838
1592.35,2050.2953988229697,-457.94539882296976
2586.84,1212.103195188531,1374.7368048114693
1489.05,1359.3267429864925,129.72325701350746
828.55,1430.6343971079152,-602.0843971079153
5107.0,1327.5571211836486,3779.4428788163514
5041.82,8565.187495140695,-3523.3674951406956
2285.97,3091.9123050732437,-805.9423050732439
1636.65,2561.712580728793,-925.0625807287929
1361.48,3832.5173185089425,-2471.0373185089425
688.05,1420.2586892362149,-732.2086892362149
1323.86,1296.091482050785,27.76851794921481
1757.81,1112.2215154865612,645.5884845134387
987.55,2802.6652760366437,-1815.1152760366438
650.05,7266.130855531636,-6616.080855531636
1983.81,1610.1088048431097,373.7011951568902
4208.15,2884.702668507787,1323.4473314922125
839.7,1385.7518506745876,-546.0518506745875
2582.61,1843.5407223384582,739.069277661542
881.33,856.0307874550288,25.299212544971283
1081.6,1593.6382624464954,-512.0382624464955
6921.56,7797.778301666669,-876.2183016666686
3444.7,4605.436497872269,-1160.736497872269
3019.29,2388.219155587321,631.070844412679
701.55,3867.54405999333,-3165.9940599933298
1095.52,1312.1526772745244,-216.63267727452444
2149.09,3219.095068647063,-1070.0050686470627
826.28,1283.3192193906962,-457.0392193906962
1421.79,1663.415705788677,-241.62570578867712
1009.03,1325.299453211753,-316.269453211753
1065.56,2113.455775305102,-1047.8957753051022
744.88,1916.0967187239085,-1171.2167187239083
3577.93,1132.2304197363385,2445.699580263661
7207.08,3256.5052733471302,3950.5747266528697
5372.25,5058.105018827984,314.14498117201583
1558.82,1897.5613182579627,-338.7413182579628
638.37,1467.3627257729208,-828.9927257729208
1813.03,1135.6275071811947,677.4024928188053
2209.62,1290.4423910465398,919.1776089534601
904.3,1377.8715801312487,-473.57158013124877
2090.31,2191.3633670616227,-101.0533670616228
1239.97,1245.6701776052137,-5.700177605213639
3589.12,4245.178713841696,-656.0587138416959
3050.5,1693.7774396908426,1356.7225603091574
2531.44,1722.3104456524745,809.1295543475255
4066.4,3289.618057789923,776.781942210077
530.49,1407.7349767659682,-877.2449767659682
1380.14,1319.321681839129,60.81831816087106
3744.77,3980.9499513492046,-236.17995134920466
1053.35,2226.268869380088,-1172.918869380088
3533.98,4317.435975979767,-783.4559759797671
2667.01,2466.09994892245,200.91005107755018
3206.74,2463.056373112591,743.683626887409
3303.16,5547.934567976447,-2244.7745679764475
1209.82,1259.8573789576842,-50.03737895768427
431.76,1507.3216289929178,-1075.5616289929178
838.48,1189.4035070704524,-350.9235070704524
4523.68,4836.427549326065,-312.7475493260645
1976.97,2345.0888768326504,-368.11887683265036
3573.93,3318.117944593025,255.81205540697465
5447.55,2401.1690603932675,3046.3809396067327
841.13,1282.7145880149913,-441.58458801499125
1920.32,2492.5536952852212,-572.2336952852213
4845.45,1949.2702985420087,2896.179701457991
1875.82,2774.099587968516,-898.2795879685161
465.81,1189.103065394564,-723.2930653945641
3402.42,2887.7311192552575,514.6888807447426
5851.81,4595.0670410154835,1256.742958984517
1373.46,1600.1680439532179,-226.70804395321784
4642.22,1801.4756855515268,2840.7443144484732
2433.85,1973.0089095486221,460.8410904513778
1845.67,1906.5497822112895,-60.879782211289466
871.59,1696.8152251257588,-825.2252251257588
11314.26,8084.977172680261,3229.282827319739
2662.3,2026.1329299091876,636.1670700908126
3383.89,1956.0941393267256,1427.7958606732743
1817.56,1028.8508213502796,788.7091786497203
1288.22,1360.294726745639,-72.07472674563905
7916.01,4701.315711863152,3214.6942881368486
715.36,1095.6420029165774,-380.2820029165774
2484.53,4140.312023012212,-1655.782023012212
1408.12,3439.8290577954986,-2031.7090577954987
6720.75,8020.481642742354,-1299.7316427423539
1060.88,1737.9466791115376,-677.0666791115375
2337.62,3952.5062374866275,-1614.8862374866276
1629.33,2105.174275992759,-475.84427599275887
1250.35,3132.3185303733194,-1881.9685303733195
4110.21,3275.2351495322814,834.9748504677186
2774.21,6168.450270528133,-3394.240270528133
837.86,1272.066934203068,-434.20693420306804
5905.3,5453.456330638981,451.84366936101924
835.86,1255.4060868445947,-419.5460868445947
16197.37,13024.998612619042,3172.3713873809593
1376.34,3068.9780324382086,-1692.6380324382087
2063.35,2779.5804324483265,-716.2304324483266
8105.65,6186.10527647442,1919.5447235255797
1652.68,2207.1169883494413,-554.4369883494412
3287.55,2356.8611774290202,930.6888225709799
3496.69,3409.9922577805887,86.69774221941134
1634.13,1467.4807421170742,166.6492578829259
449.44,1354.9109876024957,-905.4709876024956
331.08,1348.3360476598602,-1017.2560476598603
7366.2,2378.275704234149,4987.924295765851
869.71,1771.305788068083,-901.595788068083
1414.56,2133.8859489045176,-719.3259489045176
584.51,1601.2056233569042,-1016.6956233569042
576.9,1645.0153642270075,-1068.1153642270074
1732.25,1347.9272178059452,384.32278219405475
1786.95,1538.9336866281976,248.01631337180243
5816.97,2265.299385852297,3551.6706141477034
898.02,1455.4203377172237,-557.4003377172237
4345.68,4885.751656645021,-540.071656645021
6960.51,6677.165521505121,283.3444784948788
862.7,1018.3381165916282,-155.6381165916282
2001.32,2049.530301982373,-48.21030198237327
1939.59,1412.6291592127932,526.9608407872067
3365.37,2427.8225555212944,937.5474444787055
1289.1,3842.693560251789,-2553.5935602517893
1045.4,2504.2230520353546,-1458.8230520353545
2390.46,3031.4878448275294,-641.0278448275294
1617.72,2223.91893848678,-606.19893848678
1236.73,1071.5737785369718,165.15622146302826
8573.37,5033.612727919172,3539.7572720808284
1441.91,1651.6230456035928,-209.71304560359272
981.34,1664.334530919088,-682.9945309190879
4138.85,4862.843158836997,-723.9931588369964
677.15,1684.8728592094997,-1007.7228592094997
2699.78,3436.5922271964146,-736.8122271964144
787.58,886.0727891462443,-98.49278914624426
617.87,1552.1061948082718,-934.2361948082718
6467.05,5267.866336632388,1199.183663367612
3207.04,2503.8721878004258,703.1678121995742
1594.56,1399.3209534494586,195.2390465505414
2052.2,2195.1079581056547,-142.90795810565487
2680.42,2318.3585592521345,362.0614407478656
2334.32,2505.42087326632,-171.10087326631992
1357.23,1286.3641323651227,70.8658676348773
1435.0,4285.726748752083,-2850.726748752083
3027.9,1803.3401588676104,1224.5598411323897
942.08,2038.4033296985106,-1096.3233296985104
1611.02,1727.3051489004831,-116.28514890048314
1146.77,4417.025688551406,-3270.2556885514064
977.31,1373.5787892463238,-396.2687892463239
1901.95,2308.1667014895497,-406.2167014895497
407.38,1581.0997584154313,-1173.7197584154314
4975.24,2716.8496262138187,2258.390373786181
2984.58,2385.416112526123,599.1638874738769
2368.28,2172.49326740199,195.78673259801008
630.9,1275.5641102420593,-644.6641102420593
5115.72,2661.404715910881,2454.3152840891194
4267.62,5521.782039043337,-1254.1620390433372
1931.64,2971.0369162430998,-1039.3969162430997
4297.62,2921.896359503969,1375.7236404960308
2280.98,1828.0168258841084,452.96317411589166
825.62,1511.2319370273515,-685.6119370273515
1037.27,2658.766845661276,-1621.496845661276
4506.71,3499.014457787177,1007.695542212823
3455.1,3469.3314363058744,-14.231436305874468
4086.3,4093.796401097663,-7.496401097662783
1337.8,2612.868954218165,-1275.0689542181651
5107.98,7906.479180905387,-2798.499180905387
1984.93,2197.6925688927995,-212.76256889279944
2509.7,3167.5282204894947,-657.8282204894949
2924.18,2750.7802672275484,173.39973277245144
2661.58,3867.3786252416357,-1205.7986252416358
2433.26,2721.722868948237,-288.462868948237
2879.04,3031.300996941923,-152.26099694192317
3299.87,13693.392590952388,-10393.522590952387
2244.13,2136.0269640298475,108.10303597015263
1101.46,1973.7117036910859,-872.2517036910858
2311.1,1799.222935668478,511.877064331522
1458.68,1808.306225482894,-349.6262254828939
1304.27,1268.0604412824932,36.20955871750675
1344.08,2168.170709230091,-824.0907092300909
1388.16,1423.8781286513376,-35.718128651337565
824.54,1651.8294998877457,-827.2894998877457
3918.29,3972.788463527742,-54.49846352774193
8169.51,6700.641557609463,1468.868442390537
3261.7,2483.7425515611017,777.9574484388982
352.35,1048.2245787591457,-695.8745787591457
1261.04,4745.249437739115,-3484.209437739115
10382.0,6122.967918429071,4259.032081570929
1178.63,2195.924332598991,-1017.2943325989909
26660.3,8012.637965714285,18647.662034285713
2288.44,3252.7132908016415,-964.2732908016415
853.6,1468.4766602253428,-614.8766602253428
4257.41,2496.7526080573552,1760.6573919426446
10964.5,12780.606152261906,-1816.1061522619057
1224.96,1346.018143575984,-121.05814357598388
11685.09,7455.04127206255,4230.04872793745
4081.32,4188.413337643785,-107.09333764378471
2044.43,3046.1103297599707,-1001.6803297599706
2205.68,5202.775058478682,-2997.095058478682
4951.0,6154.230214237755,-1203.2302142377548
2368.92,1958.1625425430102,410.75745745698987
2102.31,2636.6368662882405,-534.3268662882406
1490.53,857.1391637177956,633.3908362822044
6040.78,2653.423960095555,3387.356039904445
1574.11,1888.3863129070658,-314.27631290706586
1831.13,3605.996736607211,-1774.866736607211
8166.7,7987.656401759554,179.04359824044604
1338.87,2465.5318076346502,-1126.6618076346504
846.18,1620.9282618268658,-774.7482618268658
9952.63,7633.5357672619075,2319.0942327380917
4790.42,3282.0295705482094,1508.3904294517906
5110.58,4977.308506785714,133.27149321428624
2656.47,3860.5714404834052,-1204.1014404834054
753.93,1298.3197581098495,-544.3897581098496
4210.87,5557.005619365078,-1346.1356193650781
1256.0,1619.128167662385,-363.12816766238507
1445.81,1203.0809848639183,242.72901513608167
950.38,1844.6771507308868,-894.2971507308868
5243.16,3194.854743278317,2048.305256721683
2710.85,1793.7051816387593,917.1448183612406
2538.51,4450.839675866574,-1912.3296758665738
2605.48,2011.2952079629624,594.1847920370376
2184.78,2815.697648605185,-630.9176486051847
1726.55,3654.3748162825977,-1927.8248162825978
4547.0,2248.9419161772557,2298.0580838227443
6682.14,2685.1900492778573,3996.949950722143
2901.02,3830.8936700203117,-929.8736700203117
3195.24,4120.506852768806,-925.2668527688065
1475.81,2103.9599840719316,-628.1499840719316
882.76,953.9355066494562,-71.17550664945622
1704.6,1514.8286401672344,189.77135983276548
5580.02,5417.893563623212,162.12643637678866
770.6,2564.301275443284,-1793.701275443284
1470.68,1751.5427725338618,-280.86277253386174
3204.52,3925.3718365692016,-720.8518365692016
2267.49,4151.308105300413,-1883.8181053004137
927.44,2133.103277943292,-1205.663277943292
3126.73,3530.273132938651,-403.54313293865107
1495.07,1296.3559562512714,198.7140437487285
1120.61,2764.5340090829864,-1643.9240090829865
2292.98,2468.2711826064806,-175.29118260648056
3451.82,2293.0635216002256,1158.7564783997746
13654.95,9359.683115569054,4295.266884430946
6233.06,5006.921511629438,1226.1384883705623
8473.77,7503.784761632916,969.9852383670841
1388.45,2497.405586675419,-1108.9555866754188
2676.76,2566.9766518800134,109.78334811998684
807.44,1757.094409391549,-949.654409391549
5638.16,5829.058475779249,-190.89847577924957
1554.06,2822.376698358146,-1268.316698358146
10880.74,8813.664490656887,2067.0755093431126
4548.46,4636.673458195455,-88.21345819545513
4110.66,3794.265080419887,316.39491958011286
735.63,1433.5908627093384,-697.9608627093384
1650.5,2683.8772219234797,-1033.3772219234797
1727.58,2601.088304465514,-873.5083044655139
4021.77,2837.6623063128372,1184.1076936871627
1652.9,4749.194187865691,-3096.2941878656907
3807.49,2843.384432092239,964.1055679077608
1600.75,2011.1778941589953,-410.4278941589953
3983.75,1680.9790856979132,2302.7709143020866
4379.12,1432.5483938329987,2946.571606167001
1741.43,2344.744955806471,-603.3149558064708
4219.41,4160.869612409628,58.54038759037212
1127.46,2461.683956020354,-1334.2239560203539
3610.56,2299.450874843025,1311.109125156975
563.85,1211.118505379772,-647.2685053797719
764.19,1397.9432201987192,-633.7532201987192
2992.98,2130.6556756305026,862.3243243694974
1073.31,1367.536625103494,-294.22662510349414
1852.08,1353.8594861535166,498.2205138464833
6369.53,5565.394921510793,804.1350784892065
4005.39,5288.467953595462,-1283.077953595462
663.81,1914.7283245115534,-1250.9183245115535
4199.76,2062.714546111666,2137.045453888334
710.69,1129.0748550737292,-418.3848550737291
529.16,1309.293688765871,-780.1336887658709
1388.18,2677.0282602564066,-1288.8482602564065
7169.03,9293.659890833333,-2124.629890833333
2168.21,2339.523309766728,-171.3133097667278
1828.98,2282.9860602034714,-454.0060602034714
6441.2,6019.471211049836,421.728788950164
405.8,1280.5302598002663,-874.7302598002664
3657.92,2580.1755997373584,1077.7444002626416
2245.15,2064.9658506134297,180.18414938657043
2244.89,1745.8075502461697,499.08244975383013
7711.61,3858.9581174194605,3852.651882580539
6958.03,6639.324757896082,318.70524210391795
1542.24,3151.097985871152,-1608.857985871152
2513.05,2291.0631336495867,221.9868663504135
6966.49,5578.131196264072,1388.3588037359277
943.27,940.934749687145,2.3352503128550097
2438.97,4071.8897085977846,-1632.9197085977848
1050.01,2355.030478028032,-1305.0204780280321
5114.81,5127.844977266346,-13.034977266345777
1347.35,2138.761881691627,-791.4118816916271
3056.8,2022.0007465272802,1034.79925347272
3619.67,1351.235034551018,2268.434965448982
2427.37,2926.0369239653214,-498.66692396532153
1909.43,2341.936685421479,-432.506685421479
1397.06,1932.9607381226856,-535.9007381226857
908.08,2487.8226544259633,-1579.7426544259633
787.12,1531.4442127599066,-744.3242127599066
2985.38,5584.482542288772,-2599.1025422887715
531.45,1186.7432254339503,-655.2932254339503
2844.47,3220.3875358828523,-375.91753588285246
632.12,1408.1083562610322,-775.9883562610322
2705.28,3191.9037916458187,-486.6237916458185
1600.99,1985.4023621112128,-384.4123621112128
745.76,1143.8233111324519,-398.0633111324519
761.41,1233.3485842329817,-471.9385842329817
2646.85,4108.341378630252,-1461.4913786302518
4555.81,4621.5534746057665,-65.7434746057661
2798.0,1363.879892955183,1434.120107044817
3690.28,2646.148099650715,1044.1319003492854
2100.84,2963.0143873362226,-862.1743873362225
1285.67,1422.1079823313055,-136.43798233130542
1202.58,1930.6059676012715,-728.0259676012715
2780.89,2754.5356016487976,26.354398351202235
886.44,5145.392728403243,-4258.952728403243
1990.36,2090.866188271105,-100.50618827110497
1976.15,4475.238717051705,-2499.088717051705
2041.11,2018.7635901267158,22.346409873284074
5039.38,3427.6150627612847,1611.7649372387154
2761.41,4198.50780849049,-1437.09780849049
1087.65,1332.0295992092097,-244.37959920920957
953.26,1100.8125189055636,-147.5525189055636
810.4,1764.9163465255083,-954.5163465255083
1308.57,3358.714757189795,-2050.144757189795
8830.35,4510.1451976064445,4320.204802393556
799.25,1231.4942138489018,-432.24421384890184
1136.27,1935.4805577057268,-799.2105577057268
720.29,1070.2244237312038,-349.9344237312039
3155.72,2497.790656106661,657.9293438933387
566.05,1170.416240229255,-604.366240229255
600.6,2347.7374076510237,-1747.1374076510238
1785.87,1262.0985937578105,523.7714062421894
6903.31,4837.05977943555,2066.2502205644505
2622.17,1784.98839783286,837.18160216714
1504.24,3179.376966634106,-1675.1369666341059
3450.45,1648.1051064827218,1802.344893517278
1133.99,1553.4333591702366,-419.4433591702366
9692.89,5687.531666601177,4005.3583333988227
460.8,1542.954840848577,-1082.1548408485771
1554.59,2433.460129033963,-878.8701290339629
1267.38,2132.0769406579434,-864.6969406579433
2270.53,3123.6549163503723,-853.1249163503721
1915.36,2132.132401096292,-216.77240109629224
2945.39,6549.269773147776,-3603.8797731477757
1932.09,2111.858608479397,-179.76860847939702
6258.79,4399.545733749417,1859.2442662505828
2033.28,2649.247069015047,-615.9670690150472
606.45,1584.8659294929605,-978.4159294929605
2557.32,3620.5571466374836,-1063.2371466374834
857.22,1259.757031995469,-402.5370319954691
3178.96,5109.5257260889475,-1930.5657260889475
4501.23,4673.3608841151,-172.13088411510034
1588.95,1660.1239740057347,-71.17397400573464
860.4,1788.345103806535,-927.945103806535
1754.69,1225.7328683068115,528.9571316931886
829.84,1541.426199844397,-711.5861998443969
1632.99,4653.797562491117,-3020.807562491117
2810.2,1889.4328510971113,920.7671489028885
3926.3,3046.8230904125467,879.4769095874535
1306.49,3012.2734840707767,-1705.7834840707767
2539.13,3830.2509034509194,-1291.1209034509193
856.53,1057.3009133688447,-200.77091336884473
1050.61,2802.469777865579,-1751.8597778655792
4067.99,3942.5453274483075,125.44467255169229
355.74,2312.7489110961164,-1957.0089110961164
2431.43,1556.605957141618,874.8240428583817
2636.61,3954.981120458865,-1318.3711204588649
1934.18,4725.006438937158,-2790.826438937158
1342.83,2794.347706560105,-1451.5177065601051
1259.82,1851.8667662933065,-592.0467662933065
3272.25,2126.119192770707,1146.1308072292932
976.61,1996.7863402903577,-1020.1763402903576
5975.82,5101.402677527198,874.417322472802
1040.41,2427.7978543767163,-1387.3878543767162
3410.46,3622.566700336754,-212.10670033675387
13570.6,9383.164538675152,4187.435461324849
4189.85,3992.0038683241382,197.84613167586213
680.36,1832.8898333981806,-1152.5298333981805
1595.4,1521.5836510323343,73.81634896766582
1981.08,2821.05020001955,-839.9702000195502
1037.02,3569.895600184507,-2532.875600184507
611.52,1720.474141314842,-1108.954141314842
1717.42,2219.5475303774438,-502.1275303774437
1763.5,1989.2454786464439,-225.74547864644387
1443.64,2400.6136301014053,-956.9736301014052
1004.08,4319.64665758913,-3315.56665758913
1495.71,2611.9631843696657,-1116.2531843696656
776.38,2048.2941785222797,-1271.9141785222796
3695.98,3720.6165912976517,-24.63659129765165
12331.45,16126.33107259741,-3794.881072597409
1905.01,1547.5283805975384,357.48161940246155
949.15,1761.3549932748917,-812.2049932748918
1471.02,2562.1341222687392,-1091.1141222687393
2055.31,3292.4026691986614,-1237.0926691986615
784.6,1430.7328560220162,-646.1328560220162
678.92,2785.477112553981,-2106.557112553981
3602.7,1901.236020908443,1701.463979091557
1844.51,3453.611780529742,-1609.1017805297422
1591.03,5761.152274913883,-4170.122274913883
5964.19,3459.0811214407136,2505.108878559286
1120.07,1325.543267768265,-205.47326776826503
1111.09,1244.0426350345729,-132.95263503457295
7036.75,1751.7733163992577,5284.976683600742
1563.0,2129.4531675632743,-566.4531675632743
906.04,1846.426601047741,-940.3866010477411
2166.15,2814.808123226648,-648.6581232266481
5626.51,3276.5834324958983,2349.926567504102
8461.37,8852.635864047616,-391.26586404761474
5905.19,2015.0846725874853,3890.1053274125143
1583.11,2196.915430387628,-613.8054303876281
7378.71,2486.8619810448918,4891.848018955108
4699.49,3626.161279936931,1073.3287200630689
1768.42,1609.1492012922126,159.27079870778743
2098.38,1704.9799431321082,393.40005686789186
6643.38,3086.8820668829803,3556.49793311702
2560.03,2606.4715692942495,-46.44156929424935
1106.57,1812.9073421640255,-706.3373421640256
1160.47,2148.0789685616137,-987.6089685616137
233.15,1633.5567462711938,-1400.4067462711937
2370.52,3110.7090079126606,-740.1890079126606
4188.97,4265.376335232973,-76.4063352329731
6304.7,2148.1017642922156,4156.598235707785
6036.35,2200.0425592138276,3836.3074407861727
3445.83,4207.610821595439,-761.7808215954392
1325.02,1825.8155528558107,-500.7955528558107
2183.38,4045.969457048755,-1862.5894570487549
624.94,1948.342811898248,-1323.402811898248
770.15,965.3217976018086,-195.17179760180863
1538.57,1683.2897383925342,-144.71973839253428
1384.71,2044.2959947465883,-659.5859947465883
7079.41,6347.487635725167,731.922364274833
886.41,5591.951991514553,-4705.541991514553
1643.97,2361.96512098453,-717.9951209845301
3183.28,3085.1254385398934,98.15456146010683
5818.29,2834.974156481534,2983.315843518466
1163.84,1215.0573740738623,-51.2173740738624
1444.97,3677.644660478323,-2232.674660478323
2517.53,3027.82081422981,-510.2908142298097
1966.48,1961.0725814299349,5.407418570065147
3450.78,2064.7213354439214,1386.0586645560788
3383.41,2808.6915092815384,574.7184907184615
5089.85,3395.532971417124,1694.3170285828764
1275.55,1550.1999062118086,-274.6499062118087
1036.33,2048.652461484483,-1012.322461484483
3035.67,1687.1984982615984,1348.4715017384017
2065.27,2947.5693242489756,-882.2993242489756
1236.76,1842.3982829886654,-605.6382829886654
2085.47,1735.0221371599544,350.44786284004545
3748.63,4468.277032257468,-719.6470322574678
1166.58,1755.5897095839882,-589.0097095839883
813.95,2677.5126280400605,-1863.5626280400604
6065.13,6207.266702809477,-142.13670280947645
15116.85,8070.031838571431,7046.8181614285695
1690.56,1499.576135065357,190.98386493464295
647.89,1098.4996982778732,-450.60969827787324
7329.04,6047.641865007272,1281.398134992728
813.64,1177.6443712461278,-364.0043712461278
595.78,1331.215967873661,-735.435967873661
1027.68,2410.3378330564256,-1382.6578330564255
1649.12,2448.367860536871,-799.247860536871
1584.64,1665.6492559818764,-81.00925598187632
2017.67,2115.868629363633,-98.19862936363279
748.56,1293.6101887374932,-545.0501887374933
6980.84,6566.644604922808,414.1953950771922
7375.91,12132.446522380947,-4756.536522380948
1186.07,2526.772807654297,-1340.7028076542972
895.92,1796.1213607474385,-900.2013607474386
1323.61,1952.972285894801,-629.3622858948011
2756.39,5006.184646593708,-2249.794646593708
4398.3,6979.863195757702,-2581.5631957577016
849.67,1735.484491757368,-885.814491757368
2261.7,1465.5637875243908,796.136212475609
3178.22,1516.2793982316825,1661.9406017683173
955.6,2550.478346742222,-1594.8783467422222
7972.47,9002.707940546077,-1030.237940546077
9599.64,6980.640075332895,2618.999924667104
913.13,2380.857311124253,-1467.727311124253
1113.44,4537.0093049943625,-3423.5693049943625
1417.18,3685.148290102702,-2267.9682901027018
1492.98,2191.047798340484,-698.0677983404839
3166.63,2089.1554078976005,1077.4745921023996
4312.86,5144.837915346259,-831.9779153462596
6763.17,6504.495147788477,258.6748522115231
3626.51,4346.929311510736,-720.4193115107355
914.18,2201.908259462501,-1287.7282594625012
1233.64,2446.825749297843,-1213.1857492978427
1379.07,1487.0491749230741,-107.9791749230742
801.25,2038.0068227412467,-1236.7568227412467
3511.08,6082.1246248877305,-2571.0446248877306
1348.03,2313.59638849092,-965.5663884909202
568.03,2324.8766179293602,-1756.8466179293603
3773.33,5059.614901773419,-1286.2849017734188
2236.06,2685.555114394457,-449.49511439445723
6257.58,3080.000014678875,3177.579985321125
612.77,1291.4591058712049,-678.6891058712049
2125.58,1665.3697451095345,460.2102548904654
4737.09,4484.192504239307,252.89749576069335
1511.48,1575.2727488013036,-63.79274880130356
6439.63,6792.790330378598,-353.1603303785978
834.36,1693.3611721804962,-859.0011721804962
2585.5,2163.5217258286384,421.9782741713616
2826.29,1381.098961119218,1445.191038880782
2662.95,1930.5588125188692,732.3911874811306
1379.7,1692.2117630326038,-312.51176303260377
3268.2,3608.351299223921,-340.15129922392134
4764.42,5251.913785265567,-487.49378526556666
8351.07,8233.861466027503,117.2085339724963
2646.42,2253.6545275604963,392.7654724395038
3583.8,2243.019328083524,1340.780671916476
14267.91,3454.0986135631883,10813.811386436812
2388.31,2085.018438279296,303.29156172070407
1218.54,1639.1644011493688,-420.62440114936885
1573.35,1411.5785854512928,161.77141454870707
575.48,996.9218079870013,-421.4418079870013
8954.31,9519.750922395815,-565.4409223958155
2968.2,3276.1975683549495,-307.99756835494964
1574.57,2497.4280357210623,-922.8580357210624
6654.87,3049.9255637528536,3604.9444362471463
686.4,996.407302693669,-310.007302693669
1724.14,3691.768542375791,-1967.628542375791
801.36,3833.177942121088,-3031.817942121088
686.82,1192.8280385202766,-506.0080385202765
2077.9,2107.634157907901,-29.734157907901135
1203.55,1224.7898898698825,-21.239889869882518
750.0,1853.7109526174872,-1103.7109526174872
8454.41,5600.394754937524,2854.0152450624755
1088.85,2251.473711622685,-1162.6237116226853
2390.59,3164.969394103505,-774.3793941035046
8139.87,4579.035267664062,3560.8347323359376
2192.59,1905.6849555562349,286.9050444437653
2401.37,1585.8632200310997,815.5067799689002
1092.16,2380.1168458710927,-1287.9568458710926
1514.05,1505.5796469123102,8.470353087689773
17647.79,8829.231840476194,8818.558159523807
6975.35,6667.381251913006,307.9687480869943
6021.69,3879.2190143372577,2142.470985662742
3085.79,3160.81466037879,-75.02466037879003
833.87,1947.523857989119,-1113.653857989119
1497.28,3263.443484281929,-1766.1634842819292
1045.86,1486.726991761448,-440.86699176144816
6449.39,5220.630470799057,1228.7595292009437
986.34,1548.5191899889114,-562.1791899889114
1208.18,1603.5666127096422,-395.3866127096421
1365.8,3806.039091243103,-2440.239091243103
2264.63,2994.1100059659175,-729.4800059659174
1803.74,1646.5402767409205,157.19972325907952
3841.29,3837.5284946095153,3.761505390484672
9583.07,7032.66940317109,2550.4005968289093
2471.83,4084.057595106838,-1612.2275951068382
609.65,1348.2416486049947,-738.5916486049947
905.22,873.5770035025142,31.642996497485797
2005.08,1953.5884610798319,51.49153892016807
1461.56,1524.8089852016233,-63.24898520162333
1966.67,4316.964726165945,-2350.2947261659447
2184.78,1765.8213656941732,418.958634305827
421.36,1995.6264850558418,-1574.2664850558417
1175.59,1224.7394461641743,-49.14944616417438
1780.13,2308.5882961500447,-528.4582961500446
1031.78,1805.3675029053652,-773.5875029053652
2731.15,3217.7227075755286,-486.5727075755285
9448.79,7531.905898368434,1916.8841016315673
5740.76,3158.925307008345,2581.834692991655
2727.93,2503.3386736395514,224.59132636044842
2548.05,1706.9896936579194,841.0603063420808
9612.96,6591.801844443169,3021.15815555683
941.95,2812.9796209177966,-1871.0296209177966
6064.14,3292.477767372296,2771.6622326277043
2650.77,2327.406213156726,323.36378684327383
849.31,1130.4893400274311,-281.1793400274312
858.31,1868.3192892069999,-1010.0092892069999
2808.68,2307.3285111588416,501.35148884115824
1114.59,1680.0505450586131,-565.4605450586132
864.33,1912.665078030074,-1048.3350780300739
749.31,1206.8855496259055,-457.5755496259055
2285.94,2305.935743019958,-19.9957430199579
1529.06,2434.400705737531,-905.3407057375312
3378.28,5700.894869051637,-2322.614869051637
7082.48,4757.033224701617,2325.446775298383
1600.78,2729.0958157808504,-1128.3158157808505
385.04,1076.2369206348144,-691.1969206348144
1621.44,1260.52621072381,360.9137892761901
1738.22,4086.1140230807564,-2347.8940230807566
5110.59,3806.5916680115943,1303.9983319884059
3015.93,3065.1514390086377,-49.221439008637844
2605.5,1966.0090845177733,639.4909154822267
2406.11,1922.9438963922396,483.16610360776053
1660.23,1303.454781327861,356.7752186721391
2233.23,1785.1649739093577,448.0650260906423
1080.0,1268.94855335528,-188.94855335527996
1271.8,1749.1935483959603,-477.39354839596035
643.82,2155.3313968849716,-1511.5113968849714
676.0,1116.1943592959851,-440.1943592959851
1941.27,1515.1099208044202,426.1600791955798
1573.87,3080.7650579132815,-1506.8950579132816
928.48,1311.0111426709157,-382.53114267091564
3074.59,1579.2601547064319,1495.3298452935683
563.76,816.189641881557,-252.42964188155702
8188.11,7295.633008938923,892.4769910610767
2411.32,2155.0113372511532,256.3086627488469
1200.07,1392.6028161837137,-192.53281618371375
3144.18,3041.5588822281193,102.62111777188056
776.02,1237.9238879331217,-461.9038879331217
1916.18,2836.182957860423,-920.0029578604228
1167.28,1466.3460253197582,-299.0660253197582
4110.13,2307.7382337010185,1802.3917662989816
1510.95,2668.5088680009612,-1157.5588680009612
1220.13,1896.109689735289,-675.979689735289
4423.87,1618.2499941591707,2805.6200058408294
2994.4,1618.936817740755,1375.463182259245
9573.66,3055.4104871215227,6518.249512878478
509.94,1189.8470351781593,-679.9070351781593
7535.43,4966.3977663663345,2569.032233633666
604.01,1450.5752610542686,-846.5652610542686
1212.48,2078.957345186506,-866.4773451865058
5697.79,7522.8566384783735,-1825.0666384783735
2720.71,4436.250683095239,-1715.5406830952388
6360.02,6293.3068572161055,66.71314278389491
913.25,1776.0102126586892,-862.7602126586892
2527.79,3082.0165919018864,-554.2265919018864
1259.8,983.8688166878361,275.93118331216385
6160.33,5025.346858452381,1134.9831415476192
1290.02,5921.877761462706,-4631.857761462707
1465.91,2379.3586096109893,-913.4486096109893
727.13,1258.5321352289377,-531.4021352289377
6675.0,7106.311845992128,-431.3118459921279
1808.13,2088.0034303629714,-279.87343036297125
1781.17,1686.4528866688963,94.71711333110375
3469.34,5512.7115745436495,-2043.3715745436493
1016.1,1004.2329991453695,11.867000854630533
2948.32,2071.1775200914017,877.1424799085985
2606.62,4049.114802019862,-1442.4948020198622
17312.88,10517.30338833333,6795.576611666671
3649.23,1819.563007269625,1829.6669927303751
1009.47,1165.7111482963394,-156.24114829633936
2663.73,2155.910596427099,507.81940357290114
4638.06,5988.239932468714,-1350.1799324687136
1128.68,923.6907254867401,204.98927451325994
966.09,10103.388608203824,-9137.298608203824
5789.58,2949.9254019444834,2839.6545980555165
1036.61,2399.6870950751745,-1363.0770950751746
915.82,1214.0726079383626,-298.25260793836253
1836.31,2021.514300375551,-185.20430037555116
1336.72,2163.70366209619,-826.9836620961898
1531.83,3379.005939022987,-1847.1759390229872
874.4,2510.562041598124,-1636.1620415981238
4015.57,4002.9131875857665,12.656812414233627
8355.06,4581.841525621399,3773.2184743786
3178.97,2996.8684138799536,182.10158612004625
5139.57,2493.151216284661,2646.4187837153386
1299.33,810.3554434929316,488.9745565070683
864.57,1605.9010054569098,-741.3310054569098
6156.97,5579.830185693348,577.1398143066526
3305.59,1526.9964928739168,1778.5935071260833
1003.98,1459.4907799693176,-455.5107799693176
1282.96,1535.3826964416005,-252.42269644160046
12162.78,5363.5285789572235,6799.251421042777
5579.06,2153.2960581316884,3425.763941868312
2732.27,8342.765539471475,-5610.495539471474
563.76,1283.4521764804158,-719.6921764804158
3365.55,2959.3477784050488,406.2022215949514
1225.46,1661.2016863188633,-435.74168631886323
2606.56,2350.497534727997,256.062465272003
1076.85,1115.4122435657569,-38.562243565756944
2238.46,1778.4981133716071,459.9618866283929
970.29,1718.6513784786346,-748.3613784786346
5165.0,1094.187002218055,4070.812997781945
1082.51,1108.573974807422,-26.063974807422028
588.1,2592.029647652874,-2003.9296476528739
4240.72,3870.943998496026,369.7760015039744
5703.83,6944.31098674044,-1240.4809867404401
1851.63,1996.2924607821597,-144.66246078215954
2862.05,5476.493335566632,-2614.4433355666315
4708.41,3161.1315355264974,1547.2784644735025
1108.78,2542.6983469970182,-1433.9183469970183
1356.57,2330.8618255854585,-974.2918255854586
2246.91,2433.2252996702105,-186.3152996702106
993.33,1602.1858070316955,-608.8558070316955
3094.42,1447.9929472667575,1646.4270527332426
3353.88,5066.412090464377,-1712.5320904643768
1133.77,1784.1854467894282,-650.4154467894282
2795.56,3636.318863836547,-840.7588638365469
686.64,1828.0199461627335,-1141.3799461627336
8466.14,6595.993929307753,1870.1460706922462
1302.54,3130.9285006162736,-1828.3885006162736
1144.18,1764.3234206019085,-620.1434206019085
2554.41,1120.9385268616122,1433.4714731383876
2181.67,2756.2875870838247,-574.6175870838247
990.16,1590.6372778600314,-600.4772778600314
1437.07,2498.8960622182817,-1061.8260622182818
5566.47,4522.506336903808,1043.9636630961922
1388.11,3708.233632913578,-2320.123632913578
902.91,1429.9493165222095,-527.0393165222096
2482.38,2218.4701039212187,263.90989607878146
2087.23,2186.0730274767234,-98.84302747672336
6548.79,7701.515084466665,-1152.725084466665
3577.5,2311.486642985877,1266.013357014123
4540.11,1946.0153133071176,2594.094686692882
2934.18,3076.4632483733526,-142.28324837335276
5389.66,3017.718502994391,2371.9414970056087
408.91,1272.051645783733,-863.1416457837329
2988.95,3142.128824756882,-153.17882475688202
3454.03,2769.720033915666,684.3099660843341
8283.74,6231.814666787819,2051.9253332121807
1446.07,1913.217747283913,-467.1477472839131
1330.16,1296.2878062285956,33.872193771404454
860.2,3882.4587928502133,-3022.2587928502135
3006.64,8507.93101686566,-5501.29101686566
545.57,2761.1347601393936,-2215.5647601393935
2499.15,2419.9211094054945,79.22889059450563
3122.79,2109.489295900018,1013.3007040999819
11155.69,10968.294798571433,187.39520142856782
931.48,999.1488358005145,-67.66883580051444
2811.33,3171.3578383926006,-360.02783839260064
3793.76,5334.896989935588,-1541.1369899355877
1521.33,2070.7175949308826,-549.3875949308826
4640.16,1465.6863734260942,3174.4736265739057
2104.79,1838.2009665468827,266.5890334531173
7052.05,4781.492707498185,2270.557292501815
697.0,2744.360489735124,-2047.3604897351238
23075.22,12086.968566547625,10988.251433452377
851.86,1131.048452268161,-279.1884522681611
3283.29,1793.3194629283428,1489.9705370716572
1178.1,2060.0979491947915,-881.9979491947915
9064.81,7202.616908928575,1862.1930910714245
3465.22,4641.458673251234,-1176.2386732512346
2404.37,4385.226160341309,-1980.856160341309
2506.05,3846.162357927327,-1340.1123579273267
3044.08,3097.536680707509,-53.456680707508895
3527.91,2607.971414831529,919.938585168471
2576.97,3045.3111050019534,-468.34110500195357
4359.41,4035.6250076375422,323.7849923624576
4704.79,1865.3529566795187,2839.4370433204813
16336.82,7967.483427946975,8369.336572053024
719.78,1015.1496834004724,-295.36968340047247
663.38,1845.5584242806171,-1182.178424280617
1657.08,1075.3215195352286,581.7584804647713
2074.27,3078.3675480055476,-1004.0975480055477
280.08,2564.742064630245,-2284.662064630245
1315.14,1092.5339326717683,222.6060673282318
1617.12,832.6087455852554,784.5112544147445
3377.64,2749.392364161925,628.247635838075
2881.33,2236.0102224260186,645.3197775739814
6492.05,6993.26217399483,-501.21217399482975
5727.15,2199.701099804379,3527.448900195621
685.42,1783.1897396425784,-1097.7697396425783
2764.35,3096.0274563986627,-331.6774563986628
11793.05,6093.273445474076,5699.7765545259235
937.33,1186.9853308493882,-249.65533084938818
3805.09,2572.8852737816887,1232.2047262183114
5436.48,2416.9100209463145,3019.569979053685
2261.27,1627.9584772810822,633.3115227189178
2499.25,1694.2157675067936,805.0342324932064
7077.89,2657.917176560193,4419.972823439807
669.42,1640.9542138306676,-971.5342138306677
1627.46,1207.2356009659422,420.2243990340578
1603.01,2611.433731112273,-1008.4237311122731
724.67,1781.020292510353,-1056.350292510353
4754.13,5977.305182172939,-1223.1751821729385
6053.69,3144.2018849943274,2909.488115005672
609.0,1105.9289780194822,-496.9289780194822
3070.07,2015.2543523388185,1054.8156476611816
2623.3,2437.2827705271125,186.01722947288772
2797.06,4246.093384679056,-1449.0333846790559
6845.48,5978.116308639154,867.3636913608452
1762.31,3312.6925263482026,-1550.3825263482026
1192.27,1553.872200211824,-361.6022002118241
1302.28,2997.643189436648,-1695.3631894366479
929.55,1892.301698191569,-962.751698191569
2594.69,1249.3121254334196,1345.3778745665804
3068.06,2527.855340478439,540.2046595215611
2678.75,2706.768268155216,-28.018268155215992
3711.06,1864.5881135167554,1846.4718864832446
2746.77,1893.4275250786488,853.3424749213511
4354.33,5470.717362566781,-1116.3873625667811
1711.74,1996.7658902179592,-285.02589021795916
3096.24,3847.4684084766627,-751.2284084766629
1788.15,3126.353496068053,-1338.203496068053
1858.54,2347.771469211603,-489.23146921160287
8506.13,5949.34894520961,2556.781054790389
8538.99,4078.781653717455,4460.208346282545
611.37,4099.9298609507705,-3488.5598609507706
1030.35,1664.8773050483862,-634.5273050483863
849.14,1253.5528854863435,-404.4128854863435
7916.83,4152.208959376801,3764.6210406231985
5134.12,5531.577934003478,-397.45793400347793
1979.32,2177.516201459625,-198.19620145962494
703.1,1152.655891926825,-449.555891926825
2851.23,1491.8115426707739,1359.4184573292262
3778.67,2755.7855396044556,1022.8844603955445
2399.21,1657.1137255008177,742.0962744991823
7103.17,3000.0325108853344,4103.137489114666
1042.94,1678.82911712037,-635.88911712037
976.97,1683.2857822171857,-706.3157822171856
4123.19,1998.4036217080409,2124.7863782919585
3235.4,1925.490672693253,1309.9093273067472
1181.16,2011.893718371619,-830.7337183716188
3217.13,2708.16003315033,508.9699668496701
1054.8,1656.9562012763483,-602.1562012763484
1474.07,2302.0461674750713,-827.9761674750714
691.58,1533.0786189952257,-841.4986189952257
879.14,1533.2838028182346,-654.1438028182346
8193.14,3492.303540456798,4700.836459543201
684.52,1206.2001923268012,-521.6801923268013
13632.0,8097.447124849148,5534.552875150852
2710.89,1583.9008268164087,1126.9891731835912
600.83,1665.020474925998,-1064.190474925998
3148.9,5027.0501985451065,-1878.1501985451064
2698.68,4301.312624602489,-1602.6326246024896
677.7,2173.510315505753,-1495.8103155057531
8208.67,7539.8839767316485,668.7860232683515
563.76,1763.2481991012328,-1199.4881991012328
5135.65,4976.210315019289,159.4396849807108
3030.39,1857.5714102675147,1172.8185897324852
8598.3,7205.172315244696,1393.1276847553036
2752.44,2752.908897181885,-0.4688971818850405
3802.3,2073.9602367751777,1728.3397632248225
14530.86,11861.826625158728,2669.0333748412722
1816.69,2893.322662725067,-1076.632662725067
1005.89,1954.136574621008,-948.2465746210081
3879.81,2536.663913859167,1343.1460861408327
3767.73,4766.279908932376,-998.5499089323762
6954.14,6786.06566352769,168.07433647231028
1065.2,1163.9307717521128,-98.73077175211279
1184.33,1684.6191277463329,-500.28912774633295
2638.55,2162.673127893798,475.876872106202
1511.51,1702.4302927993122,-190.92029279931216
1642.2,3896.5238656684032,-2254.3238656684034
1485.33,3033.2120947797916,-1547.8820947797917
1413.3,1607.6753983192973,-194.37539831929735
4669.14,4323.970178141288,345.16982185871257
808.26,1315.1947745263708,-506.9347745263708
5885.91,3952.7234531130393,1933.1865468869605
3553.07,4071.6739248430217,-518.6039248430216
2307.53,2844.8096538555696,-537.2796538555694
1585.0,1111.3542520835008,473.6457479164992
785.31,1449.8279739306124,-664.5179739306125
1491.93,2873.5043992647406,-1381.5743992647406
1073.2,1137.0850309303705,-63.885030930370476
5517.84,5062.000354689642,455.8396453103578
960.73,1829.453780132463,-868.7237801324629
3485.53,2196.190351891676,1289.3396481083241
715.13,1290.0528656833674,-574.9228656833674
3470.06,3024.77407398505,445.28592601494984
6164.98,3101.814337634483,3063.1656623655167
965.2,1691.3230384493324,-726.1230384493324
891.5,1325.5195524038177,-434.01955240381767
5277.33,5056.715630437347,220.61436956265334
6392.67,3735.5261086603505,2657.1438913396496
2356.51,1916.5765560390143,439.93344396098587
5000.52,2237.9095303894355,2762.610469610565
801.86,1120.035567461607,-318.1755674616069
2041.51,2611.710314197464,-570.200314197464
1768.42,1124.174965644164,644.245034355836
997.15,2182.1236041430743,-1184.9736041430742
867.74,1774.369327653135,-906.6293276531351
7517.04,4113.359533385399,3403.680466614601
3577.45,2648.0901833184353,929.3598166815646
687.83,1445.3000663254913,-757.4700663254913
3710.12,2193.340146544598,1516.7798534554017
6978.69,7560.459645085634,-581.7696450856347
10239.88,5719.340448267567,4520.539551732432
2489.58,3721.848652493389,-1232.2686524933893
781.83,2003.840860454711,-1222.0108604547108
1476.35,1645.5310342494524,-169.18103424945252
5609.37,4221.58405244504,1387.7859475549603
1442.44,2535.1078971123793,-1092.6678971123793
1817.87,2388.483339517542,-570.613339517542
593.46,1233.0699144130208,-639.6099144130208
7620.23,6897.689492722394,722.5405072776057
3432.0,2386.196951509461,1045.803048490539
2764.3,3098.295286851769,-333.9952868517689
825.79,1228.4635570662113,-402.6735570662113
1110.71,1451.3402505453203,-340.6302505453202
2839.38,5335.163460015523,-2495.783460015523
1343.36,3304.9770353792906,-1961.6170353792907
2570.8,2107.2626561602174,463.5373438397828
1019.36,2675.999175488647,-1656.6391754886467
1421.02,3217.3995846990088,-1796.3795846990088
2333.65,1565.8838345126333,767.7661654873668
2067.81,2857.6117844815813,-789.8017844815813
4313.72,3035.389487086187,1278.3305129138134
1096.17,1559.229896332162,-463.059896332162
2485.97,1917.3396954398222,568.6303045601776
2885.62,1993.122319720366,892.4976802796339
3234.84,3433.9752077218886,-199.1352077218885
3315.84,2793.6420325112867,522.1979674887134
3799.21,7310.21281005576,-3511.00281005576
879.25,1639.0487983896726,-759.7987983896726
1527.7,2519.890015710959,-992.1900157109587
847.91,1075.6614100408665,-227.75141004086652
2437.29,2316.786315952381,120.50368404761912
1691.4,3112.371677069004,-1420.9716770690038
2743.35,2806.3937839661185,-63.04378396611855
1443.93,2708.6964131416144,-1264.7664131416143
1162.48,2231.679278671869,-1069.1992786718688
1708.25,2544.1017745587337,-835.8517745587337
1343.28,1704.5935496835266,-361.3135496835266
1934.45,2580.4908476746527,-646.0408476746527
3398.35,1865.8004975803606,1532.5495024196393
5041.26,2862.559783430274,2178.7002165697263
9431.57,6168.342075187401,3263.2279248125988
7781.33,4874.1798996065845,2907.1501003934154
2065.84,1691.4930130603402,374.3469869396599
1021.55,1063.934539660181,-42.38453966018096
1434.19,1955.2715724004263,-521.0815724004262
5286.88,2883.1054840376296,2403.7745159623705
6006.25,2578.4829777299133,3427.7670222700867
1536.49,1438.3797604766896,98.11023952331038
1966.39,1618.4406899206026,347.9493100793975
1765.16,2173.456211969359,-408.2962119693591
2421.53,3416.0653169876473,-994.5353169876471
5814.71,3228.3153957224467,2586.3946042775533
2859.95,2232.457774096439,627.4922259035607
2069.48,1982.0911755689533,87.38882443104671
666.8,1097.7591435071836,-430.9591435071836
1331.53,1931.3373714265535,-599.8073714265536
2013.48,1718.9589834190733,294.5210165809267
2928.65,3153.2620755937264,-224.61207559372633
9223.81,6360.243837770431,2863.5661622295684
1186.84,1457.0151605162723,-270.1751605162724
3727.15,4144.2218690014215,-417.0718690014214
2125.18,5063.803445268434,-2938.6234452684344
5176.93,2685.423280003653,2491.5067199963473
822.74,1534.6027935270572,-711.8627935270572
4531.01,4215.8463533011645,315.1636466988357
2166.63,3599.993253756573,-1433.3632537565727
4150.08,3167.8864296659426,982.1935703340573
2293.88,2297.7292127585565,-3.849212758556405
5884.07,8250.946435259744,-2366.8764352597445
2743.2,4793.654379578958,-2050.4543795789577
1739.26,5428.034374311654,-3688.7743743116534
3983.13,2298.424819967642,1684.705180032358
1771.43,4364.28203834411,-2592.85203834411
897.15,1796.0900596306078,-898.9400596306078
5800.04,4156.435006163853,1643.6049938361466
3517.37,3902.5496660173003,-385.1796660173004
7378.29,6438.985201176049,939.3047988239514
3958.8,2290.918842829399,1667.881157170601
2713.67,2184.3375721744187,529.3324278255814
3629.6,4439.658768339104,-810.0587683391045
2573.05,4180.162203154324,-1607.1122031543237
2324.22,1472.0849773980267,852.1350226019731
4412.44,5381.411915709925,-968.9719157099253
1040.14,816.563538793808,223.5764612061921
11132.43,9980.485402936505,1151.9445970634952
2882.62,7624.117136695555,-4741.497136695555
2305.68,1732.6278600892617,573.0521399107381
3467.85,2105.43872836323,1362.41127163677
1628.72,1365.1508460677217,263.56915393227837
439.53,925.3987221820731,-485.86872218207316
1917.0,3276.5926735407884,-1359.5926735407884
1262.65,1740.8434687960541,-478.19346879605405
3738.52,5249.138806697979,-1510.618806697979
1666.88,1330.4509750961392,336.42902490386086
2574.77,1527.5272349008167,1047.2427650991833
5016.46,5077.328698571431,-60.868698571431196
3233.75,4304.8247727170865,-1071.0747727170865
926.71,1338.0003206609035,-411.2903206609035
5295.9,3387.424318399018,1908.4756816009817
1639.98,1777.499148435048,-137.519148435048
2842.8,4669.32970055647,-1826.5297005564698
1525.92,1510.6283601404027,15.291639859597353
3629.9,2495.014733152947,1134.8852668470531
547.25,913.6555022438012,-366.40550224380115
3482.17,2800.893256294306,681.2767437056941
3219.2,4828.230132986621,-1609.0301329866215
2074.83,2535.217799062579,-460.38779906257923
1319.22,1941.7892820080533,-622.5692820080533
6801.14,3638.2845714199557,3162.8554285800446
702.03,1226.9290365824654,-524.8990365824654
4264.57,2035.4468963086792,2229.1231036913205
3183.64,2205.3908397623263,978.2491602376736
19811.44,15463.682454166674,4347.757545833325
905.82,1307.4208529337502,-401.60085293375016
593.85,1572.788977659319,-978.938977659319
3702.84,5192.006797305193,-1489.1667973051926
2715.19,2322.439081454024,392.7509185459762
2176.5,2242.18907700836,-65.68907700836007
1089.1,1342.210242649769,-253.11024264976913
512.01,1780.5216819731252,-1268.5116819731252
1302.97,1667.8263451866317,-364.85634518663164
8854.17,25737.69734590908,-16883.527345909082
4248.81,3788.883259433694,459.9267405663063
3940.82,2586.5534460855124,1354.2665539144878
4470.55,1974.264317870818,2496.285682129182
5201.75,4883.631072980153,318.11892701984743
4872.29,1878.9747749170017,2993.315225082998
961.76,1365.5565109784327,-403.7965109784327
7167.97,3248.841337460495,3919.128662539505
2370.79,2047.2496498150663,323.5403501849337
3258.79,3120.5686392584466,138.22136074155333
1994.91,3877.3611915253773,-1882.4511915253772
2218.58,2937.9207869088923,-719.3407869088924
867.89,1093.690580971872,-225.8005809718719
1739.42,4051.577865696947,-2312.157865696947
723.94,1847.9751700525908,-1124.0351700525907
8216.86,3435.8200165994344,4781.039983400566
2709.1,1834.7041507722417,874.3958492277582
1844.52,1504.0189030856022,340.50109691439775
2093.7,2413.648686374789,-319.9486863747893
9132.81,7073.048634999997,2059.761365000002
2110.39,1863.678437394905,246.71156260509497
624.73,1708.3381613015827,-1083.6081613015826
1103.58,1681.9142570711247,-578.3342570711247
1275.16,2369.044298492891,-1093.8842984928908
4482.2,5256.764434061154,-774.5644340611543
1728.91,2183.067491726362,-454.15749172636174
7910.67,4476.858083135157,3433.8119168648427
4403.7,4036.4676829554046,367.2323170445952
4929.32,3689.6831861108617,1239.636813889138
2721.2,2980.1421293685294,-258.94212936852955
875.0,2008.090080491577,-1133.090080491577
4568.68,4870.505553618042,-301.82555361804134
1673.4,3315.634667457098,-1642.234667457098
4187.88,3404.9659469683324,782.9140530316677
2660.63,2880.489498836109,-219.85949883610874
943.72,2078.267771541817,-1134.5477715418172
4771.64,3451.4830701592464,1320.156929840754
3004.73,3199.0683940718272,-194.33839407182722
1696.72,1744.0635079881986,-47.34350798819855
5999.19,5918.098964786228,81.09103521377165
1526.27,3370.676353280144,-1844.4063532801442
4626.12,3274.1263431593597,1351.9936568406401
526.87,1453.5596489147597,-926.6896489147597
10340.38,11421.504740595243,-1081.1247405952436
2462.52,3476.5445963081106,-1014.0245963081106
1106.7,2433.8770233259193,-1327.1770233259192
4113.43,3995.144934253401,118.28506574659923
1763.41,2590.503945142896,-827.093945142896
1674.87,1404.2083777047021,270.6616222952978
1594.02,1635.6804185394546,-41.66041853945467
2489.93,2285.5781182498235,204.3518817501763
2750.98,2910.270976973309,-159.29097697330917
2040.48,2402.5590182964534,-362.07901829645334
2097.97,2180.648225256971,-82.67822525697102
3369.9,3549.030197996496,-179.130197996496
413.31,1500.1215816065255,-1086.8115816065256
2262.9,1865.4082853729217,397.4917146270784
2777.47,1660.0223535188038,1117.447646481196
602.84,1699.3048163490205,-1096.4648163490206
6267.97,6053.8052552003655,214.16474479963472
2117.85,2477.0353787004565,-359.18537870045657
1311.23,1737.819579701958,-426.589579701958
1069.33,2679.489852034632,-1610.159852034632
1326.37,1618.125490906671,-291.7554909066712
713.71,1334.1519343111797,-620.4419343111797
1553.45,1686.696040283761,-133.24604028376098
461.49,1276.0173404581471,-814.5273404581471
2926.55,1949.4626819362913,977.0873180637088
1988.12,2150.7512096882456,-162.6312096882457
4289.0,3400.651984890288,888.3480151097119
2482.67,2056.3654074104043,426.3045925895958
3106.21,1797.123274434388,1309.0867255656121
1101.2,2342.2789263650416,-1241.0789263650415
2909.01,2487.9309071498965,421.07909285010373
1806.62,2008.334958101302,-201.71495810130205
4744.38,4296.939928983269,447.44007101673105
4834.75,1715.0888427207194,3119.661157279281
1435.14,2678.77443245803,-1243.6344324580298
5394.32,2821.592017811518,2572.7279821884817
2512.71,5928.042638430438,-3415.3326384304382
721.91,1305.2987472480775,-583.3887472480775
516.79,917.1536861991035,-400.36368619910354
6807.79,4536.705790052918,2271.084209947082
1298.84,2278.042841927113,-979.202841927113
3131.25,3504.8723456587154,-373.6223456587154
6252.63,6259.333139170274,-6.703139170273971
8787.79,6201.224132824968,2586.5658671750325
1210.14,2614.332843461453,-1404.192843461453
10965.17,11960.319973167221,-995.1499731672211
4491.27,5312.61213030652,-821.3421303065197
1158.57,1445.2904495068433,-286.72044950684335
3045.6,1397.5639451627953,1648.0360548372046
5159.54,3995.62371399702,1163.91628600298
1676.45,1953.3552761381848,-276.9052761381847
3167.41,2274.5751881789993,892.8348118210006
1114.79,1678.8680189361578,-564.0780189361578
2738.17,3273.978209560779,-535.8082095607788
1434.54,2136.5670319565515,-702.0270319565516
5417.5,3843.5028176401433,1573.9971823598567
4037.72,5443.389581181967,-1405.6695811819668
3578.47,2195.0846854224255,1383.3853145775743
2566.21,1499.128792134496,1067.081207865504
1299.3,3827.458640272488,-2528.158640272488
719.14,1367.9960643099816,-648.8560643099817
2645.94,1941.8355629940645,704.1044370059356
4689.92,3352.4782600114813,1337.4417399885187
1341.73,1903.3432048445,-561.6132048444999
1574.53,2939.3841431585115,-1364.8541431585115
2085.28,1754.614843969987,330.6651560300131
2933.51,1808.4504311627254,1125.0595688372748
4051.89,5056.694435271911,-1004.8044352719112
3565.41,4283.218453247222,-717.8084532472221
1379.49,1423.7848187681477,-44.29481876814771
1698.81,1864.3766832381393,-165.56668323813938
943.25,1026.6947324815717,-83.44473248157169
2692.32,1850.3383531945522,841.981646805448
3852.79,2379.1536901240756,1473.6363098759243
2696.58,4313.686243737627,-1617.1062437376268
1157.45,1767.4007268958098,-609.9507268958098
5890.9,4873.2846959355265,1017.6153040644731
2877.4,1737.1376323782094,1140.2623676217906
2476.8,1898.747369052411,578.0526309475893
4959.39,6112.436865181038,-1153.046865181038
1563.56,3605.7211828614613,-2042.1611828614614
6404.09,3650.886128529336,2753.203871470664
1422.75,2339.559691608937,-916.8096916089371
1255.92,1149.7231975927002,106.19680240729986
2372.06,2710.1810679528703,-338.12106795287036
483.24,912.0582870604625,-428.81828706046247
783.96,1692.0933451729309,-908.1333451729308
411.42,840.5890437460307,-429.1690437460307
1226.43,1798.5595114024854,-572.1295114024854
1746.54,2546.510435643084,-799.9704356430839
5116.83,1173.5814376876679,3943.248562312332
5736.39,5541.252521103315,195.13747889668502
685.69,1359.4790040411808,-673.7890040411808
549.0,1189.5381047551828,-640.5381047551828
244.82,1189.8142647936231,-944.9942647936232
4259.52,5496.543478007228,-1237.0234780072278
6159.16,5188.082808298356,971.0771917016436
6143.89,3045.7184912277244,3098.171508772276
612.69,1637.9786601559454,-1025.2886601559453
4360.82,4430.706863161486,-69.88686316148596
3905.84,4696.3650943101375,-790.5250943101373
4012.73,2249.9145542247816,1762.8154457752184
6033.64,4742.265453013783,1291.374546986217
3723.78,5814.118997958026,-2090.3389979580256
1932.75,3517.434265413829,-1584.684265413829
2600.09,4317.971641881433,-1717.881641881433
1428.46,1660.4034622170468,-231.94346221704677
6057.73,6013.595110017435,44.134889982564346
1866.16,3808.483261427973,-1942.323261427973
3211.0,2455.608736678605,755.391263321395
1394.23,2568.5255993630135,-1174.2955993630135
9093.79,5309.523697785103,3784.266302214898
859.61,1082.6010618383239,-222.99106183832384
2185.28,4555.955557345064,-2370.675557345064
5134.7,2368.728558795521,2765.9714412044787
2532.33,2469.920706144945,62.409293855054784
626.29,851.7909510853628,-225.50095108536289
1853.9,2421.2370022801992,-567.3370022801992
694.0,1076.1206196289072,-382.1206196289072
1540.53,2774.422247997024,-1233.892247997024
3184.69,7593.573771349207,-4408.883771349207
3985.56,2036.9833179364477,1948.5766820635522
649.41,1765.1822370021162,-1115.772237002116
6792.78,3001.6680804249777,3791.111919575022
938.62,1966.3797303807714,-1027.7597303807715
2752.6,1459.398453501121,1293.201546498879
1569.7,1766.8865159264462,-197.1865159264462
6615.34,6539.948525911853,75.39147408814733
1385.16,995.4243389098536,389.73566109014644
527.88,2140.392693708896,-1612.5126937088958
4067.17,7223.692784737034,-3156.5227847370343
851.07,1586.8615910570688,-735.7915910570688
2137.71,2353.454357500189,-215.74435750018893
2160.35,2652.8609731723527,-492.5109731723528
1613.17,1144.2754820357686,468.89451796423145
1724.94,1682.7155287616727,42.224471238327396
2893.42,2253.5497730927295,639.8702269072705
540.2,1044.8906834885531,-504.6906834885531
1823.58,2447.543135323558,-623.9631353235582
1224.89,5769.6463048274945,-4544.756304827494
843.66,1928.7230020390934,-1085.0630020390936
441.55,1212.899299238574,-771.3492992385741
984.95,1788.5614197726097,-803.6114197726097
7493.57,6619.575498007235,873.9945019927645
2946.13,1966.5324106073272,979.597589392673
2085.64,2519.7277477745506,-434.08774777455073
836.01,879.3822307028864,-43.37223070288644
2029.82,3116.5177823923946,-1086.6977823923946
2247.67,1847.1879517308137,400.4820482691864
1296.88,2909.855949365079,-1612.975949365079
807.02,1843.8857246308335,-1036.8657246308335
2005.96,2289.366005245215,-283.40600524521506
527.53,2143.6533200089175,-1616.1233200089175
344.93,1588.646872153892,-1243.716872153892
904.15,1051.5794346148693,-147.42943461486936
865.43,2734.303967223107,-1868.8739672231072
8838.57,2755.323082055603,6083.246917944396
12019.28,6695.391363581061,5323.888636418939
927.35,2747.903140791756,-1820.553140791756
1526.54,1885.3748951403786,-358.83489514037865
4219.19,5050.401373722372,-831.2113737223726
1011.42,2286.9243742929148,-1275.5043742929147
610.19,4170.2450754800775,-3560.0550754800774
3119.58,1717.327697179198,1402.252302820802
2317.38,2785.0558138484876,-467.67581384848745
4865.84,2812.2021992193145,2053.6378007806857
812.71,3410.5909317198652,-2597.880931719865
827.72,1715.5498876274648,-887.8298876274648
531.58,1075.2970507673274,-543.7170507673274
6361.17,4698.375567893103,1662.7944321068971
2743.58,1702.2514962648017,1041.3285037351982
2133.7,3406.392639682164,-1272.692639682164
824.7,1655.677744901158,-830.9777449011578
2161.73,1542.963299263306,618.766700736694
2046.68,1161.6609789065096,885.0190210934904
3887.69,3460.100798006074,427.58920199392605
3440.95,1500.9931066674742,1939.9568933325256
11976.85,8928.815489863908,3048.0345101360926
815.1,1687.9773230210506,-872.8773230210505
575.19,2227.7138986531395,-1652.5238986531394
2327.23,4325.740016197735,-1998.5100161977348
2287.04,3849.0148187064356,-1561.9748187064356
823.89,1181.6178086527248,-357.7278086527248
3740.67,2945.9503848573054,794.7196151426947
2211.47,3043.193589740622,-831.7235897406222
741.29,1326.0420791985111,-584.7520791985112
3881.03,6200.109019251836,-2319.0790192518357
1337.66,2634.9612879694755,-1297.3012879694754
3982.05,3577.7977133972813,404.25228660271887
677.64,1332.6139550241503,-654.9739550241503
2159.99,3128.647214989378,-968.6572149893782
1069.73,1757.501008648441,-687.771008648441
3644.64,2548.7614095120666,1095.8785904879333
566.28,898.6939988496612,-332.4139988496612
1386.79,1984.2408991157902,-597.4508991157902
3313.45,1710.3809273523564,1603.0690726476435
2535.08,2261.81684698708,273.2631530129197
369.44,1064.4515555894716,-695.0115555894715
2204.58,1347.0223882859336,857.5576117140663
2741.29,2743.0938499462313,-1.8038499462313666
1042.49,1641.430065497062,-598.940065497062
1535.05,1429.9534906382175,105.09650936178241
3041.95,2108.477996960285,933.4720030397148
1686.97,3889.722054196331,-2202.7520541963313
1620.49,3131.71676640139,-1511.22676640139
3823.7,2928.623290291906,895.0767097080939
4063.61,2935.2819953303606,1128.3280046696395
2049.67,3887.0716061278445,-1837.4016061278444
2688.52,4987.265599680242,-2298.7455996802423
928.54,1352.184172912393,-423.64417291239306
13769.15,4085.095478581029,9684.05452141897
1091.69,1406.7155034440093,-315.02550344400925
3184.56,2038.5570175388839,1146.002982461116
2211.27,1163.421897933574,1047.848102066426
4586.58,6566.706057770563,-1980.1260577705634
2681.51,2086.107177979171,595.4028220208293
980.11,1254.3193460133198,-274.20934601331976
3373.7,2842.1008239128196,531.5991760871802
1282.69,2298.5717395750994,-1015.8817395750993
5210.45,2558.8139933450684,2651.6360066549314
885.03,1625.259819219504,-740.229819219504
2271.82,2502.2162986987823,-230.39629869878218
1077.92,2541.341836573619,-1463.4218365736187
2810.54,2637.350782259066,173.18921774093405
3455.26,2525.9535637990684,929.3064362009318
3285.42,3513.6404522348334,-228.22045223483337
2491.99,3424.415109009468,-932.4251090094681
5169.54,4189.499138473848,980.0408615261522
2963.55,4029.885439387676,-1066.3354393876757
557.7,1038.8816034338154,-481.1816034338153
8524.39,4611.938456764071,3912.4515432359285
3605.41,2122.7978229366286,1482.6121770633713
3842.45,6625.669171576538,-2783.2191715765384
15523.43,10580.676610396826,4942.753389603175
11170.31,4949.44468554932,6220.86531445068
2602.97,4508.942842923927,-1905.9728429239271
3681.96,1290.611334578046,2391.348665421954
2700.53,1517.7618586867638,1182.7681413132364
1430.06,2309.055292231217,-878.9952922312173
1943.92,1457.641771229297,486.278228770703
6135.53,4892.564893124689,1242.965106875311
3596.66,3857.0915834954,-260.4315834954
2299.58,3069.2563571749015,-769.6763571749016
378.25,1566.5764446369535,-1188.3264446369535
2081.48,2141.7984848530477,-60.31848485304772
2504.3,1639.1770848090882,865.122915190912
545.44,1167.653509380032,-622.2135093800318
2070.57,5237.217523261982,-3166.647523261982
1919.37,3104.7882686801045,-1185.4182686801046
1734.13,2010.1772549942193,-276.0472549942192
2015.97,1542.9478772440843,473.0221227559157
1609.77,1571.1564089845183,38.61359101548169
1663.08,1538.4875342811229,124.59246571887707
1554.99,1494.2421467310146,60.74785326898541
14186.65,10121.471710000003,4065.178289999996
797.45,1351.458658745889,-554.0086587458889
577.16,1077.815360357519,-500.65536035751904
2252.51,2800.3777491682863,-547.8677491682861
7509.75,3345.4310461436166,4164.318953856384
1476.96,3539.523061945922,-2062.563061945922
3190.75,3903.6620325528183,-712.9120325528183
2392.7,2057.8770169065997,334.8229830934001
2835.09,2762.021092538375,73.06890746162526
915.19,2501.340717718007,-1586.150717718007
931.88,1339.571637918647,-407.69163791864696
6738.9,4205.365401286866,2533.534598713134
4421.13,3621.425422167114,799.7045778328861
965.49,1266.1198250114012,-300.6298250114012
2832.78,5033.939248053973,-2201.1592480539725
923.61,2218.7442649331338,-1295.1342649331336
3364.5,1196.3506624349357,2168.1493375650643
3424.87,3617.1634886953047,-192.29348869530486
1927.62,1437.4588294204068,490.1611705795931
986.11,1721.2418416254773,-735.1318416254773
3023.04,2756.9031963308994,266.1368036691006
4284.88,1951.5887790092283,2333.2912209907718
558.54,1099.1679340307412,-540.6279340307412
2231.02,1603.3427831941292,627.6772168058708
3072.4,1906.2105382998386,1166.1894617001615
556.26,2285.9614073799767,-1729.7014073799767
1331.93,1652.0170200428151,-320.0870200428151
2744.75,2070.2307475219263,674.5192524780737
863.61,2013.6147704383634,-1150.0047704383633
4064.61,2918.270617831486,1146.339382168514
1700.14,3123.54589191365,-1423.4058919136498
1655.92,2438.3175394913105,-782.3975394913105
359.76,1137.216719086214,-777.456719086214
2238.02,3969.742630316516,-1731.7226303165162
1172.35,2757.7938745056576,-1585.4438745056577
1349.67,1653.955329394142,-304.28532939414185
1016.91,2422.0997567661375,-1405.1897567661376
14995.06,13352.56227452381,1642.4977254761889
1156.57,2987.817911981938,-1831.247911981938
3231.0,1996.9072405469963,1234.0927594530037
13941.61,10262.76363623737,3678.84636376263
609.66,883.9957771869357,-274.33577718693573
762.48,1397.3888217908116,-634.9088217908115
544.35,1296.3830183213029,-752.0330183213028
936.36,1787.5360406089978,-851.1760406089978
2381.03,3341.185113287866,-960.1551132878658
509.84,2307.181212073391,-1797.3412120733913
861.17,1547.829473599652,-686.659473599652
5696.69,5782.726056073685,-86.03605607368536
1200.15,1751.2629483557812,-551.1129483557811
4657.82,5463.633005282492,-805.8130052824927
1401.62,1864.8096154225104,-463.18961542251054
1409.55,1585.966142493171,-176.41614249317104
10746.79,5163.822454583988,5582.967545416013
497.8,1130.066063019357,-632.266063019357
1940.38,1750.3356368090747,190.04436319092542
1279.52,1970.3763087889365,-690.8563087889365
1116.54,3274.222441046359,-2157.682441046359
721.9,1423.9247533952769,-702.0247533952769
1570.8,2269.435889405815,-698.6358894058151
1318.34,2850.5606250237815,-1532.2206250237816
3183.43,1632.2824252131495,1551.1475747868503
1302.41,2462.068080976891,-1159.658080976891
2649.2,2737.222606364588,-88.02260636458823
980.49,1692.4704296998816,-711.9804296998816
1412.06,2310.1598580923996,-898.0998580923997
1737.68,1549.123386432037,188.55661356796304
1629.69,1707.2426768383573,-77.55267683835723
5418.2,4470.136487704535,948.0635122954645
6010.74,5643.748002063134,366.991997936866
11410.65,10915.962171071431,494.6878289285687
4228.52,6246.53481511925,-2018.0148151192498
1052.27,2066.2621281686697,-1013.9921281686698
920.19,1296.8933256624123,-376.7033256624122
1079.03,2397.373969437808,-1318.3439694378078
5278.2,3890.85046509051,1387.3495349094896
7106.8,4077.6940929024486,3029.1059070975516
3214.5,3550.549338448119,-336.0493384481192
3996.93,3727.994625711537,268.93537428846275
3912.23,2016.815490082417,1895.414509917583
1834.51,3596.615680353159,-1762.105680353159
3195.32,4259.41881241294,-1064.0988124129394
2620.64,1410.7134655718057,1209.9265344281941
1278.13,4742.327522233232,-3464.197522233232
2040.48,4506.601258319523,-2466.1212583195233
2631.69,2387.0824687054496,244.60753129455043
1950.76,2100.8606819798074,-150.1006819798074
3877.23,5819.390199264359,-1942.1601992643587
5372.55,4346.791234433041,1025.7587655669595
8798.36,4617.8639024179465,4180.496097582054
2071.96,3709.9031345695007,-1637.9431345695007
1585.31,1480.3943275752013,104.91567242479869
1971.81,1983.8071264384607,-11.997126438460782
1616.27,1067.026561694343,549.243438305657
552.1,1898.4338660854596,-1346.3338660854597
1523.55,1896.3381116704297,-372.78811167042977
339.81,1423.6019549139482,-1083.7919549139483
173.13,1328.86013485827,-1155.73013485827
8443.54,6773.92284369353,1669.6171563064709
739.3,1200.7547788656384,-461.45477886563845
8513.68,5846.803748762734,2666.876251237266
5931.8,4289.917822573445,1641.8821774265552
980.53,3661.226386875061,-2680.696386875061
1881.75,2797.2802385668606,-915.5302385668606
1453.12,1176.8256567327185,276.2943432672814
15957.15,5275.278498603932,10681.871501396068
1707.5,1644.1725135938123,63.327486406187745
1250.93,2159.6427466476343,-908.7127466476343
5965.33,3939.5892974847548,2025.7407025152452
879.23,3993.761209178798,-3114.531209178798
1625.87,1497.6766195867008,128.1933804132991
1247.13,2358.771324596345,-1111.641324596345
7811.16,4583.6411172624275,3227.5188827375723
3300.84,2248.5602108137778,1052.2797891862224
1132.43,1323.8168972374697,-191.3868972374696
7676.73,4503.203612333519,3173.5263876664803
4140.33,2402.5842102007027,1737.7457897992972
2753.37,3427.2119365900876,-673.8419365900877
7465.82,2696.366816447249,4769.4531835527505
8574.3,6743.067882828027,1831.2321171719723
1121.68,1770.943473132857,-649.2634731328569
2714.41,4852.012224961942,-2137.602224961942
1107.44,1429.639300621236,-322.19930062123603
1691.37,1671.2541034574645,20.115896542535438
1523.93,1701.9450082560852,-178.01500825608514
3519.23,4547.9941836904745,-1028.7641836904745
2469.6,2674.15883361528,-204.55883361528004
4304.3,5757.2815055454985,-1452.9815055454983
1625.26,3936.3263192714894,-2311.066319271489
1861.99,3195.6716019567248,-1333.6816019567248
2262.02,1622.6640313605446,639.3559686394553
951.54,1761.0028237077222,-809.4628237077222
453.2,1262.2037103124903,-809.0037103124903
3380.91,2476.46498592157,904.4450140784297
610.78,920.7859835780291,-310.00598357802915
3891.84,2528.488916939422,1363.3510830605783
2228.12,3188.4197999788116,-960.2997999788117
1472.02,2106.956002843199,-634.9360028431988
1670.26,2194.9787292743763,-524.7187292743763
6591.15,4752.528080272743,1838.6219197272567
5067.05,6359.684266284295,-1292.6342662842944
620.89,1190.6074245612676,-569.7174245612676
798.97,1415.2584339863265,-616.2884339863265
5324.98,6965.112801299229,-1640.1328012992299
6627.77,9997.515028809528,-3369.745028809528
806.57,1226.3797750994254,-419.80977509942534
343.35,1256.0921056988245,-912.7421056988245
5634.57,4568.2334449451055,1066.3365550548942
1958.66,3355.7820528915577,-1397.1220528915576
1339.38,2673.028183733643,-1333.6481837336428
6213.63,2977.457470905052,3236.172529094948
2443.24,2174.6299895937777,268.61001040622205
5333.0,2301.573936525778,3031.426063474222
1218.05,1978.8396181992189,-760.7896181992189
195.18,2087.5835837665304,-1892.4035837665303
8568.7,2683.0357489039843,5885.664251096016
693.52,1951.6989489464613,-1258.1789489464613
1037.64,1221.2886194050086,-183.6486194050085
1906.57,2380.502881873327,-473.93288187332723
5568.78,6676.250066382449,-1107.4700663824497
3718.55,7793.965266600142,-4075.415266600142
821.28,1601.3339629262844,-780.0539629262844
1965.86,1701.0902870258997,264.76971297410023
1791.7,1131.2987056126228,660.4012943873772
535.54,1707.7543583382667,-1172.2143583382667
1030.11,2087.9558130041014,-1057.8458130041015
2288.1,3337.703457033501,-1049.603457033501
14752.78,8487.38673580056,6265.393264199442
1454.54,2955.6124047999488,-1501.0724047999488
2262.49,4667.213752385816,-2404.7237523858166
779.49,1454.03442535188,-674.5444253518799
913.31,1341.9584912570954,-428.64849125709543
3943.95,4238.3902490515065,-294.4402490515067
8367.25,12454.751363333336,-4087.5013633333365
472.19,1309.9110170423653,-837.7210170423652
3871.88,3940.7149156134874,-68.83491561348728
2152.23,3027.442968356574,-875.212968356574
1685.15,1507.2618659562331,177.88813404376697
2878.27,6459.459181947703,-3581.1891819477028
9818.86,3071.309142661158,6747.550857338842
6714.52,6556.226525703026,158.29347429697464
1532.02,3525.6401447582666,-1993.6201447582666
1837.35,1572.9104743211617,264.4395256788382
5227.85,7508.211009643343,-2280.361009643342
2085.36,2978.8033951726516,-893.4433951726514
811.1,3946.6070633787776,-3135.5070633787777
1220.98,2303.4392471751025,-1082.4592471751025
5405.49,6872.033054137207,-1466.543054137207
1347.6,1341.744322595707,5.855677404292919
2655.01,1929.2275695232906,725.7824304767096
2075.26,1594.9561139664845,480.3038860335157
15013.38,11198.506959007935,3814.8730409920645
1658.93,2723.7188635525254,-1064.7888635525253
1462.64,2056.5129317433984,-593.8729317433983
2322.58,4230.194863536735,-1907.6148635367354
1011.4,1107.507033244246,-96.10703324424605
4556.91,4514.607698384017,42.3023016159832
2374.05,1865.401008928102,508.6489910718981
2520.34,1875.8533753332508,644.4866246667493
1657.13,1314.0023262716454,343.1276737283547
3706.35,3119.9188750666654,586.4311249333346
1502.91,2157.698122909536,-654.7881229095358
1574.52,1676.995596122077,-102.47559612207692
5706.77,4686.180658197427,1020.5893418025735
4322.78,4488.415403923323,-165.63540392332288
1045.93,1484.872103276248,-438.94210327624796
2102.32,2388.933455992269,-286.6134559922689
1324.84,1156.4311092217201,168.40889077827978
2455.09,2125.9666391168894,329.12336088311076
2830.9,1697.003865756823,1133.8961342431771
1095.89,2794.798150721478,-1698.908150721478
1378.27,2280.908483139394,-902.6384831393939
1556.75,1429.2362295465855,127.51377045341451
1883.23,3361.8499122047856,-1478.6199122047856
1114.83,4791.92956978206,-3677.09956978206
378.76,1564.1689345135833,-1185.4089345135833
2954.62,4429.69442445432,-1475.0744244543203
197.07,1831.7460226048863,-1634.6760226048864
7829.13,6885.30756828993,943.8224317100703
2335.75,2182.9219837156197,152.82801628438028
2894.9,2429.7772873609138,465.12271263908633
4952.3,2577.7602584686106,2374.5397415313896
1567.46,1150.1688481397202,417.2911518602798
3643.81,1559.683183755655,2084.126816244345
2616.63,4299.828505519588,-1683.1985055195883
4289.98,2646.8992832193367,1643.080716780663
1099.04,1426.6448936538677,-327.60489365386775
5885.68,8965.572861376928,-3079.8928613769276
1650.75,2672.78936557743,-1022.0393655774301
5056.38,5595.016351115915,-538.6363511159152
2147.2,4008.233078233187,-1861.033078233187
1069.97,1403.698025096526,-333.7280250965259
989.26,1167.5923131005525,-178.33231310055248
1761.73,1856.3158669041122,-94.58586690411221
3374.81,3137.476360137173,237.3336398628271
3748.98,2622.217868085539,1126.762131914461
2680.0,4779.101800608313,-2099.101800608313
3486.69,2996.4775657266564,490.21243427334366
7256.32,5363.447020409917,1892.8729795900827
8646.52,4648.474486443624,3998.045513556376
1890.46,2033.7135422006693,-143.25354220066924
3095.13,6760.49326310505,-3665.3632631050496
6482.37,2726.1909073175048,3756.179092682495
11428.89,9108.11301230017,2320.77698769983
1512.04,2775.564154459829,-1263.5241544598289
898.55,2375.8646869313643,-1477.3146869313643
3055.15,1848.6108245040796,1206.5391754959205
958.04,953.4800047477662,4.559995252233762
1626.55,3024.718154340658,-1398.1681543406582
6537.98,7154.947916443163,-616.9679164431636
2842.53,2629.5860439704043,212.94395602959594
1442.7,1742.8952284340544,-300.19522843405434
960.13,2576.8333381921,-1616.7033381921
5138.76,5077.185635792202,61.57436420779777
2307.17,2603.9920920182662,-296.8220920182662
1023.46,1074.98825838914,-51.528258389139864
5202.59,4690.815714836974,511.77428516302643
4035.33,6054.024692545716,-2018.694692545716
2838.17,2129.9228417925765,708.2471582074236
4592.39,2852.8939765382656,1739.4960234617347
1187.54,1750.3993077712882,-562.8593077712883
588.2,1730.6981703002164,-1142.4981703002163
550.74,865.2554270248681,-314.51542702486813
2535.04,3195.0142188217155,-659.9742188217156
7599.04,2132.330201778235,5466.709798221766
975.82,1389.5988567950587,-413.7788567950587
6234.55,4498.20372553113,1736.3462744688704
1502.58,1785.3862445809975,-282.8062445809976
1026.29,2348.0591612041276,-1321.7691612041276
2837.93,2458.068466434269,379.86153356573095
1753.02,1515.9855961229637,237.0344038770363
1114.16,1035.0736334139015,79.08636658609862
3355.44,2839.581087386573,515.858912613427
2643.38,2043.9793991777196,599.4006008222805
3761.55,3047.8083101974253,713.7416898025749
1073.9,1883.7533746233562,-809.8533746233561
3052.8,2217.9463059861887,834.8536940138115
875.37,2005.238421718332,-1129.8684217183318
4929.93,5429.454060422586,-499.52406042258553
2663.54,3358.8881110442667,-695.3481110442667
761.95,1773.9127674903204,-1011.9627674903204
790.25,1861.1811203879624,-1070.9311203879624
1875.11,1661.3554695922833,213.75453040771663
335.99,2230.9934486044103,-1895.0034486044103
693.18,2657.0831662481232,-1963.9031662481234
717.11,1793.576560489611,-1076.4665604896109
1824.33,1552.8672737866268,271.4627262133731
3984.34,1891.5171471624158,2092.8228528375844
523.54,1710.2871491614826,-1186.7471491614826
2445.99,1349.9484618629413,1096.0415381370585
3701.91,3356.53404466531,345.37595533468993
740.2,1550.1643665288561,-809.9643665288561
3702.53,2248.2653697423807,1454.2646302576195
580.31,1065.4977746260943,-485.1877746260943
4805.15,2832.504923915154,1972.6450760848456
1509.41,1794.4843240008342,-285.07432400083417
8769.83,6610.079285952382,2159.750714047618
2642.72,2974.6899580082913,-331.96995800829154
524.33,1355.0930535229609,-830.7630535229608
7850.82,6268.9779909026665,1581.8420090973332
11092.23,2730.5569250945236,8361.673074905477
2780.44,5193.535226635654,-2413.095226635654
1929.09,2175.8265397835494,-246.73653978354946
1957.49,2382.883584802312,-425.3935848023118
6584.68,5592.528136263588,992.1518637364125
1412.06,2679.648308248976,-1267.5883082489759
5388.35,4185.512895809524,1202.8371041904766
3173.72,3673.422420847849,-499.7024208478492
5225.7,4823.891718359395,401.80828164060495
1332.98,2185.3992055380427,-852.4192055380427
16044.14,13255.478737976191,2788.6612620238084
1353.6,1976.826500873939,-623.2265008739391
254.54,1684.2370814231501,-1429.6970814231502
1584.05,3708.1885839000156,-2124.138583900016
2119.07,1716.9547400740007,402.11525992599945
1488.6,2616.2512835717234,-1127.6512835717235
5906.68,3402.4900906079356,2504.1899093920647
1022.11,2386.6450671689586,-1364.5350671689584
1596.17,1870.086810488176,-273.916810488176
875.59,1285.369517915873,-409.77951791587304
1244.03,3660.7768203394658,-2416.7468203394656
2436.61,1486.7453299867623,949.8646700132379
1280.53,2510.8919365368233,-1230.3619365368234
2588.77,2155.4110976768334,433.3589023231666
5321.49,3343.0098133420006,1978.4801866579992
3603.72,2200.2562881931785,1403.4637118068213
1497.51,1635.9410221620028,-138.43102216200282
591.58,1151.219151550946,-559.6391515509459
1820.38,1412.4586719548192,407.92132804518087
2829.12,2271.2347183544402,557.8852816455596
649.01,3496.377604307874,-2847.367604307874
3794.67,4457.176728047725,-662.5067280477251
2314.33,4954.735783792108,-2640.405783792108
4086.24,2553.1287438353993,1533.1112561646005
619.56,1474.384300024498,-854.8243000244981
1221.58,2166.6523537063676,-945.0723537063677
3457.98,2953.7366729776118,504.24332702238826
624.98,852.7486304002721,-227.76863040027206
888.25,1537.0130382565405,-648.7630382565405
5275.27,2387.279768302909,2887.9902316970915
11670.31,7965.680522276568,3704.6294777234316
4300.62,5851.374364236441,-1550.7543642364408
2181.93,6402.829685068404,-4220.899685068403
915.05,1160.0078115586389,-244.95781155863892
4608.26,5092.473802520783,-484.21380252078234
971.78,2666.241766778997,-1694.461766778997
2232.13,2151.151701290449,80.97829870955093
6992.25,3913.5234625278495,3078.7265374721505
4453.05,2199.0545123680167,2253.9954876319835
3423.57,4347.661975049954,-924.0919750499538
628.76,884.0382722878675,-255.27827228786748
2719.93,3880.816671756677,-1160.886671756677
5304.63,6028.420495298522,-723.7904952985218
19841.53,14092.757562499995,5748.772437500003
6175.24,4611.239759524132,1564.000240475868
8017.88,6708.111064841271,1309.7689351587287
5858.01,3391.6814227255436,2466.3285772744566
12381.91,6937.518695238094,5444.391304761906
545.45,1613.5332725414246,-1068.0832725414245
3956.06,3401.817945084557,554.2420549154431
1270.8,2142.560243796984,-871.7602437969842
964.13,1459.3922148166562,-495.2622148166562
2090.32,2518.5593416191155,-428.2393416191153
962.06,1204.9580672948657,-242.89806729486577
2859.39,1808.5677308726176,1050.8222691273822
668.25,1527.7988816102184,-859.5488816102184
996.02,5268.84398209184,-4272.823982091841
844.36,2068.193626048473,-1223.833626048473
1653.03,1706.115991483251,-53.085991483251064
1268.59,1173.837687115237,94.75231288476289
1239.7,2426.757714779724,-1187.0577147797242
8339.46,6894.644064437797,1444.815935562202
4208.22,3530.643338323147,677.5766616768533
870.61,1431.5172851574764,-560.9072851574764
4786.29,3178.551694911694,1607.7383050883059
818.5,1578.3009842175024,-759.8009842175024
1216.66,1519.317755961175,-302.65775596117487
909.03,2874.569585899633,-1965.5395858996328
594.18,891.8081601082863,-297.62816010828635
6103.07,3819.5058250411903,2283.5641749588094
4018.77,1638.4816470350806,2380.2883529649193
859.78,1770.9313091159531,-911.1513091159532
3521.69,3256.3848337313952,265.3051662686048
2369.11,2148.053854198134,221.05614580186602
1564.65,1504.236491446358,60.41350855364203
1815.42,3377.5131711715735,-1562.0931711715734
4023.36,4644.039946790864,-620.6799467908636
6654.57,7290.516858826409,-635.946858826409
1278.24,1940.5828190441462,-662.3428190441462
3792.72,4121.699314533441,-328.9793145334411
485.97,1159.137739561724,-673.1677395617239
1959.86,2441.8876101318897,-482.0276101318898
1218.24,1637.971159473352,-419.7311594733519
2163.77,2938.6786410131335,-774.9086410131335
3546.24,3552.7036273948183,-6.463627394818559
5855.52,2814.2718206197464,3041.248179380254
1251.62,921.5039028325855,330.1160971674144
1976.03,2018.6738690286686,-42.64386902866863
5220.38,2249.764970075793,2970.615029924207
2633.19,1280.000736194029,1353.189263805971
866.83,1105.7843895081296,-238.95438950812957
673.15,1691.8888801733392,-1018.7388801733392
5437.01,5925.092866751,-488.08286675099953
942.21,1532.0647491854807,-589.8547491854806
4059.61,1814.2118303629593,2245.398169637041
1162.06,1924.683718602099,-762.623718602099
577.47,3214.032014409112,-2636.5620144091117
2086.56,3454.036277731328,-1367.476277731328
1085.11,1712.2472186297216,-627.1372186297217
803.35,1452.1397356593839,-648.7897356593838
12145.5,7031.802475591244,5113.697524408756
12432.48,7428.2106485588665,5004.269351441133
3151.96,4507.713431386554,-1355.7534313865535
4309.29,4403.995234501425,-94.70523450142537
2641.59,2835.8775594298854,-194.28755942988528
1473.87,2843.4338058760127,-1369.5638058760128
352.18,2085.738615284764,-1733.5586152847638
3104.74,4648.945992775331,-1544.2059927753317
765.3,4746.8029523018595,-3981.5029523018593
1547.03,2971.6970694243023,-1424.6670694243023
4913.96,1979.5478098394797,2934.4121901605204
594.11,1250.6428428123334,-656.5328428123333
1528.29,1891.8340590860116,-363.54405908601166
4433.84,6413.91897236618,-1980.07897236618
1774.77,1656.778885311741,117.9911146882589
1933.27,1355.784932763672,577.485067236328
2017.37,4567.514549368757,-2550.144549368757
4891.47,3500.5146231295726,1390.9553768704277
3183.0,1744.4187533416011,1438.5812466583989
1794.53,2129.8200203172614,-335.29002031726145
1334.91,3622.7669286367363,-2287.8569286367365
2519.71,2178.875287280827,340.83471271917324
2601.86,1800.3062263529164,801.5537736470837
1847.96,2861.296691803291,-1013.3366918032912
1236.0,2246.5034757144836,-1010.5034757144836
1188.0,1833.8064807231633,-645.8064807231633
2192.8,3447.5423088381567,-1254.7423088381565
3771.67,2989.108855687666,782.5611443123339
536.06,860.5699152015106,-324.5099152015107
6167.16,2417.1438151764905,3750.0161848235093
2814.99,2223.488167722384,591.5018322776159
5421.67,3280.0241426870566,2141.6458573129435
561.01,1778.3667435954785,-1217.3567435954785
6612.46,6261.651747996611,350.8082520033886
3379.56,1998.2585858411599,1381.30141415884
3073.84,2452.044807263339,621.7951927366612
6228.31,2566.9725411887875,3661.337458811213
2103.99,1769.844288958626,334.1457110413737
3445.44,2135.512156754693,1309.927843245307
4911.95,6993.890641905622,-2081.940641905622
2136.89,1877.800870384062,259.08912961593796
513.51,1631.6125003629788,-1118.1025003629788
4346.14,4792.0649002820455,-445.9249002820452
2692.57,2597.0776467956744,95.49235320432581
1883.15,1183.4695630178771,699.680436982123
1661.44,2289.417959266372,-627.9779592663717
1774.72,2303.84301121066,-529.1230112106598
1057.54,1185.6156762871346,-128.07567628713468
881.93,1832.9315439663142,-951.0015439663142
1799.82,2203.58091386401,-403.76091386401026
1332.16,3982.9716402274285,-2650.811640227428
1386.13,2362.9556026848154,-976.8256026848153
10038.53,5629.491086646773,4409.038913353228
2799.36,3139.8337445370357,-340.4737445370356
967.44,1531.7727754888574,-564.3327754888574
1165.92,3231.104852996181,-2065.184852996181
1832.27,1323.6667743443986,508.60322565560136
1840.35,2296.154391415875,-455.8043914158752
1696.62,1804.7522910889154,-108.13229108891551
871.73,3693.3597555528495,-2821.6297555528495
4611.23,5842.603584787466,-1231.3735847874668
9383.8,4538.606585031926,4845.193414968073
827.32,1733.148439609842,-905.8284396098419
6093.34,4816.554579730083,1276.7854202699173
2132.7,2154.054439540838,-21.35443954083803
1564.12,1203.7555718335932,360.3644281664067
1347.15,1578.7768589829107,-231.62685898291056
580.94,2300.5084829857265,-1719.5684829857264
3946.34,2724.506445316057,1221.833554683943
4414.66,3487.8918158501947,926.7681841498052
7844.58,5737.308166338269,2107.271833661731
2495.87,2734.7809817527504,-238.91098175275056
1282.3,1626.3946932155002,-344.09469321550023
1244.41,1738.3274453418014,-493.91744534180134
2296.39,2548.728721017722,-252.33872101772204
516.22,1603.642717162694,-1087.422717162694
1704.39,2462.048146549094,-757.6581465490938
9746.69,8152.410267848614,1594.2797321513863
3371.63,2471.789540371457,899.8404596285432
1105.21,2416.692261909721,-1311.4822619097208
5802.39,6114.130894773181,-311.740894773181
2956.44,2076.483113794829,879.956886205171
1468.75,8314.098650707356,-6845.348650707356
880.12,1498.7046639422335,-618.5846639422335
1341.15,2062.5480539953596,-721.3980539953595
2246.3,1757.3178838987278,488.98211610127237
3735.38,3679.869099894876,55.510900105124165
1238.58,1938.5493352672465,-699.9693352672466
4472.62,3900.805587183522,571.8144128164777
12970.28,3806.9847390826653,9163.295260917335
508.87,1676.946494609429,-1168.0764946094291
1361.63,1475.7127107849526,-114.0827107849525
605.12,1023.0196040078064,-417.8996040078064
2982.45,4187.499007936508,-1205.0490079365081
1870.25,2214.090925007593,-343.8409250075929
5216.54,4398.539325984831,818.0006740151694
8303.04,5012.453727893714,3290.5862721062867
3806.95,3894.3610111162666,-87.41101111626676
10030.36,5868.926994901349,4161.433005098652
1876.68,4508.0641804854595,-2631.384180485459
1190.01,2706.7293804749374,-1516.7193804749375
1441.93,1436.2554887765964,5.67451122340367
3006.71,1824.8294939557925,1181.8805060442076
987.84,1157.66540403997,-169.82540403997007
1351.87,1802.7643436560982,-450.8943436560983
5986.48,2118.654812599359,3867.8251874006405
1499.33,1812.1831665286973,-312.85316652869733
955.39,2597.9334711576485,-1642.5434711576486
814.48,1867.8793469197203,-1053.3993469197203
2812.66,2093.3584304139004,719.3015695860995
1314.33,1030.8682663069726,283.4617336930273
12020.29,6473.363050438141,5546.92694956186
1001.44,1127.0342392569087,-125.59423925690862
1975.71,2946.2383931472227,-970.5283931472227
837.73,1774.769688656793,-937.039688656793
3458.44,4726.82013784357,-1268.3801378435696
3870.21,3953.0656153265645,-82.85561532656448
1026.26,1756.1002152887836,-729.8402152887836
745.51,1972.756746942107,-1227.246746942107
5196.22,2972.53258301764,2223.6874169823604
644.5,1212.9827078112394,-568.4827078112394
10664.23,9258.649805327934,1405.5801946720658
1933.02,1802.3789562120066,130.64104378799334
3558.53,2157.5979463979984,1400.9320536020018
10656.23,9584.442703134919,1071.7872968650809
6197.85,3086.7876774866872,3111.062322513313
2346.82,3537.4231518539495,-1190.6031518539494
9612.72,6126.849565199323,3485.870434800677
842.63,1379.0096635281498,-536.3796635281498
874.9,1551.6633633846006,-676.7633633846007
816.94,869.9248010981008,-52.984801098100775
334.42,823.8572652158913,-489.4372652158913
1821.49,2522.383477722317,-700.8934777223169
5762.73,2245.491539852765,3517.2384601472345
3935.61,3556.798530643215,378.811469356785
961.83,1171.8792766606962,-210.04927666069614
1902.03,3647.7809601481526,-1745.7509601481527
2807.66,2773.3709064083073,34.28909359169256
885.85,2545.927288958004,-1660.077288958004
5127.19,4973.167644789637,154.02235521036255
2086.69,4532.313858120126,-2445.6238581201255
970.24,1483.646038843961,-513.4060388439609
2273.48,1888.0892788850806,385.3907211149194
3534.87,1721.8321503394677,1813.0378496605322
873.47,1375.3434037365723,-501.8734037365723
4939.82,2708.5152027837257,2231.304797216274
2549.92,2702.8649697083347,-152.9449697083346
1170.97,2444.6463259509005,-1273.6763259509005
20492.01,10258.84862496975,10233.161375030248
3670.49,2044.7985874797846,1625.6914125202152
672.37,1551.698862044104,-879.3288620441041
3037.03,1826.7995627969174,1210.2304372030828
2562.16,2572.5969069841267,-10.436906984126836
2402.75,2048.2600013532356,354.48999864676443
1271.05,1437.2085209723148,-166.15852097231482
1832.06,1446.536872778361,385.523127221639
717.22,1793.377764803167,-1076.157764803167
1039.74,2509.504232581969,-1469.764232581969
3388.16,2990.5281183978695,397.6318816021303
918.27,1267.3671343723177,-349.09713437231767
926.47,1612.1668786309808,-685.6968786309808
3966.25,2316.7597534711285,1649.4902465288715
836.02,1164.4506937750098,-328.4306937750098
3377.95,2342.8065662100958,1035.143433789904
6865.5,3702.2006275396798,3163.2993724603202
2109.98,5012.714089906094,-2902.734089906094
2891.46,2402.6117903064282,488.8482096935718
4821.21,2544.751451697313,2276.458548302687
3337.34,2299.9523695656053,1037.3876304343949
13324.34,4963.23516717087,8361.104832829129
2509.51,3232.25391848162,-722.7439184816199
1168.14,1787.3026973971728,-619.1626973971727
5409.39,3173.92899103401,2235.4610089659905
615.66,1449.8879634588416,-834.2279634588416
684.52,1388.0297111437355,-703.5097111437356
3963.12,3250.7934545362646,712.3265454637353
3247.8,4143.0491603743,-895.2491603743001
6164.25,3245.0001716784936,2919.2498283215064
3128.07,2839.1519429870423,288.9180570129579
2993.2,2260.5714878447125,732.6285121552874
4211.02,3739.3714265949984,471.648573405002
2394.18,2614.377686675982,-220.19768667598237
4328.45,7035.18545085498,-2706.7354508549806
4041.89,1950.1591333368558,2091.7308666631443
7238.38,3496.441413233194,3741.938586766806
2027.52,3256.8453199659725,-1229.3253199659725
1305.2,2390.0189539768257,-1084.8189539768257
1043.71,1449.4546190143496,-405.7446190143496
847.0,7350.862466031455,-6503.862466031455
2077.81,5135.538879078115,-3057.7288790781154
4733.51,3874.033197954393,859.4768020456072
2960.93,2225.5481475508395,735.3818524491603
856.29,2167.665593207032,-1311.3755932070321
1420.43,1711.5462484086001,-291.1162484086001
1779.12,3411.6189035180114,-1632.4989035180115
3429.27,7704.200152319128,-4274.930152319128
6455.68,6129.147695656564,326.5323043434364
4299.22,1580.8760198475243,2718.343980152476
2705.16,2601.540803559011,103.61919644098907
1455.41,2783.7846756194817,-1328.3746756194816
1910.25,4257.31821739818,-2347.0682173981804
970.55,1269.8555821540267,-299.30558215402675
3686.55,4035.408694644887,-348.8586946448868
971.8,1836.1469267539342,-864.3469267539342
3038.74,3935.8681078161885,-897.1281078161887
4874.0,3915.674551626564,958.3254483734358
2654.29,3053.4821488242214,-399.1921488242215
2794.2,6058.5334544715215,-3264.3334544715217
3445.91,3006.0011624138197,439.9088375861802
18865.8,6984.667525107972,11881.132474892027
8178.4,6129.305493891056,2049.0945061089433
2681.42,1212.701964470369,1468.7180355296312
1893.1,1704.5165352718643,188.5834647281356
4478.61,6026.81100847123,-1548.2010084712301
2312.87,4875.355635620793,-2562.485635620793
5402.18,3087.3041006752096,2314.8758993247907
1989.7,2069.4897339912313,-79.78973399123129
1165.32,2247.8627446832716,-1082.5427446832716
2671.17,3181.496463819301,-510.3264638193009
1309.1,4386.089348831321,-3076.9893488313214
4930.04,5524.811399802754,-594.7713998027539
2197.08,2407.6909271262966,-210.6109271262967
2485.36,3827.1312786119565,-1341.7712786119564
2488.79,1969.8093347395072,518.9806652604927
1837.66,1374.0304779845399,463.6295220154602
2188.8,3730.754910768872,-1541.9549107688717
1383.49,1592.580642704461,-209.09064270446106
3350.08,4331.342830281059,-981.262830281059
4101.18,3506.159918085248,595.0200819147522
1469.82,3796.1561839032556,-2326.336183903256
2992.39,1977.8223824231222,1014.5676175768776
842.94,2460.9211588806015,-1617.9811588806015
4727.87,6303.840409642855,-1575.970409642855
4516.16,1698.1944958858594,2817.9655041141405
1199.28,2118.9211878362157,-919.6411878362157
1251.56,1867.800178012898,-616.240178012898
2368.76,1949.2353255323978,419.5246744676024
6495.92,4730.654939597077,1765.2650604029232
7225.31,9499.437448710563,-2274.127448710563
1628.55,2345.4525159017985,-716.9025159017986
1498.01,1681.2611783268837,-183.25117832688375
1255.52,1624.0709676378674,-368.5509676378674
518.93,1522.673587290071,-1003.7435872900711
1087.8,1084.3480156764583,3.4519843235416374
3425.58,2753.9683066483476,671.6116933516523
5392.25,7312.042406865081,-1919.792406865081
888.47,2081.87927286229,-1193.4092728622898
2736.47,2856.0477345855343,-119.57773458553447
4476.02,2187.148733663939,2288.8712663360616
1652.88,1439.4301718184474,213.44982818155268
892.38,1959.2570293111787,-1066.8770293111788
391.36,1387.4579243956293,-996.0979243956293
2596.37,2762.9121442366754,-166.54214423667554
544.1,1983.3142107691704,-1439.2142107691702
3519.53,2052.5665406741928,1466.9634593258074
1973.78,1586.3477170177885,387.4322829822115
3053.83,4412.692974728655,-1358.862974728655
1644.75,8662.949775316425,-7018.199775316425
7843.58,2713.840025264028,5129.739974735972
2060.48,1671.016522154544,389.46347784545605
1239.17,1278.839492695065,-39.669492695064946
3868.09,5360.5610323245455,-1492.4710323245454
2375.92,2468.074981091584,-92.15498109158398
1132.44,3787.6393069717997,-2655.1993069717996
733.48,1223.5594536636686,-490.0794536636686
777.12,2351.469332530432,-1574.349332530432
366.92,1871.1656499521005,-1504.2456499521004
4569.8,2204.6060124821292,2365.193987517871
5824.75,5301.530478482313,523.2195215176871
2359.13,2844.0711278909444,-484.94112789094424
542.01,1465.608738375935,-923.598738375935
7241.85,7210.933730728297,30.91626927170364
752.08,1631.902589499909,-879.822589499909
1139.54,4680.127719613889,-3540.587719613889
130.0,1842.225885894538,-1712.225885894538
4222.99,4414.66280719257,-191.67280719256996
1448.7,3037.8762198912805,-1589.1762198912804
4995.25,3629.86370840932,1365.3862915906798
755.53,1005.7045553902962,-250.17455539029618
3090.28,3312.360582916123,-222.0805829161227
1449.88,2651.6463982423197,-1201.7663982423196
1875.19,3714.2266816526612,-1839.0366816526612
3286.68,3885.459086878887,-598.779086878887
5053.88,4837.980464478951,215.89953552104907
759.28,1888.558148461125,-1129.278148461125
9109.19,7210.681213368882,1898.5087866311187
1783.27,3009.6841232890665,-1226.4141232890665
818.96,1289.5465673325393,-470.5865673325393
731.56,1769.2696674737747,-1037.7096674737747
3670.28,3810.134542348221,-139.854542348221
1447.75,1800.7616980420569,-353.0116980420569
1319.38,1625.8962717955133,-306.51627179551315
3096.31,3637.6022505985225,-541.2922505985225
741.49,1402.4305588813083,-660.9405588813083
10128.09,2967.7148796592664,7160.375120340734
2144.24,2282.2913424529725,-138.05134245297268
3581.06,5572.382490432891,-1991.3224904328913
2840.56,6039.508221267753,-3198.9482212677526
910.65,1422.8778622143955,-512.2278622143955
4438.48,4750.241947659291,-311.76194765929176
1695.32,2571.908445483832,-876.5884454838322
2884.02,5012.924936525905,-2128.9049365259048
1678.23,1981.6750932886862,-303.44509328868617
1603.15,8238.906970238091,-6635.7569702380915
8947.84,9438.324672943627,-490.4846729436267
1624.41,2084.6667271689907,-460.25672716899066
601.45,3468.7608388895337,-2867.3108388895334
1080.0,2902.919001546965,-1822.9190015469649
1400.04,2877.1523044158366,-1477.1123044158367
1380.2,1776.7336194589743,-396.5336194589743
3672.4,4772.034024454004,-1099.6340244540038
5651.35,3831.8178737698404,1819.53212623016
1106.74,1109.8677340903114,-3.127734090311378
1212.28,1788.3043838289093,-576.0243838289093
6077.86,1562.494739911394,4515.365260088605
3789.03,2360.30162957244,1428.72837042756
518.41,1103.0381617463388,-584.6281617463388
2696.88,4311.538799960641,-1614.6587999606409
1837.42,2833.9236224891774,-996.5036224891774
699.58,1206.956655574826,-507.37665557482603
4663.51,7348.908181534474,-2685.398181534474
14768.03,8547.421913998964,6220.608086001037
3762.3,2510.1334631610794,1252.1665368389208
1042.18,4810.542207897667,-3768.362207897667
1000.06,1157.4257586577646,-157.36575865776467
397.04,1657.6844948396363,-1260.6444948396363
5890.93,8476.403025860804,-2585.4730258608033
5809.77,4905.212146670675,904.5578533293256
3460.48,2762.7928887130865,697.6871112869135
3639.94,3247.2645824709693,392.6754175290307
4315.7,4078.446670783154,237.25332921684594
3680.55,3530.057387690183,150.4926123098171
1541.06,2833.9520371752496,-1292.8920371752497
1914.64,1510.8813241219523,403.7586758780478
833.68,2190.4068613227296,-1356.7268613227297
866.4,835.3569356288124,31.043064371187597
876.42,1357.4164041740178,-480.9964041740178
3089.16,1723.3487619548066,1365.8112380451932
1767.92,4445.674942424737,-2677.7549424247372
2648.85,2035.762588689635,613.0874113103648
3297.19,2149.181312954542,1148.008687045458
1704.91,2189.9253168963587,-485.0153168963586
5237.72,4651.610838413127,586.1091615868736
4756.61,5008.008483033963,-251.3984830339632
2809.57,2340.6713194821223,468.8986805178779
1213.56,1648.9481717050385,-435.38817170503853
1038.88,1523.1330042999987,-484.25300429999857
5883.15,3506.3802994401603,2376.7697005598393
971.25,1626.6162080302013,-655.3662080302013
12223.56,6875.296341583643,5348.2636584163565
1999.47,3644.583022708818,-1645.113022708818
1663.06,3460.431756365972,-1797.371756365972
1372.44,1425.1062480275054,-52.66624802750539
2074.4,1575.1114718190202,499.28852818097994
4312.47,1739.5422959058874,2572.927704094113
1541.76,2572.4032678148883,-1030.6432678148883
1111.41,1226.7359416825427,-115.32594168254263
1169.19,1506.5345452156441,-337.3445452156441
1364.18,1864.352019723176,-500.17201972317594
4223.76,3993.1770142852793,230.58298571472096
2137.37,2074.784516160825,62.585483839174685
1430.29,1682.0209962246652,-251.7309962246652
4008.52,7647.627431033139,-3639.107431033139
639.01,2254.029142600489,-1615.0191426004892
5751.09,4728.520146623478,1022.5698533765226
2902.63,3421.7717951344284,-519.1417951344283
1936.86,3406.7651349492053,-1469.9051349492054
7111.69,9008.651254166665,-1896.9612541666656
1474.47,1320.6993121158005,153.77068788419956
9098.16,4964.693966858448,4133.466033141552
1689.37,1571.7911676006863,117.57883239931357
1036.91,1667.008808956742,-630.098808956742
526.3,1151.973901820576,-625.673901820576
16453.31,2379.1918982752495,14074.11810172475
1152.73,2156.0521257074474,-1003.3221257074474
7247.33,4647.117670540045,2600.212329459955
560.3,1572.0929970050272,-1011.7929970050272
1841.15,3516.8037670238095,-1675.6537670238095
22302.6,4554.197422651747,17748.40257734825
870.14,1450.4170482551408,-580.2770482551408
1798.54,1687.7379244157898,110.80207558421012
1663.91,2435.9296039112105,-772.0196039112104
3475.41,2601.6090498711246,873.8009501288752
2311.72,1920.4444767742657,391.2755232257341
3528.52,2239.712691824367,1288.807308175633
16373.95,9016.822375027024,7357.127624972976
9140.96,9319.123762857145,-178.16376285714614
1292.66,4412.74053480702,-3120.08053480702
1940.12,5258.569065746632,-3318.449065746632
1273.26,3604.8412130083643,-2331.581213008364
850.92,1787.9402211926222,-937.0202211926222
2838.05,1861.4453726884383,976.6046273115619
2678.55,1700.9293786343385,977.6206213656617
1339.09,2914.3689230304344,-1575.2789230304345
557.66,2372.2625973347526,-1814.6025973347528
775.53,1342.0130969792474,-566.4830969792474
952.32,1211.3764086416306,-259.0564086416306
5590.09,3934.914703199578,1655.175296800422
4599.52,5522.213050604761,-922.6930506047602
3256.19,3450.5899491567716,-194.39994915677153
1872.95,1661.7228585439964,211.22714145600366
2895.7,2715.464537432317,180.23546256768304
890.09,1761.2175723045377,-871.1275723045377
9846.04,3454.4704863086895,6391.569513691311
3422.93,2211.870659085411,1211.059340914589
1692.4,2195.0788233187636,-502.67882331876353
2188.3,4174.57205137479,-1986.27205137479
1611.66,2191.0465743466084,-579.3865743466083
3645.91,2319.2433942612465,1326.6666057387533
3936.57,3785.2554607111033,151.31453928889687
1400.88,1621.6485278870105,-220.76852788701035
4894.06,4193.549137270018,700.5108627299824
3931.77,4300.667749198532,-368.897749198532
1586.02,2893.5148754999695,-1307.4948754999696
2015.91,1548.9709159765046,466.9390840234955
741.13,1117.3639784120337,-376.2339784120337
1641.19,2252.6892933687636,-611.4992933687636
3913.23,3772.3065642808715,140.92343571912852
11618.12,9007.351313124655,2610.7686868753462
6488.8,6409.966908609269,78.83309139073117
5914.69,4882.78851645068,1031.90148354932
2312.53,2235.571449382361,76.95855061763905
850.87,1578.9585449218953,-728.0885449218953
728.63,1050.6985924080486,-322.06859240804863
1893.39,1372.5591094137644,520.8308905862357
2002.29,2958.73467311763,-956.4446731176299
1414.47,3738.1042183270056,-2323.6342183270053
683.21,1505.1917119675945,-821.9817119675945
918.91,1462.7229034479574,-543.8129034479574
1072.93,2159.981697544675,-1087.051697544675
6747.27,1609.9567878917844,5137.313212108216
10311.03,6237.757288145164,4073.2727118548364
1710.18,1322.387576061576,387.792423938424
5427.31,6316.814925067257,-889.5049250672564
7253.61,6448.233831421877,805.3761685781228
5999.66,3674.7954719017253,2324.8645280982746
3940.34,5043.434748854612,-1103.0947488546117
2651.52,4299.076062716534,-1647.5560627165337
390.0,2749.9412952663174,-2359.9412952663174
1657.25,3868.071555407762,-2210.821555407762
2855.39,2519.4154025716207,335.9745974283792
5857.21,3890.145519572958,1967.0644804270419
2737.27,2531.570576188302,205.69942381169813
1504.57,1813.1281174221526,-308.5581174221527
2229.76,2440.6829541737143,-210.92295417371406
1034.01,2849.010491428572,-1815.000491428572
732.91,1597.861808401928,-864.9518084019281
4989.16,4239.162942638057,749.997057361943
4245.9,3151.4663810574384,1094.4336189425612
534.93,1644.7359669759494,-1109.8059669759496
5891.87,1646.8129801531336,4245.057019846867
5166.79,6055.0591436588065,-888.2691436588066
2497.62,2653.7560198723954,-156.13601987239554
353.23,1047.3134045037193,-694.0834045037193
4742.53,1665.5119603295088,3077.018039670491
4262.81,3762.2611330897075,500.5488669102929
795.33,2566.7071008811813,-1771.3771008811814
1612.48,1228.9270824118043,383.55291758819567
811.75,2246.937412672106,-1435.187412672106
3108.47,3364.5683135508484,-256.0983135508486
2048.07,6359.201060897239,-4311.131060897238
6763.8,3091.2804712872153,3672.519528712785
1329.84,1745.4287475141484,-415.5887475141485
1562.32,1565.3497244963792,-3.029724496379231
2370.83,2370.7862138329733,0.0437861670266102
798.98,1752.3594335922744,-953.3794335922744
3010.22,2350.8113439418057,659.4086560581941
1508.7,3396.268587089011,-1887.5685870890109
1761.63,4077.127684515685,-2315.497684515685
752.54,1618.3969758786595,-865.8569758786596
1713.69,1193.9677553738575,519.7222446261426
791.71,4105.901229024084,-3314.1912290240844
5989.01,3291.156301207034,2697.853698792966
5565.82,2663.8935995159195,2901.92640048408
1822.99,1722.22711400664,100.76288599335999
6086.48,5856.462239481587,230.01776051841262
16946.2,6308.685472144559,10637.514527855441
3030.07,1976.2858142307086,1053.7841857692915
1373.69,1510.0889649370804,-136.39896493708034
2813.93,2984.308121361889,-170.37812136188904
2694.81,6941.620419620291,-4246.810419620291
3122.09,2335.7538266527117,786.3361733472884
3523.03,2964.3590748549964,558.6709251450038
2409.34,3630.7522149056645,-1221.4122149056643
1478.28,1391.213210179305,87.06678982069502
594.39,4689.6531367013695,-4095.2631367013696
6866.22,5199.068809608517,1667.1511903914834
13376.8,6812.551188160174,6564.248811839825
607.19,1238.8759210371686,-631.6859210371686
2684.95,2157.849507943047,527.100492056953
1738.94,1674.269581549064,64.67041845093604
1657.67,3756.7651174429975,-2099.0951174429974
1039.33,1290.1740831189218,-250.84408311892184
956.5,889.708521664475,66.79147833552497
10402.27,10511.245760714284,-108.97576071428375
808.67,1184.4712907936073,-375.80129079360734
337.9,1089.6353647114604,-751.7353647114604
3659.92,4975.554012555676,-1315.6340125556762
2307.49,2535.2944892679798,-227.80448926798
8039.67,4946.773469521358,3092.8965304786425
2341.13,2323.5143674049305,17.615632595069656
2159.08,1775.181274834329,383.89872516567084
5779.84,2509.2336333134594,3270.6063666865407
8514.6,8262.8450921359,251.75490786410046
3056.4,2158.997397547502,897.4026024524983
1168.58,2358.3045050913956,-1189.7245050913957
2034.05,3553.626599235988,-1519.5765992359882
2202.77,2284.0705880253972,-81.30058802539725
2289.63,1991.3767830807171,298.253216919283
995.42,1595.2459957813098,-599.8259957813099
4665.17,6578.343037496516,-1913.1730374965164
2122.92,1839.7164555180245,283.20354448197554
1244.73,1267.681685107766,-22.951685107766025
8150.4,5158.569064749693,2991.8309352503065
2204.61,4170.716622847909,-1966.106622847909
2926.04,2224.628977852417,701.411022147583
660.0,1300.1529416421774,-640.1529416421774
846.73,1198.9109252097028,-352.18092520970276
805.81,1357.4053927735604,-551.5953927735604
2324.92,1571.013387765206,753.906612234794
3839.66,3684.7420312536624,154.91796874633746
11210.94,4140.771550639469,7070.168449360532
4077.65,1926.7219285272554,2150.9280714727447
7556.44,3081.628728832864,4474.811271167136
1349.06,2220.824459151514,-871.7644591515141
3096.65,2623.8333713133434,472.8166286866567
2529.66,1776.0506688259748,753.6093311740251
1343.46,3134.4077589937415,-1790.9477589937414
2272.11,2830.2876212527894,-558.1776212527893
2742.56,2038.2541078833733,704.3058921166266
871.81,2276.821438092923,-1405.011438092923
996.72,4075.587737783546,-3078.8677377835456
2337.35,2775.8789913028822,-438.52899130288233
1151.23,3985.223779225099,-2833.993779225099
442.57,1980.3843671355362,-1537.8143671355363
1924.72,2416.0057394353976,-491.28573943539755
6298.3,5935.237293390104,363.06270660989594
997.87,1381.4445653368111,-383.57456533681113
2119.97,2474.2762289446737,-354.3062289446739
9811.18,4128.400748448025,5682.779251551975
4833.79,4557.567201123645,276.2227988763552
1695.54,1864.1553519144761,-168.61535191447615
3922.48,2386.724522653115,1535.755477346885
4100.48,3417.5588985533723,682.9211014466273
1534.74,3923.8034684367526,-2389.0634684367524
1879.22,1187.1597285954101,692.0602714045899
1435.16,1583.979631125394,-148.81963112539393
3277.37,2359.1287605047023,918.2412394952976
4074.1,4606.460727530574,-532.3607275305744
954.64,1243.0719171814294,-288.4319171814294
1463.77,1535.3226611633133,-71.55266116331336
1854.48,2272.7107468041727,-418.23074680417267
1212.94,826.38204418983,386.55795581017003
4675.67,3698.3845245890534,977.2854754109467
2135.81,2632.246799228752,-496.4367992287521
1451.62,1742.960960198603,-291.34096019860317
1434.98,1444.7997277284999,-9.819727728499856
678.17,837.2769813516529,-159.10698135165296
5336.4,5274.851462284333,61.5485377156665
2560.94,1805.0967196151332,755.8432803848668
2274.37,1826.2239987632038,448.1460012367961
6162.87,3407.203043055205,2755.666956944795
1696.14,1298.864303107343,397.27569689265715
11428.64,9037.418105844152,2391.2218941558476
1718.99,2744.942153750964,-1025.9521537509638
3487.81,2629.509145856635,858.3008541433651
452.14,1259.0626629869862,-806.9226629869862
2676.2,1912.7476278701608,763.452372129839
1064.38,5536.946998478998,-4472.566998478997
5780.46,8320.81161796531,-2540.3516179653097
988.36,1120.7015195713718,-132.3415195713718
1962.04,3544.2192900849336,-1582.1792900849337
663.19,1545.1556441536327,-881.9656441536326
725.84,862.3621266734673,-136.52212667346726
2207.2,2888.202016786912,-681.002016786912
7367.49,2404.5799387508364,4962.910061249164
4985.4,4469.584964269004,515.815035730996
1204.0,2227.8902350377325,-1023.8902350377325
967.98,1580.492200533364,-612.512200533364
828.32,1199.2641718434536,-370.94417184345355
5492.7,2860.4302442105904,2632.2697557894094
2903.22,2436.9236276469114,466.2963723530884
2801.25,2175.5492498914055,625.7007501085945
2226.94,2534.621662921869,-307.6816629218688
580.64,1488.4773492084994,-907.8373492084994
5459.93,2646.9369254535472,2812.993074546453
1709.9,1229.4147578060674,480.48524219393266
8561.84,6497.579236353832,2064.260763646168
3933.11,1493.6941685043773,2439.415831495623
2478.88,4298.356931020203,-1819.4769310202028
2808.58,1828.8643768999307,979.7156231000693
820.9,958.177966778879,-137.27796677887898
2190.08,2033.8162402517985,156.26375974820144
3235.9,2795.9141626206865,439.9858373793136
1570.93,1168.6224665082277,402.30753349177235
1580.01,1170.2646725771688,409.7453274228312
2118.39,1541.9945424470984,576.3954575529015
8489.74,3967.1117006913682,4522.6282993086315
1258.34,1568.7035660410922,-310.3635660410923
2731.27,2122.8424627483746,608.4275372516254
4546.41,1224.5559020823127,3321.854097917687
2189.2,1908.2036839094328,280.996316090567
1421.08,1682.3731630168945,-261.2931630168946
1071.18,2831.4253402607837,-1760.2453402607837
1276.7,1518.647480875793,-241.94748087579296
3384.77,5386.452412701478,-2001.6824127014784
2558.39,1752.3724823401874,806.0175176598125
1695.46,1820.7332061788247,-125.2732061788247
934.95,1977.1600969635133,-1042.2100969635133
1194.24,1578.512054937189,-384.27205493718907
586.37,1396.9963310702258,-810.6263310702258
6816.27,5060.278051540137,1755.9919484598631
4852.24,4328.680814061321,523.5591859386786
611.3,950.503556522957,-339.203556522957
3604.53,3741.8618728197694,-137.33187281976916
1526.19,1862.6982456736107,-336.50824567361065
3125.68,3221.5423598752513,-95.86235987525151
1733.95,1669.0242009673593,64.92579903264073
1331.76,1168.4618999703903,163.2981000296097
3112.67,1894.8767485485928,1217.7932514514073
7787.15,6395.768187106779,1391.3818128932207
1868.72,2985.109650515105,-1116.389650515105
4750.66,3071.663022522245,1678.996977477755
5241.97,3509.854607839969,1732.1153921600312
2966.42,3804.1624541271567,-837.7424541271566
3200.96,3496.724900875238,-295.7649008752378
539.82,1962.582857262623,-1422.7628572626231
1688.64,2456.829312416683,-768.1893124166829
1539.98,1820.796926314902,-280.81692631490205
1683.67,1415.692763018432,267.977236981568
2374.11,4241.934090023133,-1867.8240900231326
904.9,2814.3027160108013,-1909.4027160108012
1269.67,2041.9835788535972,-772.3135788535972
2367.77,1664.774607413622,702.9953925863779
4865.9,3392.2119259876945,1473.6880740123052
494.41,1116.9710538648674,-622.5610538648673
899.31,1047.8889299197137,-148.5789299197138
745.75,1540.39486283111,-794.64486283111
6120.75,5385.527401840481,735.2225981595193
1692.75,1209.7243099519235,483.0256900480765
2305.31,3506.372257376784,-1201.0622573767841
1425.21,3133.1540893545334,-1707.9440893545334
2021.92,4665.2239058333325,-2643.3039058333325
1791.05,1285.12728832481,505.92271167518993
4481.05,4461.330119938844,19.71988006115589
1014.59,1617.8328208128692,-603.2428208128691
2105.04,1535.2986038047293,569.7413961952707
2583.92,4342.466448514164,-1758.5464485141638
1790.83,4123.4811205725155,-2332.6511205725155
1493.45,1406.2570406413238,87.19295935867626
2346.9,2579.2199952623923,-232.31999526239224
2519.39,3794.295529451999,-1274.905529451999
1560.67,3619.1812046289333,-2058.5112046289332
4053.75,2623.4470203297446,1430.3029796702554
2072.49,1736.7349805889828,335.755019411017
1404.6,1933.205239322761,-528.605239322761
31710.15,10583.564931872292,21126.585068127708
315.64,1661.1379981245918,-1345.497998124592
773.8,1499.6713179083695,-725.8713179083695
1135.57,1293.603542310457,-158.03354231045705
3874.8,3513.3955655654513,361.4044344345489
5445.16,3348.573441413639,2096.5865585863608
2113.94,3575.618170826972,-1461.6781708269718
1132.38,1729.0826414723806,-596.7026414723805
1645.28,2129.9512962688123,-484.6712962688123
1588.33,1674.1727577984027,-85.84275779840277
1118.77,1939.3477865132843,-820.5777865132843
1938.24,2103.533452047405,-165.2934520474048
1872.58,2506.2096337316016,-633.6296337316016
1761.97,2436.5211907741577,-674.5511907741577
7052.7,3419.6937204071082,3633.0062795928916
2774.02,1658.7319349438296,1115.2880650561704
1796.17,1230.4172888416238,565.7527111583763
8718.77,5857.53359811018,2861.2364018898206
2550.16,2739.5101158159005,-189.3501158159006
766.09,2508.4840849423063,-1742.394084942306
2140.2,3037.470311586446,-897.270311586446
1481.84,1646.0569930526042,-164.21699305260427
2842.34,3750.9239785512973,-908.5839785512972
2382.95,3021.3885104985648,-638.4385104985649
2936.66,1992.5208553145594,944.1391446854404
2368.76,2411.6876076207827,-42.92760762078251
1298.07,2144.491414630583,-846.4214146305833
3692.29,2818.1436366025655,874.1463633974345
3328.46,4481.397270780696,-1152.937270780696
8091.48,8705.813348023088,-614.3333480230885
2970.74,2693.3701850778098,277.36981492219
3688.09,2610.1451141804987,1077.9448858195015
7318.37,4155.10230885787,3163.2676911421295
4722.74,5365.232060661508,-642.4920606615078
610.02,1393.9382190992762,-783.9182190992763
2018.15,1635.684992716489,382.4650072835111
3995.45,4437.447623306017,-441.997623306017
3633.39,3283.2433672079683,350.1466327920316
6478.4,8929.548916389711,-2451.1489163897113
793.89,1401.1868897338925,-607.2968897338925
2059.34,2254.3480955819127,-195.00809558191258
5262.59,5721.735366071429,-459.1453660714287
2209.26,2297.646435805305,-88.3864358053047
1636.46,1812.3957213534618,-175.93572135346176
3060.73,6062.456153269004,-3001.726153269004
10061.75,5852.250292094798,4209.499707905202
1316.27,1856.7267394035703,-540.4567394035703
2821.41,3961.345415360722,-1139.9354153607223
801.36,1193.7061895225895,-392.3461895225895
886.67,1974.2107132736587,-1087.5407132736586
1380.79,1516.9053455453025,-136.1153455453025
2188.91,2134.760368782615,54.14963121738492
1603.52,2335.3477740680387,-731.8277740680387
705.59,1138.2620811038676,-432.6720811038675
577.46,1201.5202794268885,-624.0602794268884
1368.23,1574.4167552235851,-206.18675522358512
979.74,1759.2439794249062,-779.5039794249062
1238.99,1696.4731924982293,-457.4831924982293
2945.67,1957.8341089561177,987.8358910438824
2527.64,1972.714387397885,554.9256126021148
1856.18,1484.2842182805416,371.89578171945845
1605.68,1474.811998720894,130.868001279106
8415.91,4186.843244531025,4229.066755468974
2232.01,1838.121830792398,393.88816920760223
5202.91,1688.1977359030016,3514.7122640969983
1463.03,1184.1119016912612,278.91809830873876
1513.73,2039.4563665022456,-525.7263665022456
957.2,1872.5389388200265,-915.3389388200264
2272.73,2217.8728614562033,54.85713854379674
646.05,1243.3992111254065,-597.3492111254066
1376.38,1167.2209396806347,209.15906031936538
1300.38,1431.1515936754558,-130.77159367545573
528.2,1078.391953399604,-550.191953399604
1132.22,1557.8347069395902,-425.6147069395902
1261.29,1728.4210267303702,-467.1310267303702
2211.64,1995.8783132387655,215.7616867612344
1816.99,1747.9521280137008,69.03787198629925
703.15,2463.045903490682,-1759.895903490682
689.33,1727.7085997464264,-1038.3785997464265
2383.83,2860.1442344504485,-476.31423445044857
3211.64,2729.1192550658584,482.5207449341415
1728.68,2777.1714215682177,-1048.4914215682177
1090.44,1683.987786108659,-593.547786108659
979.79,1995.5278676566893,-1015.7378676566893
1301.33,2142.490846643315,-841.1608466433149
872.55,1089.8239479810488,-217.27394798104888
1584.47,1712.2881994446384,-127.81819944463837
2187.33,5401.675450735722,-3214.345450735722
523.43,1730.6401415072155,-1207.2101415072157
707.43,2560.6622795775916,-1853.2322795775917
6368.4,6360.473639057052,7.926360942947213
1252.97,2580.3343979184774,-1327.3643979184774
1370.69,1644.0827670383044,-273.3927670383043
3188.54,3175.743215110137,12.79678488986292
853.13,1544.8733364889204,-691.7433364889204
5000.75,3882.095962379837,1118.6540376201629
1016.59,1397.211479205811,-380.62147920581094
861.41,1804.3132966690596,-942.9032966690596
915.84,2299.8397715645087,-1383.9997715645086
2533.19,1886.978035204989,646.211964795011
817.43,1548.3566345264785,-730.9266345264786
2775.39,3570.1657755615934,-794.7757755615935
4310.67,1395.074898064765,2915.595101935235
400.69,1720.8374951283308,-1320.1474951283308
2812.67,4602.909549968599,-1790.239549968599
5303.39,5494.1186578205925,-190.72865782059216
2183.09,1399.2898712326576,783.8001287673426
363.37,1397.8830396465664,-1034.5130396465665
2994.01,1894.7129105126942,1099.297089487306
6055.09,6005.042765171975,50.047234828025466
564.82,1171.7826548278913,-606.9626548278912
2444.27,3414.625525265201,-970.3555252652009
6738.05,3258.6588776831486,3479.3911223168516
1268.82,1194.14633398471,74.67366601528988
2694.54,2618.675308954107,75.86469104589287
1182.93,1728.0244349105012,-545.0944349105011
3890.22,8641.71914106061,-4751.499141060611
6254.05,3845.086891585285,2408.9631084147154
4629.81,2156.3784367285166,2473.431563271484
830.32,1194.7733961989172,-364.4533961989172
7604.55,4336.345235426551,3268.204764573449
1165.94,1192.298675323947,-26.358675323946954
1504.23,1752.3616456048017,-248.13164560480163
1930.1,3971.168062220531,-2041.068062220531
2780.07,2286.0231100455185,494.0468899544817
11646.95,8557.845858095237,3089.1041419047633
6964.19,4430.0341774415665,2534.155822558433
3669.86,2115.3777533151238,1554.4822466848764
7200.03,3606.0766312656724,3593.9533687343273
6865.61,6276.350232729173,589.2597672708271
7076.88,9863.584910415502,-2786.704910415502
637.06,969.9485925914497,-332.88859259144976
636.64,1493.1468839935621,-856.5068839935622
504.37,2815.464121891911,-2311.094121891911
1896.56,1849.974475000213,46.58552499978691
4153.86,4605.107905790748,-451.2479057907485
2805.58,1727.6264545307713,1077.9535454692286
1328.66,2928.547753082805,-1599.8877530828047
867.96,1834.9414964807784,-966.9814964807783
3622.16,3468.480217132033,153.67978286796688
719.05,2683.3258202613197,-1964.2758202613197
2264.32,2029.536109882108,234.78389011789227
3122.42,1736.6009618816322,1385.8190381183679
3403.52,4797.182099682163,-1393.6620996821634
2223.87,1637.605915095637,586.2640849043628
9562.53,11993.535266031744,-2431.0052660317433
3180.54,2560.664231851481,619.875768148519
9352.39,14708.608704351853,-5356.218704351853
4494.3,2553.577242833421,1940.722757166579
3322.33,4689.420623595374,-1367.0906235953744
1897.55,2964.876327756456,-1067.3263277564558
1036.92,1997.1151293340083,-960.1951293340082
2039.79,2544.51641622638,-504.72641622638
4477.41,1688.574138009694,2788.8358619903056
863.03,1322.327310414376,-459.29731041437594
2520.38,3137.044863645313,-616.6648636453128
4537.56,1852.7192910490069,2684.8407089509938
684.59,1236.7573801839453,-552.1673801839453
775.99,1571.8696972525918,-795.8796972525918
359.81,1380.9630579541977,-1021.1530579541977
1199.93,1169.6931042046365,30.23689579536358
3927.59,3130.209679125926,797.3803208740742
776.78,1837.7529756996803,-1060.9729756996803
1279.27,2939.2717926215164,-1660.0017926215164
868.63,1784.8935126283995,-916.2635126283996
3064.22,5296.749148189631,-2232.5291481896315
1143.73,2283.252656774054,-1139.5226567740538
2234.8,1775.1054371911525,459.69456280884765
8798.87,2731.9642067771165,6066.905793222884
1836.26,1517.4430835469968,318.81691645300316
10789.87,6922.162080008029,3867.7079199919717
3787.22,4994.742238102465,-1207.5222381024655
3739.78,2938.1009161336215,801.6790838663787
4680.36,5597.248938304573,-916.8889383045735
1714.35,1375.80420655055,338.54579344945
1063.44,3140.46539576884,-2077.02539576884
13858.46,10919.689150714285,2938.7708492857146
1192.01,1072.7986942416587,119.21130575834127
1578.52,1683.9999647797806,-105.47996477978063
1556.89,4308.9134379925745,-2752.023437992574
6181.36,3028.7872625136897,3152.57273748631
2226.87,2057.8686799616858,169.00132003831413
851.88,1910.5580414567871,-1058.678041456787
2658.6,6840.225387296365,-4181.625387296364
2973.76,2371.46338289727,602.2966171027301
3325.98,1870.6264828875553,1455.3535171124447
701.9,1276.3839047901372,-574.4839047901372
3652.28,3795.894503425111,-143.6145034251108
3984.26,2383.2092025687143,1601.050797431286
1196.1,1681.7093565687287,-485.6093565687288
4568.97,3504.2039038664025,1064.7660961335978
3606.48,5421.915430839613,-1815.4354308396128
657.13,929.8992362403633,-272.7692362403633
3363.19,2192.5947051823655,1170.5952948176346
394.92,1272.8748070656757,-877.9548070656756
1378.9,9603.730715141595,-8224.830715141596
14556.13,14364.119341309524,192.01065869047488
624.63,2481.929877597069,-1857.299877597069
1473.42,1501.1716315549472,-27.751631554947153
1210.84,2067.0837342408236,-856.2437342408236
1026.08,1494.2811522868965,-468.20115228689656
1310.5,1150.8774139124762,159.6225860875238
671.01,1636.9037499462763,-965.8937499462763
1490.63,1688.2297708488009,-197.59977084880074
1315.83,1201.9457746958044,113.88422530419552
1252.43,3544.91677658158,-2292.4867765815798
2115.95,1448.4488347817942,667.5011652182056
3162.01,7048.4672773689335,-3886.4572773689333
4275.88,2315.53654167728,1960.34345832272
3700.12,3970.115907188743,-269.99590718874333
4745.07,1840.50147846036,2904.5685215396397
1484.01,1677.8280157487682,-193.81801574876818
1347.51,2715.3460538397803,-1367.8360538397803
1611.78,1691.3365289019916,-79.55652890199167
1270.48,2042.1771696497424,-771.6971696497424
1639.23,4919.408091262499,-3280.1780912624986
919.95,1080.883124222113,-160.93312422211307
1006.31,2514.6335692367225,-1508.3235692367225
675.72,1140.41792019238,-464.69792019238
952.98,1555.6120983967514,-602.6320983967514
1849.97,1923.9604006095826,-73.9904006095826
898.89,2596.158856348861,-1697.268856348861
16569.9,11610.934450651106,4958.965549348895
3727.56,4465.389521559567,-737.8295215595667
2119.58,1524.0962711755988,595.4837288244012
798.42,1758.8689410135762,-960.4489410135762
3575.09,3603.1414423448427,-28.0514423448426
1883.36,1768.3844611757636,114.97553882423631
1843.08,1991.5530263301707,-148.4730263301708
1928.33,1055.723022618338,872.6069773816619
1249.53,1944.2749275439603,-694.7449275439603
1711.01,1344.8919574438548,366.11804255614516
2294.27,1821.785126567736,472.48487343226407
985.74,1526.6495910109725,-540.9095910109725
3226.23,2349.0033864935717,877.2266135064283
836.4,2765.4417874117876,-1929.0417874117875
1647.6,2374.092322871719,-726.4923228717189
1970.29,2139.39640034517,-169.1064003451702
7229.05,5255.706560431977,1973.3434395680233
853.82,1303.3240848388386,-449.5040848388386
4808.28,4527.412254221389,280.8677457786107
2128.22,2571.109455609511,-442.88945560951106
4121.23,3242.0817039458775,879.148296054122
2678.73,2549.9123674641373,128.81763253586269
18270.03,10781.668807857139,7488.36119214286
3835.45,2678.00911774643,1157.4408822535697
4975.68,1231.807996022986,3743.872003977014
9097.96,11557.709235238091,-2459.7492352380923
1620.01,1130.82979992624,489.18020007376003
744.86,1794.2802742246258,-1049.4202742246257
3739.86,12285.294513834382,-8545.434513834382
1239.0,1843.8342482902701,-604.8342482902701
623.29,878.4689923634699,-255.1789923634699
876.75,2270.2235242654006,-1393.4735242654006
7261.61,7822.986771389247,-561.3767713892476
4068.52,3803.1350340892877,265.38496591071225
4286.0,3356.2874246249876,929.7125753750124
1153.68,1931.5088977385683,-777.8288977385682
1199.12,1605.4821823603572,-406.36218236035734
2001.32,3928.6212739087687,-1927.3012739087687
1714.65,4609.9148554523135,-2895.2648554523134
7901.87,17809.521697023796,-9907.651697023797
14378.6,4984.919219413318,9393.680780586681
2409.72,3221.5761575586466,-811.8561575586468
2498.08,3095.7571316777194,-597.6771316777194
972.2,1506.4864763362568,-534.2864763362568
1342.93,1683.0482318234385,-340.11823182343846
5429.42,3974.6155858393586,1454.8044141606415
1890.3,2041.712101595264,-151.41210159526395
3569.46,2703.5712209821895,865.8887790178105
2270.48,1509.2545450765206,761.2254549234794
2363.42,3754.3459578570896,-1390.9259578570895
1045.37,1247.3350109363485,-201.96501093634856
609.45,1164.3335244627187,-554.8835244627187
2808.82,1232.8835062026947,1575.9364937973055
2401.74,3925.5867920238115,-1523.8467920238118
3478.14,2761.877303146678,716.2626968533218
449.05,1112.3895059407819,-663.3395059407819
3137.63,2417.058070277778,720.5719297222222
590.0,5537.2192594114385,-4947.2192594114385
10954.62,10299.875017858354,654.7449821416467
921.84,1627.1770161077764,-705.3370161077763
1430.25,2254.0892393756276,-823.8392393756276
1759.66,2808.6908445872814,-1049.0308445872813
798.54,1383.5703100689605,-585.0303100689605
3967.65,9560.01699702381,-5592.36699702381
5630.17,3173.2917990450887,2456.8782009549113
6101.18,6069.13765961905,32.04234038095001
728.77,1617.0032240398673,-888.2332240398673
449.86,1335.8107329723637,-885.9507329723637
1078.08,1699.4575274731044,-621.3775274731045
1531.77,1678.2003812588302,-146.43038125883027
1052.62,1681.0763886480802,-628.4563886480803
2219.62,2577.396579475157,-357.7765794751572
5633.63,4517.923149546205,1115.7068504537947
7735.78,7069.171298506279,666.6087014937211
4617.95,4378.412972084093,239.53702791590695
942.99,1782.1627052408737,-839.1727052408737
3560.07,3961.34032728327,-401.27032728327003
3844.22,1798.2489825965997,2045.9710174034
2463.24,2228.987811721047,234.25218827895287
6986.42,2141.6164851798594,4844.803514820141
2908.39,4105.140582660658,-1196.750582660658
2527.91,1670.5722137553,857.3377862446998
7674.92,2275.8240406844916,5399.0959593155085
907.78,1579.6610148954228,-671.8810148954228
819.73,1192.3642800953585,-372.63428009535846
1899.63,3090.1432096271137,-1190.5132096271136
2109.06,1768.7608004602562,340.29919953974377
2443.75,2693.841967841937,-250.09196784193682
3388.6,2408.7753666689464,979.8246333310535
770.58,1265.5735254356127,-494.9935254356127
2141.49,4624.99377328842,-2483.5037732884202
2804.74,2723.297485834292,81.44251416570796
22989.62,22519.271564047616,470.3484359523827
862.59,2303.9831345599414,-1441.3931345599412
757.15,1192.81219490321,-435.66219490321
10545.15,5549.92756599496,4995.22243400504
1212.31,2311.17347630861,-1098.8634763086102
550.35,2355.5872643194784,-1805.2372643194785
3369.39,5603.946233779812,-2234.5562337798124
9252.88,5755.028301777088,3497.851698222911
740.92,1659.362848418051,-918.4428484180511
4575.77,3047.3317386619324,1528.438261338068
1458.23,3091.485534961421,-1633.2555349614208
1998.22,2158.9979448501977,-160.77794485019763
3067.31,3291.653062503419,-224.34306250341888
3934.23,1957.6302719586313,1976.5997280413687
24046.29,14671.197970357147,9375.092029642854
1304.54,1413.3689642154184,-108.82896421541841
758.46,1370.19419058228,-611.73419058228
5343.05,2893.415821199285,2449.6341788007153
505.85,850.5951016124554,-344.7451016124554
915.77,2595.760433634572,-1679.9904336345721
2783.75,1953.278381562595,830.4716184374049
649.57,2103.9629518284987,-1454.3929518284986
702.98,1419.997243673266,-717.017243673266
1779.58,1723.0197395882954,56.560260411704576
6535.52,3027.596888499909,3507.9231115000916
2385.45,2702.5344968307786,-317.0844968307788
1405.98,3806.892836715758,-2400.912836715758
2695.61,1504.5889214910794,1191.0210785089207
2714.23,2114.0750316520193,600.1549683479807
999.61,2139.696860089462,-1140.0868600894619
1633.37,1742.3190320836623,-108.94903208366236
519.66,1116.068314165529,-596.4083141655291
1039.92,1215.9310801830238,-176.01108018302375
3089.73,3049.223587434768,40.50641256523204
2542.47,2963.806134664448,-421.3361346644483
2892.26,2125.16130074881,767.0986992511903
6818.73,5301.585663484849,1517.1443365151508
2754.08,2296.1754977338164,457.9045022661835
1936.87,2056.1862119736384,-119.31621197363847
2316.43,2535.253252184117,-218.82325218411734
935.91,1869.588225239901,-933.678225239901
9722.56,8828.37048799784,894.18951200216
3578.01,1858.9780065570947,1719.0319934429056
4950.76,4079.833882681622,870.9261173183781
2630.04,2773.7002681370177,-143.66026813701774
1317.15,1896.5362128317909,-579.3862128317908
2393.02,3126.5727237878596,-733.5527237878596
2411.44,4094.9821968254478,-1683.5421968254477
2939.02,3047.607574160605,-108.58757416060507
5806.6,5257.298863830595,549.3011361694053
1679.02,2097.043908697671,-418.02390869767123
5493.25,5651.554116576312,-158.30411657631157
1047.45,1307.9813701264648,-260.5313701264647
17099.99,12697.976982619046,4402.013017380956
3803.6,4768.807511764706,-965.2075117647059
3154.86,2066.8225274405913,1088.0374725594088
1055.72,1667.6937324830803,-611.9737324830803
5052.35,5073.440182581945,-21.090182581944646
2465.62,3049.279742174162,-583.6597421741621
4665.86,7213.753505147078,-2547.893505147078
727.48,1426.7994091320243,-699.3194091320242
1677.07,1608.295813673785,68.77418632621493
3066.89,1492.8207349309723,1574.0692650690276
628.87,1482.872962526123,-854.002962526123
4642.8,2357.919815668966,2284.8801843310343
1401.18,2034.4789168434713,-633.2989168434713
2616.97,2032.561891986365,584.4081080136348
8118.93,7340.710490282488,778.2195097175127
2793.88,3065.4056101096335,-271.52561010963336
4761.33,1637.195052222729,3124.134947777271
1015.89,1751.1662661393864,-735.2762661393864
5015.78,5205.5464331449475,-189.76643314494777
931.87,1230.8864733165842,-299.0164733165842
2890.92,2800.8044303395786,90.11556966042144
468.87,1241.7253035439885,-772.8553035439885
6510.59,2371.5056221645514,4139.084377835448
656.46,1656.8326447918125,-1000.3726447918125
2244.49,2434.780555035676,-190.29055503567633
3722.06,4680.478715486265,-958.4187154862652
3633.29,1273.1149246232023,2360.1750753767974
2049.63,2156.647769838413,-107.01776983841273
3144.88,6438.367839330415,-3293.487839330415
872.89,1165.438751161277,-292.548751161277
1381.56,1270.9536966376766,110.60630336232339
1360.57,1561.2200247257888,-200.65002472578885
3303.74,3074.998136589041,228.74186341095856
9571.28,6258.055700704796,3313.224299295204
2165.81,1273.6434088613596,892.1665911386403
5987.88,5769.823811031741,218.05618896825945
4044.14,2726.564780498117,1317.5752195018827
2105.2,3474.9860015721933,-1369.7860015721935
1971.62,1489.2299174388202,482.3900825611797
502.15,3225.340957119814,-2723.190957119814
6039.97,6604.140599545388,-564.1705995453876
2091.47,3282.0158716603787,-1190.545871660379
5444.02,3290.162624026429,2153.8573759735714
4909.67,3782.545970563565,1127.1240294364352
853.48,1424.8995755412857,-571.4195755412857
616.06,1349.4065466885284,-733.3465466885284
928.76,1280.7553414418674,-351.99534144186737
3881.44,2934.7832839190073,946.6567160809927
7735.46,6146.198738409364,1589.2612615906364
1520.61,1828.426132189921,-307.81613218992106
2194.09,1708.0557058851875,486.0342941148126
1342.67,1254.6062149131442,88.06378508685589
835.27,1301.4836428075741,-466.21364280757416
12071.7,8050.205111653648,4021.494888346353
1576.21,2968.1888537513955,-1391.9788537513955
874.86,1584.3736369176884,-709.5136369176884
1390.92,3592.4028366306266,-2201.4828366306265
1223.86,1432.468817398536,-208.60881739853608
1187.76,1113.2452613423325,74.51473865766752
4647.02,2127.0988538951783,2519.921146104822
923.07,1880.9329830099477,-957.8629830099477
2926.29,5231.3106342473,-2305.0206342473
357.35,1353.5197796415873,-996.1697796415873
639.33,2755.0565166542538,-2115.726516654254
1145.33,2926.520221234347,-1781.190221234347
1016.69,1591.4582795790432,-574.7682795790431
7636.48,8103.536232261908,-467.056232261908
647.14,1727.7463557046015,-1080.6063557046014
813.63,1559.1455855827555,-745.5155855827555
1264.28,1437.76663002767,-173.48663002767012
739.4,996.9145272842402,-257.5145272842402
585.62,1974.0020444787908,-1388.3820444787907
770.2,2517.1013816634622,-1746.9013816634622
1885.33,1530.630468402435,354.6995315975648
925.71,2929.362051487771,-2003.6520514877711
824.11,1517.938939184071,-693.8289391840709
1666.18,1758.8379443016092,-92.65794430160918
2738.14,1171.2085480285134,1566.9314519714865
2266.47,3588.524208397939,-1322.0542083979394
2785.29,2870.563093088841,-85.27309308884105
2080.71,2086.80975172315,-6.099751723149893
6465.33,3881.7005281512525,2583.6294718487475
10008.92,12565.137677142857,-2556.2176771428567
3078.0,2757.905328546348,320.09467145365215
937.64,2719.7181061521846,-1782.0781061521848
1078.59,1302.4963351247736,-223.9063351247737
3408.64,3913.5801453096983,-504.94014530969844
2173.44,2134.381097440677,39.05890255932309
9320.78,5237.0580214525435,4083.721978547457
4591.23,4224.266638450618,366.96336154938126
1790.53,3510.7842074660484,-1720.2542074660485
697.69,1180.9042877550341,-483.2142877550341
2045.8,2454.92730745215,-409.12730745215026
1406.4,2724.6085754553355,-1318.2085754553354
7924.36,8523.853745712087,-599.4937457120877
8005.65,3464.747601241087,4540.902398758913
514.12,2511.609715810196,-1997.4897158101962
8240.85,5807.15436646541,2433.6956335345903
2051.11,1632.994878851522,418.11512114847824
560.25,2775.0417106903337,-2214.7917106903337
13021.56,4759.427433261384,8262.132566738615
1313.35,2354.5208303960158,-1041.1708303960158
3715.62,2297.3080614385203,1418.3119385614796
3263.79,3478.6973437882134,-214.90734378821344
957.25,1165.4725438236233,-208.22254382362325
10637.32,9106.373587244976,1530.9464127550236
1829.65,1317.23339440001,512.4166055999901
1679.52,2019.2930363157423,-339.7730363157423
3649.37,3682.9297453948134,-33.55974539481349
829.16,1604.7242599194678,-775.5642599194679
3508.46,1834.7893331018445,1673.6706668981556
2315.99,1930.477016033246,385.51298396675384
3447.76,6460.781780274197,-3013.021780274197
514.1,1197.125857142722,-683.025857142722
3133.31,3202.4335168651533,-69.1235168651533
1942.35,1757.5239945433068,184.8260054566931
950.56,1586.1165053624727,-635.5565053624728
3309.99,3634.670562044819,-324.680562044819
796.1,1630.4666621632866,-834.3666621632866
11414.78,11921.071718769845,-506.291718769844
1605.4,1716.0153443718816,-110.61534437188152
4676.42,2394.031711002648,2282.388288997352
1050.9,2002.6959464644633,-951.7959464644632
1228.04,1871.5106714512474,-643.4706714512474
2517.18,1658.3027124062262,858.8772875937736
3395.83,2740.2281399331528,655.6018600668472
1470.8,2144.270399418441,-673.4703994184408
1823.1,1616.5162316726446,206.5837683273553
2216.85,2500.5321402393583,-283.68214023935843
6608.59,10843.232491219342,-4234.6424912193415
704.15,1155.783851009051,-451.633851009051
336.83,1125.3498990291855,-788.5198990291856
5007.2,2737.2514181403426,2269.948581859657
2995.96,2431.4317350339343,564.5282649660658
2456.55,3018.7231193256675,-562.1731193256674
5210.16,1725.708690596603,3484.451309403397
702.79,1569.7089567668183,-866.9189567668184
1765.07,2045.062252879652,-279.99225287965214
1469.47,1340.89090054015,128.5790994598501
396.65,1140.3719285724596,-743.7219285724597
1458.39,2263.5483104962054,-805.1583104962053
1378.62,1477.7100778885317,-99.09007788853182
10418.41,4391.841508405796,6026.568491594204
5351.25,7036.170141029342,-1684.9201410293417
537.15,1129.2477866354714,-592.0977866354714
9683.27,11109.315325455182,-1426.0453254551812
1050.45,6790.042678025877,-5739.592678025877
4673.67,2523.3476294955267,2150.3223705044734
5589.36,4052.0545913677615,1537.3054086322381
2523.88,3179.1370252485676,-655.2570252485675
559.01,1231.871848471946,-672.8618484719459
1809.98,1591.3137356636323,218.6662643363677
724.13,1388.061690458739,-663.9316904587389
3494.77,3445.404642723531,49.365357276468785
1483.02,1308.3992445233396,174.6207554766604
9065.13,9282.339199444914,-217.2091994449147
2201.5,4493.981205761676,-2292.4812057616764
3202.07,4220.931281815696,-1018.8612818156957
1244.49,2720.496747278463,-1476.0067472784629
4220.38,4376.501477447331,-156.12147744733102
1062.28,1401.866157861156,-339.5861578611559
1405.44,3141.830910505305,-1736.3909105053049
3529.9,2822.4412609339156,707.4587390660845
9939.69,4857.556579343248,5082.133420656753
1050.37,1839.3962294861526,-789.0262294861527
4650.56,7620.736448335117,-2970.176448335116
6852.92,7960.963314570707,-1108.0433145707066
1784.88,1404.410710950916,380.4692890490842
945.6,1074.5137467478216,-128.91374674782162
3032.85,2226.700403497372,806.1495965026279
1698.48,3043.0217702101263,-1344.5417702101263
1116.3,1941.068074932794,-824.768074932794
22717.59,15238.573025357136,7479.016974642864
2799.23,2592.072383198093,207.1576168019069
539.19,3696.209981666483,-3157.019981666483
1158.04,2057.809666340422,-899.7696663404222
886.74,1072.3649357709887,-185.6249357709887
920.4,1794.6320218525775,-874.2320218525775
2147.54,2178.7561111656632,-31.21611116566328
1757.88,2859.0101943304485,-1101.1301943304484
3794.48,4113.220698416651,-318.7406984166514
5505.86,1732.5174697610025,3773.342530238997
2088.56,2330.376398282103,-241.8163982821029
1670.98,837.9705311734374,833.0094688265626
662.33,2604.2861280360485,-1941.9561280360485
1181.18,2132.949903986311,-951.7699039863107
1029.79,1569.055719971638,-539.265719971638
2580.85,3463.202363116085,-882.3523631160851
192.56,2048.9668724114217,-1856.4068724114218
12931.99,10694.275457619047,2237.7145423809525
4998.5,8035.594490833811,-3037.0944908338106
2861.67,2946.6149292729865,-84.94492927298643
701.85,1873.375274886717,-1171.525274886717
1280.48,2563.111566666667,-1282.631566666667
1100.62,3278.103808980417,-2177.483808980417
6722.73,7978.28130424527,-1255.5513042452703
2253.13,4043.50550644151,-1790.37550644151
4021.22,3424.7372327866283,596.4827672133715
6484.32,8372.882373408109,-1888.5623734081091
3730.88,4001.7679238891233,-270.88792388912316
1587.32,2786.841260044923,-1199.5212600449229
1906.61,1368.788869972239,537.821130027761
580.89,2501.3782147974634,-1920.4882147974636
1222.5,2150.528072595036,-928.0280725950361
2341.01,3405.0166605471754,-1064.0066605471752
842.29,1739.2520239759078,-896.9620239759079
574.51,1614.4882953939698,-1039.9782953939698
403.8,1253.612827901939,-849.812827901939
1972.38,2055.929143378155,-83.5491433781549
1561.42,5810.288824520005,-4248.868824520005
3714.62,3283.9211371050687,430.69886289493115
9908.83,3582.3403652887546,6326.489634711245
2009.61,2288.5609096036833,-278.9509096036834
2117.14,1791.291970815552,325.8480291844478
26362.6,6376.211601492461,19986.388398507537
9143.77,6752.433158333334,2391.3368416666663
942.33,1356.6246298538215,-414.29462985382145
3753.51,3432.4122695146493,321.0977304853509
7107.84,4105.133300785408,3002.706699214592
2694.38,2588.6575123882926,105.72248761170749
2026.62,6137.257551869472,-4110.637551869472
2111.04,4905.363597926512,-2794.323597926512
783.29,3126.3117710494903,-2343.0217710494903
2646.85,2547.7832971248195,99.06670287518045
351.0,2039.1495818979195,-1688.1495818979195
1262.89,1574.8810508381755,-311.9910508381754
5121.74,3441.7600586728654,1679.9799413271344
646.18,2816.7528657229177,-2170.572865722918
908.73,1239.6094607860448,-330.8794607860448
1209.06,1688.7622954602816,-479.7022954602817
2103.32,2690.07160495211,-586.75160495211
7020.55,6605.650476698265,414.8995233017349
1162.37,1576.4218270875822,-414.0518270875823
538.87,1797.5663972002951,-1258.696397200295
1603.32,2275.5821414797833,-672.2621414797834
1998.44,1963.5074105096126,34.9325894903875
4289.45,2152.055414233334,2137.394585766666
2395.85,2507.68872733599,-111.83872733598992
869.22,1661.802737368269,-792.5827373682689
993.26,1572.07108491236,-578.81108491236
2670.47,1691.4746984703618,978.995301529638
2350.67,2919.0739869337617,-568.4039869337616
462.48,854.4744861675628,-391.99448616756274
1669.46,3457.6032246518075,-1788.1432246518075
1978.26,2031.428662031335,-53.16866203133509
3561.17,1927.584114264142,1633.585885735858
1484.22,2482.82880312249,-998.6088031224901
2832.84,5050.963107768462,-2218.1231077684615
538.39,1077.0915276899846,-538.7015276899846
1226.39,1480.028947036334,-253.638947036334
2527.95,1061.0661298271975,1466.8838701728023
1170.95,1228.3029101954746,-57.35291019547458
1375.95,2781.648077898116,-1405.6980778981158
1419.88,1455.8402888009596,-35.96028880095946
11332.41,5120.487740238679,6211.922259761321
1281.58,2747.3243414098356,-1465.7443414098357
929.33,2340.229020352728,-1410.8990203527283
1317.37,2518.7614553384296,-1201.3914553384298
1304.4,2598.2996124201586,-1293.8996124201585
3871.79,3545.2131051900865,326.5768948099135
14899.99,8361.627016028757,6538.362983971243
2652.26,1586.189577776746,1066.0704222232541
2486.64,3686.9293540354333,-1200.2893540354335
781.49,1284.187440215377,-502.6974402153769
4839.52,2351.6532358254535,2487.866764174547
1269.65,1662.1424508795617,-392.4924508795616
5147.57,2033.7224927418636,3113.847507258136
2094.48,1685.1530111494171,409.3269888505829
823.79,1287.04209762858,-463.25209762858003
1487.77,3489.1471099592613,-2001.3771099592614
3554.1,3084.0528743783243,470.0471256216756
4725.26,3556.4186895739126,1168.8413104260876
846.28,2969.877327564146,-2123.5973275641463
1258.12,1819.4468239404116,-561.3268239404117
1664.33,1481.2202689471967,183.10973105280323
766.49,1283.9122307006846,-517.4222307006846
2063.14,2797.3833301403256,-734.2433301403257
7080.22,12644.344056904763,-5564.124056904763
3654.55,1746.3819033207526,1908.1680966792476
2103.85,2380.6331502168027,-276.7831502168028
657.26,1593.5434098329474,-936.2834098329474
5581.8,4116.613857128274,1465.1861428717266
3630.52,2262.297234954961,1368.222765045039
4147.72,6702.36142855373,-2554.6414285537294
14392.04,9267.471485822512,5124.568514177488
912.64,1490.1394398551085,-577.4994398551086
1287.14,1227.582868270613,59.55713172938704
8478.84,12294.940684642854,-3816.1006846428536
2812.27,1906.6341895559076,905.6358104440924
1748.48,3026.211656963407,-1277.7316569634072
1859.55,2295.040738538993,-435.4907385389931
2995.95,2864.4713940554093,131.47860594459053
4637.77,2744.8145258134728,1892.9554741865277
2064.0,2338.353323966559,-274.35332396655895
2939.12,4076.3143966157695,-1137.1943966157696
281.0,2319.903271677677,-2038.903271677677
6440.27,1977.3663518946064,4462.903648105394
1306.4,1566.1453050361774,-259.74530503617734
1558.15,1271.3240674340973,286.8259325659028
2635.1,2060.3072891373945,574.7927108626054
2420.06,4622.642518948698,-2202.582518948698
4162.96,2000.535424426188,2162.424575573812
737.97,874.6189924222152,-136.6489924222152
1657.97,2527.1282725821507,-869.1582725821506
2234.54,1811.8543962807742,422.6856037192258
5848.91,3438.985858162159,2409.924141837841
928.0,2098.3992494387744,-1170.3992494387744
1973.33,3697.1618037850376,-1723.8318037850377
457.44,2511.0599541773777,-2053.6199541773776
1885.98,2419.979665331281,-533.999665331281
439.89,1297.1540677890835,-857.2640677890835
3598.88,3240.559730392713,358.3202696072872
1042.78,2249.5216540042325,-1206.7416540042325
9834.73,9458.1814738258,376.54852617419965
972.06,1511.7630448691607,-539.7030448691607
567.18,899.1662229093483,-331.9862229093484
9987.15,5186.602306446096,4800.547693553904
1107.0,2048.867393016937,-941.8673930169371
5099.46,4063.5605675539096,1035.8994324460905
2069.15,2402.0478402110393,-332.89784021103924
1529.52,1924.3603399365684,-394.8403399365684
1286.83,2108.019132168078,-821.1891321680782
1834.75,4914.639652025009,-3079.889652025009
1897.37,2051.881947978789,-154.51194797878907
8478.16,5032.715792665128,3445.444207334872
1503.61,2292.348601330641,-788.7386013306411
4384.35,3084.0304996319055,1300.3195003680949
2160.48,2243.1572194949845,-82.67721949498446
758.37,1606.5649387117915,-848.1949387117915
899.03,1407.1504029193652,-508.12040291936523
1472.44,1364.0860642714904,108.35393572850967
585.02,1596.195085924906,-1011.1750859249059
2008.17,2333.8553725960896,-325.68537259608956
1190.15,1572.8665444835121,-382.71654448351205
1007.3,1758.1538497031038,-750.8538497031038
1831.39,2492.2006841756693,-660.8106841756692
2538.71,1510.7017277020648,1028.0082722979353
1400.03,2007.573490485077,-607.543490485077
1020.8,1600.9090766955103,-580.1090766955103
1600.51,2265.5789714157245,-665.0689714157245
2110.03,1880.3592059433477,229.67079405665254
2624.7,2304.6141780619196,320.08582193808024
930.95,1465.8740582827318,-534.9240582827317
5218.34,5019.817759023503,198.52224097649741
1715.58,2264.3110228878113,-548.7310228878114
5235.52,6567.962864778547,-1332.4428647785462
4370.98,7333.4284177890095,-2962.44841778901
1142.23,1186.2765526649157,-44.04655266491568
2419.29,3463.475683475035,-1044.1856834750351
2276.55,2616.595659563525,-340.0456595635246
2646.3,1778.2174024688811,868.0825975311191
1626.99,2309.508159586434,-682.518159586434
1976.56,2108.8842139667904,-132.32421396679047
1141.7,3234.315393714217,-2092.615393714217
6026.79,6820.435704404762,-793.645704404762
1906.05,1499.7469813862035,406.30301861379644
7168.82,5330.3430897173785,1838.4769102826212
3205.23,3356.1286064365677,-150.89860643656766
1606.84,1166.1187479967027,440.7212520032972
4383.91,2747.340832123117,1636.569167876883
590.44,1129.6212651874848,-539.1812651874848
7619.44,4059.154551523411,3560.2854484765885
2104.74,2145.6235686829655,-40.88356868296569
577.87,959.0950856256418,-381.2250856256418
6215.42,4438.635048847667,1776.7849511523327
1577.75,2032.4395772907994,-454.68957729079943
637.52,911.9891280864123,-274.4691280864123
1590.35,2638.046505701169,-1047.696505701169
560.06,1187.592269981023,-627.5322699810231
1724.39,1649.7012255381533,74.68877446184683
641.87,1240.4461836457133,-598.5761836457133
9707.86,3839.5937201987044,5868.266279801296
734.07,1670.0069605942635,-935.9369605942635
6789.47,3691.9409922996583,3097.529007700342
1032.14,3067.9575397751732,-2035.8175397751731
1172.5,2849.293306502463,-1676.793306502463
828.27,1779.845952785094,-951.5759527850939
2093.06,2021.6176829989624,71.44231700103751
1627.25,3626.331214641344,-1999.081214641344
455.4,1330.5427336181583,-875.1427336181583
2670.56,4866.127338258379,-2195.5673382583786
2687.73,3209.1741657506495,-521.4441657506495
6708.88,5230.5601220345725,1478.3198779654276
4060.79,5262.513032471716,-1201.7230324717157
5397.54,1729.9248262071897,3667.6151737928103
2684.45,1884.6378206410632,799.8121793589366
4283.61,2863.968179371838,1419.641820628162
4372.12,5536.254651801878,-1164.1346518018781
501.08,1637.742769171204,-1136.662769171204
6750.67,3007.322513801486,3743.347486198514
3840.49,3466.860543175954,373.629456824046
3933.01,5196.676564040784,-1263.6665640407837
779.06,1665.830794830282,-886.7707948302821
5870.22,6732.031934097949,-861.8119340979483
4723.41,2620.428107099177,2102.981892900823
6697.93,5127.840955089471,1570.089044910529
2474.09,2176.0950622318596,297.9949377681405
2037.27,1527.285260958493,509.98473904150705
2482.1,2226.3275995529316,255.77240044706832
9021.81,8087.380917840887,934.4290821591121
4698.22,3668.582008962994,1029.637991037006
689.55,2081.3668118905516,-1391.8168118905517
1693.64,2113.7792337316055,-420.1392337316054
7933.0,8157.246660714286,-224.246660714286
3654.17,2342.4521353241303,1311.7178646758698
1535.15,2185.730602353005,-650.5806023530049
2900.76,2652.9920580679486,247.7679419320516
2336.27,1674.7418233752887,661.5281766247113
1158.92,1506.5396090118759,-347.6196090118758
1825.88,3340.528523085067,-1514.6485230850667
1596.38,1556.80407889439,39.57592110561018
4128.02,4911.973880799172,-783.9538807991712
9225.28,3928.6668992200102,5296.61310077999
1250.25,1591.7753346719767,-341.5253346719767
3059.05,5208.3946613318085,-2149.3446613318083
5033.78,4576.73604532456,457.04395467543964
2823.03,1515.790716994328,1307.2392830056722
684.31,2560.46864870238,-1876.15864870238
1711.71,1269.8231544933205,441.8868455066795
2313.34,2693.8949294306644,-380.5549294306643
8336.62,8372.616244613824,-35.996244613823364
2273.22,3623.708597547485,-1350.4885975474854
1710.72,2633.648139959638,-922.9281399596377
2331.76,4216.968942951168,-1885.208942951168
1387.11,4324.900067367259,-2937.7900673672593
3967.17,1822.3132811078428,2144.856718892157
996.93,1979.1933216691446,-982.2633216691446
2185.58,2020.0230854791457,165.5569145208542
1522.26,2174.9998874070197,-652.7398874070198
9568.01,5051.453080805375,4516.556919194625
533.6,1618.3869153022397,-1084.7869153022398
2067.88,1550.823804743416,517.056195256584
32482.93,5837.232248217358,26645.69775178264
1347.07,2558.9450087927517,-1211.8750087927517
6373.72,4395.567463950218,1978.1525360497826
1711.74,1969.3238191443795,-257.5838191443795
14152.39,11399.226905154928,2753.163094845071
1379.29,1404.1151475464412,-24.825147546441258
1567.11,1480.5710115712836,86.53898842871627
3727.9,2411.2763409423533,1316.6236590576468
2980.31,4881.8173269220915,-1901.5073269220916
1584.02,1647.1169606115911,-63.09696061159116
3631.23,3347.0118942483596,284.21810575164045
5584.13,5969.2853477273675,-385.15534772736737
723.02,1943.6342386958977,-1220.6142386958977
4638.14,2871.6425276930795,1766.4974723069208
5049.65,6535.197388933461,-1485.5473889334617
1258.72,1632.8228688198228,-374.1028688198228
2530.18,1689.0986522438536,841.0813477561462
2841.33,3695.220893659132,-853.890893659132
1275.96,2898.181845526306,-1622.221845526306
7495.24,3401.0761912503326,4094.163808749667
542.5,1321.7874755650962,-779.2874755650962
6448.43,5484.656817529757,963.7731824702432
8762.89,5775.648188397447,2987.241811602553
998.95,2593.302889936993,-1594.3528899369928
2269.75,1390.3640330974033,879.3859669025967
2497.5,2564.8595740009573,-67.35957400095731
4660.51,3207.728372782945,1452.7816272170553
721.36,1201.2890664737135,-479.92906647371353
1164.85,1220.0896957845,-55.2396957845001
1158.0,1675.6445252507856,-517.6445252507856
1030.84,3850.976422431766,-2820.136422431766
3504.88,3462.1845996643456,42.69540033565454
10027.07,7322.508010791152,2704.561989208848
2072.92,1514.210671096139,558.709328903861
1540.28,1718.1993104786764,-177.91931047867638
578.44,1385.5453422036467,-807.1053422036466
1086.28,2104.4413239471482,-1018.1613239471483
2528.24,2238.1891536154058,290.050846384594
1958.99,1855.5670022290208,103.42299777097924
1611.38,3599.7606059649115,-1988.3806059649114
1139.17,2327.4638034414415,-1188.2938034414415
4108.75,1851.3832500023577,2257.3667499976423
846.11,2174.9452417714665,-1328.8352417714664
5476.4,4466.828794426058,1009.5712055739414
6672.95,7141.595116421344,-468.645116421344
813.0,1776.3825964850778,-963.3825964850778
2828.83,3096.4402541248187,-267.61025412481877
1898.61,1767.6383637991923,130.97163620080755
1313.27,1176.87297782996,136.39702217003992
2079.58,3228.333637919271,-1148.7536379192711
1283.96,6585.0950919397765,-5301.135091939776
2744.41,3317.7987374919135,-573.3887374919136
2981.04,3634.075303551545,-653.035303551545
24687.94,9042.53355248106,15645.406447518939
2375.04,3044.347237431505,-669.3072374315052
823.04,1695.1063427413765,-872.0663427413765
4451.62,2652.731909673014,1798.888090326986
4055.86,2030.7549114186136,2025.1050885813866
5091.32,3144.0756749684515,1947.2443250315482
1497.28,3555.1570561186613,-2057.877056118661
722.75,1733.2454274018464,-1010.4954274018464
1230.91,2577.0038746001983,-1346.0938746001982
819.25,2002.1938451576923,-1182.9438451576923
4206.23,2681.017434237552,1525.2125657624474
3607.7,2188.7576383398878,1418.942361660112
992.32,1275.4928142801284,-283.17281428012836
966.13,1461.5350293936945,-495.40502939369446
7399.37,3141.5947306823127,4257.775269317687
3462.88,10904.599562261901,-7441.719562261901
1684.68,2090.3332980649925,-405.65329806499244
6586.3,3618.0569245614047,2968.2430754385955
1847.9,1889.9144057286387,-42.01440572863862
3695.47,1407.6956206842412,2287.774379315759
634.95,985.3583574490235,-350.40835744902347
5715.6,3822.4598419431186,1893.1401580568818
5048.77,3089.589386791563,1959.1806132084375
1319.9,2438.354291074177,-1118.454291074177
5050.81,4768.609319014447,282.20068098555384
5460.7,7803.586330132681,-2342.886330132681
612.32,802.9266130126158,-190.60661301261575
2829.99,3101.0496919637353,-271.05969196373553
4136.55,3962.0946670700614,174.45533292993878
1432.17,2516.794510890039,-1084.624510890039
2679.71,2307.219445444455,372.49055455554526
2841.64,2281.765772103708,559.8742278962918
3125.41,3749.9051628111442,-624.4951628111444
9015.64,4182.167878876021,4833.4721211239785
8226.1,7626.465585569732,599.6344144302684
1918.05,2165.1700538075365,-247.12005380753658
1645.29,2674.974824913702,-1029.684824913702
6832.61,2926.612618720672,3905.997381279328
621.09,2049.6233997520294,-1428.5333997520293
3094.42,4080.085840407001,-985.6658404070008
1330.58,1926.3027603273251,-595.7227603273252
2724.53,1526.997490814312,1197.5325091856882
1288.87,1580.1025327822842,-291.23253278228435
1299.38,2248.2006367987337,-948.8206367987336
2418.39,3284.236524290879,-865.8465242908792
718.55,1670.006521748122,-951.456521748122
2873.86,1405.549210072593,1468.310789927407
4186.29,2042.0514792215063,2144.2385207784937
734.67,1100.3801616680832,-365.7101616680833
919.37,1667.0422540050924,-747.6722540050924
6392.19,2782.5506022556433,3609.6393977443563
1093.21,1714.3410052166973,-621.1310052166973
1527.59,1044.0684522188683,483.52154778113163
3840.97,2783.0821746872534,1057.8878253127464
2108.35,3173.873187052895,-1065.523187052895
7482.92,5130.348311984765,2352.571688015235
1988.56,2495.841827169142,-507.28182716914216
14031.72,8342.977518188018,5688.742481811982
736.21,1264.8703804982918,-528.6603804982917
1540.91,4576.344862460024,-3035.4348624600243
2409.47,1220.935093629454,1188.5349063705457
1455.8,1071.637272039102,384.1627279608979
1876.99,2515.584800184354,-638.5948001843542
4870.5,2220.6153243652307,2649.8846756347693
3656.5,2721.7126015602553,934.7873984397447
562.99,1268.990087340156,-706.0000873401559
4219.46,5527.4881763332,-1308.0281763331996
2612.58,3319.471087227799,-706.8910872277993
3002.32,1968.769009206841,1033.5509907931591
2960.58,3098.470832476503,-137.89083247650296
1351.92,1518.9000951617752,-166.98009516177513
1801.32,3762.304938928571,-1960.9849389285712
881.9,2615.4257240608467,-1733.5257240608466
3728.66,3582.3765288076447,146.28347119235514
3582.35,4710.262602430462,-1127.912602430462
5267.3,5810.488315115395,-543.1883151153952
262.97,1761.897261254072,-1498.927261254072
2443.11,3001.552286472253,-558.4422864722528
2438.66,6681.782468344789,-4243.122468344789
1388.09,1722.0239574861137,-333.93395748611374
2120.54,2508.0528661870903,-387.51286618709037
2220.28,1349.7087853000455,870.5712146999547
903.34,1375.6806104489826,-472.3406104489826
1919.76,3564.0562908564525,-1644.2962908564525
2937.48,1648.4814418728183,1288.9985581271817
4473.23,1463.1354576032356,3010.094542396764
599.73,1911.1185179455092,-1311.3885179455092
6981.83,4594.911970567179,2386.9180294328207
400.64,1030.1275602999456,-629.4875602999456
1420.41,2664.5245873195668,-1244.1145873195667
615.07,2120.6858394503465,-1505.6158394503464
4200.8,2201.7133816409837,1999.0866183590165
2209.34,1501.8737076554482,707.4662923445519
1176.48,2062.8459026046585,-886.3659026046585
1184.97,1605.8357474400525,-420.8657474400525
2525.1,3171.6221726406643,-646.5221726406644
876.51,2618.057685420166,-1741.5476854201659
701.58,3455.0221056653145,-2753.4421056653146
3098.37,3328.439101056814,-230.0691010568139
14221.04,7625.017258178705,6596.022741821296
1555.94,1666.769174825188,-110.82917482518792
1338.39,1895.3523880030596,-556.9623880030595
7968.15,9265.874271732802,-1297.7242717328027
830.18,1757.500116257793,-927.3201162577931
4926.87,4885.248256907103,41.621743092897304
657.28,1474.844583976194,-817.564583976194
850.01,1904.1318757615722,-1054.1218757615723
3823.63,5030.4508503445795,-1206.8208503445794
1797.6,2734.96028794062,-937.3602879406203
2559.35,1797.4324284934942,761.9175715065057
831.92,1508.9989167773865,-677.0789167773866
1397.1,1799.5945763952811,-402.49457639528123
2172.69,3787.2044607305997,-1614.5144607305997
4429.66,4605.533352917028,-175.87335291702857
2553.15,1642.1243450725028,911.0256549274973
3635.5,2129.2656756791594,1506.2343243208406
1643.33,1780.9541388198238,-137.62413881982388
3096.92,1532.7271211797843,1564.1928788202158
4488.11,3176.3991291552356,1311.710870844764
5889.98,2862.1772632431903,3027.8027367568093
643.52,2492.1603593746004,-1848.6403593746004
5524.77,5187.104188784291,337.66581121570925
2467.45,2734.6469199176454,-267.1969199176456
6978.59,6147.335721360964,831.2542786390359
2189.41,1448.0006090501013,741.4093909498986
1037.4,2261.291229219756,-1223.891229219756
4792.35,1558.8839624128914,3233.466037587109
8759.49,7686.708876661452,1072.7811233385473
641.85,1143.994865778204,-502.144865778204
12578.2,10621.538838159016,1956.6611618409843
2283.38,1697.8506915198645,585.5293084801356
648.25,1120.091085184838,-471.841085184838
11391.35,4591.169834365986,6800.180165634014
593.32,1826.1865118816331,-1232.866511881633
1387.81,3634.596193951176,-2246.786193951176
1082.7,1727.5220341264992,-644.8220341264991
5968.03,2520.5892626234026,3447.440737376597
806.98,1782.3716753801848,-975.3916753801848
1764.22,1149.0203420558064,615.1996579441936
993.99,1767.6999624369,-773.7099624369
2883.48,2075.2572983513523,808.2227016486477
1996.41,3701.7664894576733,-1705.3564894576732
1187.38,1771.9564976146157,-584.5764976146156
2109.94,1269.5449460525122,840.3950539474879
1273.16,2754.109554167388,-1480.949554167388
707.35,1708.2356628969276,-1000.8856628969276
1202.92,2002.1117667818428,-799.1917667818427
2591.57,1923.5599809738667,668.0100190261335
144.98,2258.5361709234594,-2113.5561709234594
8000.26,6131.052372276312,1869.2076277236883
595.12,2398.0884880134395,-1802.9684880134396
2138.08,1382.2109431406632,755.8690568593368
740.6,2662.1077686574704,-1921.5077686574705
1434.27,1968.6539677484232,-534.3839677484232
1048.68,1934.2168499210873,-885.5368499210872
3935.91,4920.227726863838,-984.3177268638383
1406.15,1847.927122377566,-441.777122377566
4929.23,3314.9312669805936,1614.298733019406
3539.83,1862.9081100237825,1676.9218899762175
1345.59,2379.4449846246657,-1033.8549846246658
1220.23,2062.9637253417404,-842.7337253417404
1042.82,1683.1401615795676,-640.3201615795676
1480.52,2722.566397221231,-1242.046397221231
5568.23,2587.4465427759033,2980.7834572240963
1357.11,1828.0660645686182,-470.95606456861833
1821.39,1774.5252887987867,46.86471120121337
1591.39,1378.3252396439461,213.06476035605397
1688.03,2644.171558736162,-956.1415587361619
5618.28,2864.840060193432,2753.439939806568
2533.25,3007.437464616484,-474.1874646164838
3144.32,3298.0519737190402,-153.73197371904007
3350.38,1888.0442182108884,1462.3357817891117
1204.93,3008.236573071386,-1803.3065730713859
2611.92,2735.842673415964,-123.9226734159638
1463.56,1345.909712287149,117.65028771285097
2398.28,3011.484490110828,-613.2044901108279
3177.46,2922.4863487759953,254.9736512240047
757.34,1159.784382186811,-402.4443821868109
7984.06,5081.800744031987,2902.2592559680133
1301.09,4905.120922939918,-3604.030922939918
700.49,1814.5613838243596,-1114.0713838243596
2966.2,2222.486765037071,743.7132349629287
3839.95,1727.0849613754708,2112.865038624529
10082.57,10497.230276964312,-414.6602769643123
1330.0,1478.5127612127765,-148.51276121277647
737.77,1424.7931118616643,-687.0231118616643
1908.34,2040.6630075471696,-132.3230075471697
851.8,990.4572919706355,-138.65729197063558
793.07,1554.1301283873993,-761.0601283873992
2655.52,2845.071935504453,-189.551935504453
762.24,1572.0373128595206,-809.7973128595206
4120.57,4032.502483773728,88.06751622627189
4884.96,3181.490511216639,1703.4694887833612
1946.04,1693.159915295063,252.88008470493696
1873.36,2391.7156078094326,-518.3556078094327
4203.57,3865.77411909671,337.7958809032898
634.06,1661.0814046993453,-1027.0214046993453
776.48,1949.9910908902887,-1173.5110908902886
2715.03,1536.195268741778,1178.8347312582223
2238.54,3916.3883886186723,-1677.8483886186723
1352.81,7076.207797899662,-5723.397797899663
4934.76,3482.6243998379323,1452.135600162068
8445.02,3821.2381185353324,4623.781881464668
4398.73,2033.732392490908,2364.9976075090917
1733.18,1892.4922091229587,-159.31220912295862
7067.22,9273.811171613776,-2206.5911716137753
3375.1,1686.4834950145635,1688.6165049854364
1828.82,2181.249873293782,-352.42987329378207
3400.18,4234.662675331307,-834.4826753313068
1657.43,2517.138107392041,-859.708107392041
3103.27,3451.0909617355196,-347.82096173551963
4474.65,3416.340735124659,1058.3092648753404
6337.01,6039.736253746552,297.2737462534478
2668.75,1160.1105693737707,1508.6394306262293
760.82,1169.0226042772667,-408.2026042772667
17227.62,11536.882855238096,5690.7371447619025
3824.11,3855.6992187085816,-31.589218708581484
2918.01,2533.140424040015,384.869575959985
15010.47,3587.385491609467,11423.084508390533
3273.33,4480.561930705264,-1207.231930705264
2439.39,2103.810264083293,335.5797359167068
1751.88,4197.195551507531,-2445.3155515075305
5263.63,4225.623255772781,1038.0067442272193
707.61,1308.250637277263,-600.640637277263
1380.81,3706.863849518129,-2326.053849518129
616.19,1313.2141028469684,-697.0241028469684
13118.2,8000.939860852322,5117.260139147678
6037.62,4060.046505000001,1977.5734949999987
3743.38,2624.2127485099936,1119.1672514900065
5976.67,4099.618407551352,1877.051592448648
1848.69,2288.9231589609735,-440.23315896097347
3754.09,4142.761443035466,-388.6714430354659
1304.43,1772.820439512082,-468.3904395120819
1263.95,1577.0558299726877,-313.1058299726876
1731.42,3307.8405194436305,-1576.4205194436304
3329.43,3310.8977396116184,18.532260388381474
1348.42,1106.4200063409453,241.99999365905478
6590.35,5522.342063562742,1068.0079364372586
4344.31,2988.823930827604,1355.4860691723966
6671.21,3793.2109976257357,2877.9990023742644
2622.58,3208.8114115873013,-586.2314115873014
2134.25,1824.5495964054933,309.7004035945067
2171.11,7838.428129283009,-5667.318129283009
9422.31,6905.64731489523,2516.6626851047695
783.78,2588.94218899035,-1805.1621889903502
601.08,2541.1622824035167,-1940.0822824035167
984.1,3381.282246059301,-2397.182246059301
1168.98,3017.482867068193,-1848.5028670681932
432.26,1208.8983994787604,-776.6383994787604
1649.5,2472.7241976931136,-823.2241976931136
3987.63,3360.107572103159,627.5224278968412
829.06,1826.6819827457525,-997.6219827457526
426.23,1195.7246951732147,-769.4946951732147
1454.57,1751.9979163698936,-297.42791636989364
1033.83,1305.272054251278,-271.442054251278
6778.16,4510.183195881412,2267.976804118588
892.08,1743.445905550751,-851.3659055507509
8731.77,3710.42912796141,5021.3408720385905
1572.13,1888.664487200973,-316.534487200973
1578.07,2673.080082179862,-1095.0100821798621
5102.57,3374.625804230875,1727.9441957691247
4610.59,2920.8390576478064,1689.7509423521938
1214.68,1789.1083396086915,-574.4283396086914
1076.73,2485.4827392963175,-1408.7527392963175
25153.41,12883.065038412695,12270.344961587305
5495.54,3524.2750476931437,1971.2649523068562
6245.85,1998.9280171782084,4246.921982821792
1314.37,1354.5638192239248,-40.19381922392495
1629.98,2803.9706243928795,-1173.9906243928795
1033.57,1248.2301824724,-214.66018247240004
1770.19,1969.475131002498,-199.28513100249802
2537.83,1451.6396884881106,1086.1903115118894
4295.27,2674.6692302813844,1620.600769718616
5103.86,3914.922474277645,1188.9375257223546
2304.46,2640.7560280523294,-336.29602805232935
2597.16,5286.512449732546,-2689.352449732546
1121.6,1401.625599371134,-280.02559937113415
2236.24,3011.5912809368388,-775.351280936839
4600.36,3331.9010936083423,1268.4589063916574
3562.71,1827.952153457128,1734.7578465428721
929.06,1413.6744913665932,-484.61449136659326
1493.53,2620.991416931742,-1127.4614169317422
4333.78,5460.453887870117,-1126.6738878701171
2002.66,4475.051739016262,-2472.3917390162624
3088.02,6484.151140816195,-3396.131140816195
3011.95,3341.44170178334,-329.49170178334
796.82,931.7278572337199,-134.90785723371982
1030.31,2188.72862697343,-1158.41862697343
4219.33,1336.9817007325673,2882.3482992674326
5446.09,4244.457406189542,1201.6325938104583
2921.69,6141.508496332332,-3219.8184963323315
958.64,2056.183189554386,-1097.5431895543861
661.8,2312.162933615152,-1650.3629336151519
1311.94,3422.716194089458,-2110.776194089458
1479.88,2535.627903003802,-1055.747903003802
1486.68,2043.7212428553478,-557.0412428553477
6861.32,9662.636561405818,-2801.316561405818
3117.55,4181.111165023277,-1063.5611650232768
5827.33,5783.038017266214,44.29198273378552
3866.23,7784.069892777451,-3917.839892777451
1196.37,1428.2710837479178,-231.90108374791794
4769.61,6529.552649298917,-1759.9426492989169
934.57,1209.1858436038985,-274.6158436038985
1466.67,1234.4090669535353,232.26093304646474
2160.55,2482.8678377936944,-322.31783779369425
7450.3,9579.289165518021,-2128.989165518021
6199.77,4529.50139125541,1670.26860874459
16627.29,7581.179408734497,9046.110591265504
1383.49,2471.150263981797,-1087.6602639817968
870.79,1145.4481257339885,-274.6581257339885
473.92,1455.1085083335647,-981.1885083335646
1249.15,3172.7678199439747,-1923.6178199439746
1273.77,2016.297296715186,-742.5272967151859
6117.78,2434.7963027022715,3682.983697297728
4983.38,6679.056412232137,-1695.6764122321365
536.61,1263.2589324283408,-726.6489324283408
2268.86,1809.7244233216913,459.1355766783088
1799.71,5684.063441786882,-3884.3534417868823
3030.0,1612.9915576770688,1417.0084423229312
769.53,1876.0263500044737,-1106.4963500044737
4911.91,3378.997010776457,1532.9129892235428
7419.13,5640.058319683798,1779.0716803162022
2147.58,1463.593266875928,683.9867331240719
2171.68,1773.3349966858968,398.345003314103
1175.91,1252.2441942070527,-76.33419420705263
1337.69,4212.6197920831355,-2874.9297920831355
1213.21,1837.0108134736095,-623.8008134736094
2712.7,1658.6561999561518,1054.043800043848
9226.09,5858.496329926948,3367.5936700730517
2912.15,2380.45269354885,531.6973064511499
1191.84,2017.2132104854256,-825.3732104854257
988.21,1133.6211084744377,-145.4111084744377
1871.14,2355.1070228733097,-483.9670228733096
1085.09,1431.248592828776,-346.15859282877614
727.16,3895.905721425974,-3168.7457214259744
2152.76,1524.620913531022,628.1390864689781
937.53,1527.4289864020207,-589.8989864020207
3278.93,3188.397576735793,90.53242326420695
2066.11,2136.8250373948717,-70.71503739487162
1697.25,1537.0348757128993,160.2151242871007
2502.75,3336.2588896198718,-833.5088896198718
1494.67,2966.795758477822,-1472.1257584778218
2446.83,4280.171102509535,-1833.3411025095347
4453.05,4579.278927496494,-126.22892749649418
1293.12,2361.008200459947,-1067.8882004599473
4148.51,2525.496445441383,1623.0135545586172
804.0,1863.4928384565303,-1059.4928384565303
759.17,2712.711212355965,-1953.541212355965
3720.15,4830.912914128148,-1110.7629141281482
2261.26,2271.386038754574,-10.126038754573983
2027.03,3406.106799388068,-1379.076799388068
1158.35,1262.4821124135071,-104.13211241350723
689.8,1860.1802987655817,-1170.3802987655818
1884.84,1599.6914391637129,285.14856083628706
4293.74,3007.6396328782903,1286.1003671217095
852.71,1238.825152582952,-386.11515258295185
3045.2,2221.467370639621,823.7326293603787
2066.35,4165.749111133133,-2099.399111133133
4487.91,4741.508962384561,-253.59896238456076
3571.69,2300.910504254359,1270.7794957456413
1093.23,2032.6057210144663,-939.3757210144663
4562.4,4447.941891850332,114.45810814966808
850.61,2349.3334541292343,-1498.7234541292341
1763.18,1767.5123122556442,-4.332312255644183
1215.5,1092.9322458426784,122.56775415732159
1583.83,3603.851130201138,-2020.021130201138
3602.7,3505.1783711104176,97.52162888958219
4567.42,5236.732877084737,-669.312877084737
1419.08,4250.8498146683505,-2831.7698146683506
2568.15,3843.8537538758956,-1275.7037538758955
4723.4,1985.9848548644347,2737.4151451355647
2719.77,2237.5165897651846,482.2534102348154
2531.98,1680.6770242407677,851.3029757592324
13358.27,4374.425831418224,8983.844168581776
1590.06,1702.0292650630008,-111.96926506300088
4225.07,4084.735675817444,140.33432418255552
2045.03,1825.34240656279,219.6875934372099
10605.68,3828.0217667315383,6777.658233268462
3681.49,1498.6416032424459,2182.848396757554
834.58,1095.2698100244154,-260.68981002441535
2541.18,4057.6205031296863,-1516.4405031296865
989.15,1215.1198603557195,-225.96986035571956
3469.07,1883.577690005613,1585.4923099943871
975.91,3468.6715161130223,-2492.7615161130225
3330.55,1991.0240165904124,1339.5259834095878
785.81,3011.1492497391946,-2225.3392497391947
1972.53,2064.427527428628,-91.89752742862788
4075.37,3094.736241360762,980.6337586392378
1685.32,1748.2785081707689,-62.95850817076894
1242.05,1196.1561046685397,45.89389533146027
3725.38,5338.084503800255,-1612.7045038002552
374.29,1395.7334959964248,-1021.4434959964249
1663.99,1405.6747278604882,258.31527213951176
883.9,1518.4367890837193,-634.5367890837193
862.02,817.2214782120366,44.79852178796341
2208.04,3929.7800932742357,-1721.7400932742357
1661.24,1741.6246764271482,-80.38467642714818
1492.09,2032.910910054658,-540.820910054658
3562.48,2737.4842491666677,824.9957508333323
754.45,1293.5234539424416,-539.0734539424416
2348.1,2593.195205365642,-245.09520536564196
963.75,1641.0889884630096,-677.3389884630096
2831.2,3592.722191527266,-761.5221915272664
1278.3,1708.9352979647842,-430.6352979647843
1319.24,2054.7692128353997,-735.5292128353997
4104.15,4037.809016108548,66.34098389145174
10461.59,2696.402091664287,7765.187908335713
2703.96,1537.9103448810408,1166.0496551189592
2005.48,1987.4082004649663,18.071799535033733
1901.81,2124.854588544198,-223.04458854419818
2199.63,1273.0836132630654,926.5463867369347
1634.65,3621.081894100639,-1986.431894100639
1482.76,1730.6069369809077,-247.84693698090769
1437.15,1716.4448659081434,-279.29486590814327
6448.79,5211.667876593389,1237.1221234066106
7002.24,4535.307705946408,2466.932294053592
668.6,1238.4116802218523,-569.8116802218523
451.33,1587.014462868713,-1135.6844628687131
912.37,1362.7381066184344,-450.36810661843435
1991.35,2342.149196428269,-350.79919642826917
1290.87,1702.8768972975045,-412.00689729750457
3582.67,5088.755976103803,-1506.0859761038028
1450.5,3142.708283563909,-1692.208283563909
9752.96,5870.118678881691,3882.841321118308
1083.3,1410.2841036738025,-326.98410367380257
580.0,1796.4528182120036,-1216.4528182120036
1000.26,1777.9246136481033,-777.6646136481033
2095.7,1656.446102308105,439.25389769189474
2355.86,2450.868314715698,-95.0083147156979
10491.14,6640.343309938551,3850.7966900614483
1861.67,1421.5257114887345,440.1442885112656
1784.74,2953.289198852041,-1168.549198852041
3825.4,3007.0941427700386,818.3058572299615
2834.15,1673.9053705509991,1160.244629449001
8542.66,2549.807137342031,5992.852862657968
1602.24,2421.1095359742353,-818.8695359742353
3311.36,1853.9186395181482,1457.441360481852
3038.36,3443.788418933207,-405.428418933207
3354.41,4394.75966790219,-1040.34966790219
3983.92,7774.78564793651,-3790.86564793651
855.3,1293.7283228479955,-438.42832284799556
2012.31,2510.2309399293977,-497.9209399293977
2098.99,1914.8390426794515,184.1509573205483
7508.32,2305.8157857739384,5202.504214226061
1801.32,2062.859819824904,-261.53981982490427
2999.11,3323.4615449008807,-324.3515449008805
999.81,886.2020558254258,113.60794417457419
741.75,1398.1849046150217,-656.4349046150217
1785.27,2142.314012360576,-357.04401236057583
1886.07,2424.858248781645,-538.7882487816453
1573.66,1925.803960958868,-352.14396095886786
1206.66,1886.705374152548,-680.045374152548
905.82,1464.8207563965805,-559.0007563965804
2393.33,2275.9035195494894,117.42648045051055
2841.74,1621.1234419876591,1220.6165580123406
1779.46,2150.947339486045,-371.48733948604513
2405.2,1826.0308149999996,579.1691850000002
1135.29,2376.9238696808716,-1241.6338696808716
1861.43,1300.9492439728788,560.4807560271213
1502.97,2159.762416449009,-656.7924164490089
1521.68,2593.978707747089,-1072.298707747089
4326.63,2567.4308291613843,1759.1991708386158
4958.16,6332.058893123274,-1373.8988931232743
2358.34,1548.4643302627333,809.8756697372669
2568.62,2068.2072614793765,500.4127385206234
1882.86,3877.220331304043,-1994.3603313040433
1397.64,1778.3681513019371,-380.72815130193703
4485.65,2739.317485203514,1746.3325147964856
2940.25,1542.362639545789,1397.887360454211
1796.25,1344.0474565332493,452.20254346675074
260.0,1326.546959172741,-1066.546959172741
4714.4,2719.0677464793675,1995.332253520632
803.3,1755.2568771078084,-951.9568771078084
984.57,1321.5766685280814,-337.0066685280814
3978.16,3939.476703393229,38.68329660677091
3322.5,3294.686916942661,27.8130830573391
924.1,1736.893726398653,-812.7937263986529
1878.15,3460.78595217438,-1582.6359521743798
3952.44,3164.6910039146915,787.7489960853086
8538.71,4343.479314526673,4195.230685473326
2841.7,1872.9691305503934,968.7308694496064
891.36,1547.8705097576933,-656.5105097576933
2052.76,1493.4071537927002,559.3528462073
889.83,3648.6994579036173,-2758.8694579036173
3517.61,2540.227322583791,977.3826774162089
2805.12,1692.1149642316104,1113.0050357683895
1421.25,1796.4938912824475,-375.2438912824475
1331.23,1139.886103726063,191.34389627393693
4190.72,3272.11714795399,918.6028520460104
3404.52,3436.4610602162775,-31.941060216277492
4153.56,3608.0862878782855,545.4737121217149
922.23,2070.1573573475976,-1147.9273573475975
1099.14,3481.7928749792236,-2382.6528749792233
29039.85,10725.97816333445,18313.87183666555
583.91,913.449904849505,-329.539904849505
564.4,1444.2589106643143,-879.8589106643143
1172.29,2021.9754407464861,-849.6854407464862
14906.77,8650.454262568688,6256.315737431312
1416.8,2256.5735462023836,-839.7735462023836
1762.71,2428.238971601838,-665.5289716018378
1498.21,1874.763909453268,-376.55390945326803
982.62,1175.4291481913144,-192.80914819131442
3328.92,2723.54667714391,605.37332285609
3050.97,1654.2945071188933,1396.6754928811065
2474.07,5345.30842850896,-2871.2384285089597
5760.46,5729.610372256404,30.849627743596102
6015.12,2344.7241215717004,3670.3958784282995
1592.11,3428.208685382704,-1836.0986853827042
677.21,1441.086564555605,-763.876564555605
11504.76,4770.981417000431,6733.778582999569
539.6,1360.723252714789,-821.1232527147889
1059.98,1976.316633504823,-916.3366335048229
1731.38,7851.767649906747,-6120.387649906746
3583.99,3499.6521983510634,84.33780164893642
3192.99,6018.304270708438,-2825.314270708438
1554.54,1429.985693762878,124.55430623712186
8003.56,5921.664053479783,2081.895946520217
4923.36,3223.558669068986,1699.8013309310136
3022.48,1991.9505724784176,1030.5294275215824
3029.23,1233.854579805085,1795.375420194915
5533.99,3698.4506956998785,1835.5393043001213
2760.64,4875.758397111558,-2115.1183971115584
1701.06,1872.6512246705176,-171.5912246705177
825.6,2507.225360661,-1681.6253606610003
1843.78,3792.7998406113784,-1949.0198406113784
1801.91,2646.0474634357292,-844.1374634357292
1904.05,2711.061956301895,-807.011956301895
4444.05,2110.498058106682,2333.551941893318
1843.69,1671.8600646563668,171.82993534363322
1111.39,954.6146985739033,156.7753014260968
952.78,1501.8770848285797,-549.0970848285797
6150.57,3689.1542159501264,2461.4157840498733
1320.98,1747.7332043182698,-426.7532043182698
3876.05,2678.060492243788,1197.9895077562123
1815.59,1382.870642044221,432.71935795577883
1512.33,2642.7760013156612,-1130.4460013156613
953.31,3712.8475352114974,-2759.5375352114975
6608.18,3879.477065385994,2728.702934614006
2268.72,3144.071014431849,-875.3510144318493
2008.99,1180.6862495717628,828.3037504282372
14499.21,9733.146463333333,4766.063536666667
1539.2,2639.7736643292556,-1100.5736643292555
2754.23,2344.542095812293,409.68790418770686
971.68,2616.415553817419,-1644.7355538174193
746.21,3822.5825008749443,-3076.3725008749443
1529.19,1550.670321602212,-21.480321602211916
1164.3,1706.093254489373,-541.7932544893731
5061.62,3023.4197766513958,2038.2002233486041
952.98,1453.2519372083675,-500.2719372083675
580.0,1236.8644380827875,-656.8644380827875
622.19,1268.32883140348,-646.13883140348
2806.38,2748.775477550745,57.604522449255
1703.94,1647.183348033102,56.75665196689806
964.1,1202.119159508021,-238.01915950802106
641.17,1662.4721248364876,-1021.3021248364877
386.65,1590.5592422371649,-1203.909242237165
1264.67,3778.6092733541027,-2513.9392733541026
1786.45,1709.7048444249233,76.74515557507675
764.14,868.5995594753887,-104.45955947538869
970.38,2078.5005781482555,-1108.1205781482554
7690.15,5740.441747274492,1949.708252725508
5813.55,5069.741766009469,743.8082339905313
808.85,1257.6349194843096,-448.7849194843096
1553.15,3402.7950602942424,-1849.6450602942423
2066.32,2685.957338668215,-619.6373386682149
1873.75,2137.611494144561,-263.8614941445612
1832.84,1846.0158834139577,-13.175883413957763
1252.09,2565.801805083706,-1313.711805083706
2026.99,3437.472698790963,-1410.482698790963
1154.46,3023.7500130866283,-1869.2900130866283
7336.79,6170.792506402304,1165.9974935976961
643.21,855.41853960492,-212.20853960492002
1193.55,1389.9319571867454,-196.38195718674547
578.39,2015.6823441890563,-1437.2923441890562
994.61,1790.2280122646853,-795.6180122646853
2207.89,1206.5178298235014,1001.3721701764985
1307.58,1163.745112680555,143.834887319445
1328.18,5708.171711358049,-4379.991711358049
1938.97,2430.9213580902365,-491.95135809023645
2239.04,2859.7253928553137,-620.6853928553137
3519.59,3084.5959756421626,434.9940243578376
1468.2,3256.4964678063548,-1788.2964678063547
830.56,1602.6593397151205,-772.0993397151205
1938.67,1338.5059790009495,600.1640209990505
1233.73,1490.1550843461455,-256.42508434614547
3931.41,3348.3096852123213,583.1003147876786
1611.21,2063.035821888165,-451.82582188816514
1938.53,3810.0224827125926,-1871.4924827125926
934.51,2290.1289518264093,-1355.6189518264093
1052.67,2432.161147133293,-1379.491147133293
1173.76,2181.2840098882784,-1007.5240098882784
2525.97,3662.238801761778,-1136.2688017617784
1839.74,2813.4077162086046,-973.6677162086046
3540.83,3350.80003343149,190.02996656850974
4092.54,4916.879075543929,-824.3390755439286
372.94,1431.9558490423838,-1059.0158490423837
10428.11,5010.553608239261,5417.55639176074
2469.31,2161.534233734102,307.7757662658978
5681.98,5956.599010727223,-274.6190107272232
3094.39,6775.921443502073,-3681.531443502073
3091.7,1947.5465418779506,1144.1534581220492
975.06,1297.1221689819947,-322.0621689819948
2942.31,2772.25089763111,170.05910236888985
8130.33,5065.003845656321,3065.3261543436793
3201.06,3409.493023919387,-208.43302391938687
592.81,2721.1205768950044,-2128.3105768950045
3661.18,2758.6375366145817,902.5424633854182
2213.69,2550.3127103841744,-336.6227103841743
793.61,1094.2855302362123,-300.67553023621224
3334.96,1501.3526837634893,1833.6073162365108
1758.16,1251.5760553188684,506.5839446811317
951.47,1425.269669264032,-473.799669264032
1006.13,1772.9334715463015,-766.8034715463015
2245.72,1566.757094835504,678.9629051644959
2216.45,5050.988120238091,-2834.5381202380913
10740.94,13077.66399301587,-2336.7239930158703
4875.33,4952.232880455264,-76.9028804552645
3514.54,2662.5279164618755,852.0120835381244
1828.18,2141.9453708128103,-313.76537081281026
737.99,1548.3102082591877,-810.3202082591877
3700.77,2897.6751228255807,803.0948771744193
2722.99,5469.667668431794,-2746.677668431794
7988.69,10243.897078463206,-2255.207078463206
2636.23,3974.027019435817,-1337.7970194358168
1354.69,1749.9711103955071,-395.2811103955071
2825.74,3004.307969971572,-178.56796997157244
538.55,1370.5527253223731,-832.0027253223732
7940.07,7426.048017810474,514.0219821895253
6148.54,6585.31685507297,-436.77685507296974
3266.49,2564.5759244736178,701.914075526382
5607.05,5383.051108957047,223.9988910429529
3132.27,1637.7895147638033,1494.4804852361967
969.96,1813.0498247424052,-843.0898247424052
1465.27,1693.5844634001376,-228.31446340013758
932.22,1789.703535865981,-857.4835358659809
2094.46,2431.832213668961,-337.37221366896074
3638.17,1301.3789579522413,2336.7910420477588
1072.66,3604.8383511189204,-2532.1783511189205
4195.32,3003.3938010155994,1191.9261989844003
801.65,1311.2336821182182,-509.58368211821823
1089.36,2428.447966381617,-1339.087966381617
1763.93,1498.2692453544962,265.66075464550386
789.94,2793.0926537745927,-2003.1526537745926
751.85,2512.928172786019,-1761.078172786019
1713.26,1653.9182865477724,59.34171345222762
8039.0,4876.972470638515,3162.027529361485
4115.39,8202.179198574226,-4086.7891985742253
635.8,1545.507512234031,-909.7075122340311
795.38,1248.8703401453374,-453.4903401453374
4711.56,4373.239574066992,338.32042593300866
2022.38,1232.340459787879,790.0395402121212
2572.34,2474.770080746439,97.56991925356124
347.23,918.0743130571161,-570.8443130571161
2226.39,1808.9618498387085,417.42815016129134
7318.63,5677.301716008598,1641.3282839914018
3159.51,3341.5202074689137,-182.01020746891345
3327.76,2835.498347829207,492.26165217079324
2020.15,2225.4988002093105,-205.3488002093104
2316.03,1349.2984250237396,966.7315749762606
759.64,1986.5762110725523,-1226.9362110725524
3563.98,3558.1172245024773,5.862775497522762
7891.37,3528.7915796836514,4362.5784203163485
7041.08,5913.027339761906,1128.0526602380942
733.7,2204.2897574649855,-1470.5897574649855
14072.32,6047.604638762614,8024.715361237386
5012.39,9369.12838742736,-4356.738387427359
9015.16,6180.528057901049,2834.631942098951
5404.8,5501.636599345237,-96.83659934523712
4927.3,5727.142707382252,-799.8427073822522
2271.39,2176.510470673646,94.8795293263538
8615.69,3818.4930974605522,4797.196902539448
761.65,1911.4560306596281,-1149.806030659628
711.66,1802.7014854165643,-1091.0414854165642
2186.86,2556.575318271648,-369.7153182716479
2603.27,2239.8463777042602,363.42362229573973
1647.78,1694.3315637983976,-46.55156379839764
10489.49,4572.691826761004,5916.798173238995
9212.38,6474.027944011814,2738.3520559881854
6387.24,8165.177163407427,-1777.9371634074269
1120.49,1795.7822504865055,-675.2922504865055
1859.57,1376.7562936020286,482.8137063979714
719.85,1100.4907774192395,-380.6407774192395
6014.04,3686.591884376806,2327.448115623194
2338.87,1841.8808853247438,496.98911467525613
9542.95,5206.6710403156385,4336.278959684362
583.11,1684.5050901249765,-1101.3950901249764
1149.0,1697.6099091648587,-548.6099091648587
1235.9,1478.9440721814174,-243.04407218141728
1446.93,2193.2600160058014,-746.3300160058013
6351.48,5726.128228475723,625.351771524277
6463.89,3515.8992694494414,2947.990730550559
7321.77,4399.03957998671,2922.7304200132903
3645.02,1800.7371526228503,1844.2828473771497
1411.74,2581.744624043239,-1170.0046240432391
2810.64,2578.875811273486,231.76418872651402
5396.61,2306.6722563556464,3089.9377436443533
9723.02,7018.984248095234,2704.0357519047666
828.12,1519.430643391537,-691.3106433915369
1661.08,2274.757412238409,-613.677412238409
1418.12,1241.8047254047713,176.31527459522863
1800.34,1755.7678838150166,44.572116184983315
1327.85,4058.9872050936315,-2731.1372050936316
2953.78,1370.8024426484421,1582.977557351558
2868.05,2078.629347971399,789.4206520286011
1447.95,3958.1631115657988,-2510.2131115657985
1802.34,3624.39642839874,-1822.0564283987403
2924.92,3956.5188118689944,-1031.5988118689943
2458.45,3313.3196280276115,-854.8696280276117
1222.62,1717.26064939073,-494.64064939073
7224.66,5231.11995762923,1993.5400423707697
4672.89,3540.6972170949975,1132.1927829050028
981.39,1411.5829126492388,-430.1929126492388
7686.83,7526.328158467293,160.50184153270675
1887.07,4645.396731480328,-2758.326731480328
1413.83,2332.7798144183357,-918.9498144183358
4694.65,2751.9269193925516,1942.723080607448
2863.02,1773.3062868184602,1089.7137131815398
1943.01,3236.8359624412446,-1293.8259624412447
614.4,2752.224475163531,-2137.824475163531
984.26,1844.23652193225,-859.9765219322501
1934.89,3232.683638471811,-1297.7936384718107
1141.56,2282.8133469659197,-1141.2533469659197
10895.25,7433.014821073509,3462.2351789264912
942.3,1844.3122827770699,-902.0122827770699
1943.71,2843.1198010096246,-899.4098010096245
2378.11,1905.9645697483224,472.1454302516777
888.94,1809.166294057159,-920.2262940571588
1796.69,2591.8813279290353,-795.1913279290352
1788.26,4248.565334102584,-2460.3053341025834
1231.32,3373.860376314272,-2142.540376314272
828.77,1950.5682473983875,-1121.7982473983875
1671.01,1286.058775992736,384.95122400726405
2952.74,3700.3205816526183,-747.5805816526185
1920.15,1546.8851307304894,373.26486926951065
6108.98,7114.6343142339565,-1005.6543142339569
13297.66,11148.798907402597,2148.8610925974026
4394.61,2469.8008829573037,1924.809117042696
1092.78,1243.2846105417677,-150.50461054176776
5353.21,3649.917628267347,1703.292371732653
1720.8,2219.3576529336174,-498.5576529336174
936.99,1816.2253925615391,-879.2353925615391
1742.09,2471.262525031058,-729.1725250310581
2144.03,1643.9807693907971,500.04923060920305
480.82,1668.91505710123,-1188.0950571012302
8434.22,5497.344012210816,2936.8759877891835
9843.33,7954.531496666668,1888.7985033333316
4753.51,1896.473903770262,2857.036096229738
2651.75,1886.329445280087,765.4205547199131
2602.14,2331.397058855039,270.7429411449607
1138.29,1307.0961341589348,-168.8061341589348
4135.86,2160.035458646122,1975.8245413538775
1857.43,2409.8515136264828,-552.4215136264827
804.22,2164.4066219674337,-1360.1866219674337
1409.96,1333.4039244952028,76.55607550479726
1928.03,2872.2541241049785,-944.2241241049785
6951.4,6330.0239682545935,621.3760317454062
4552.59,6742.179502401799,-2189.589502401799
4299.95,2828.56765880901,1471.3823411909898
2682.97,1761.1299262689943,921.8400737310055
722.12,1211.588486694917,-489.46848669491703
960.8,2396.006458762838,-1435.206458762838
1480.26,2142.8404471262347,-662.5804471262347
932.05,3028.427125670585,-2096.377125670585
1683.42,3228.0303362325144,-1544.6103362325143
3223.69,1715.1869480696175,1508.5030519303825
6314.6,7039.216916745062,-724.6169167450616
2565.5,1984.3938064166202,581.1061935833798
2209.45,3190.5115693802495,-981.0615693802497
1695.11,2782.339887631105,-1087.229887631105
596.61,1157.8270128998702,-561.2170128998702
2582.84,2820.265208134681,-237.42520813468082
1316.59,2334.6450031224904,-1018.0550031224905
2658.51,1981.1481848884487,677.3618151115516
3812.45,1743.7253084667586,2068.724691533241
1423.93,1781.2345945247719,-357.3045945247718
1216.45,2560.7990523310295,-1344.3490523310295
2740.91,1485.4218330562217,1255.4881669437782
2318.39,1288.0662896591366,1030.3237103408633
10097.85,5013.659249286979,5084.190750713022
903.79,809.5550781492218,94.23492185077816
5376.61,5242.522237190541,134.08776280945858
1017.88,2325.944784634683,-1308.0647846346828
7608.35,7182.812820606061,425.53717939393937
1551.37,1259.2768756387961,292.09312436120376
3137.95,2722.848066823619,415.10193317638095
859.6,1697.6710509161846,-838.0710509161846
1655.91,1104.9669713512894,550.9430286487107
7922.6,4329.404665693617,3593.1953343063833
2260.82,2173.876033493417,86.94396650658337
629.12,1416.835112833271,-787.7151128332711
2775.85,4220.471036278697,-1444.6210362786974
2543.55,1873.540416476171,670.0095835238292
1300.66,1329.452819077666,-28.792819077665854
2719.85,5137.443179642855,-2417.5931796428554
1098.89,1291.395371088726,-192.50537108872595
1305.96,2015.3003300926484,-709.3403300926484
2695.32,2079.4485648282807,615.8714351717194
3155.26,2195.8193076987745,959.4406923012257
2782.95,1679.4928513928153,1103.4571486071845
1683.2,2041.2002000054804,-358.00020000548034
1295.21,1599.7958866917243,-304.5858866917242
1152.56,1598.165078667173,-445.6050786671731
2918.8,3307.2367513888894,-388.4367513888892
2508.06,2599.383556544295,-91.32355654429512
1488.17,2589.2541775249906,-1101.0841775249905
7081.35,4770.749628218983,2310.600371781017
1381.89,1878.06605393948,-496.17605393947997
527.82,1677.3867829328074,-1149.5667829328072
1153.69,2143.0520218185115,-989.3620218185115
2229.24,3943.646674365079,-1714.4066743650792
1956.26,1733.0203826608122,223.23961733918782
28.46,1265.9759811068968,-1237.5159811068968
797.68,1223.4081972367856,-425.7281972367856
3081.25,6409.526233610428,-3328.276233610428
663.39,1290.5668482614478,-627.1768482614478
1557.42,1536.5868007977663,20.8331992022338
1451.89,2008.149150872157,-556.2591508721569
5875.53,3370.5372001770534,2504.9927998229464
451.75,8062.421144523512,-7610.671144523512
716.41,1071.005792655653,-354.5957926556531
1488.18,2273.6941522357524,-785.5141522357524
7625.52,5103.15313547624,2522.3668645237603
865.49,1845.4683340726815,-979.9783340726815
2972.32,3958.2149448251557,-985.8949448251556
879.69,1289.0280205289769,-409.3380205289768
1752.76,2321.3951827329656,-568.6351827329656
1811.03,2316.365818530096,-505.33581853009605
2761.72,3598.492882414509,-836.7728824145092
2582.05,4526.193567988648,-1944.143567988648
2069.18,3331.2674758575413,-1262.0874758575414
1570.38,1326.0883989559381,244.29160104406196
1258.9,1569.2984085584494,-310.3984085584493
3987.13,2692.6849326629745,1294.4450673370256
4918.98,2532.381176092697,2386.5988239073026
1723.26,2356.849432352941,-633.5894323529412
3457.79,4638.964437803652,-1181.174437803652
2978.93,3335.3153728102902,-356.3853728102904
982.65,1815.8694209293174,-833.2194209293174
4632.58,1436.8112970415202,3195.7687029584795
2609.01,2135.7028107668452,473.307189233155
1102.43,1619.0780213597193,-516.6480213597192
2451.69,4091.441778741461,-1639.7517787414608
1141.48,1295.4920137223005,-154.01201372230048
6188.65,3848.5303066604156,2340.119693339584
955.48,2079.908297575613,-1124.4282975756128
6009.12,4314.780570957622,1694.3394290423776
984.66,3795.6226929981226,-2810.9626929981227
890.54,2319.273686616223,-1428.7336866162232
726.67,1412.0201552971675,-685.3501552971676
767.65,1515.653085079403,-748.0030850794029
6755.1,3921.375991948205,2833.7240080517954
1910.22,1865.0065134747215,45.21348652527854
6573.05,8217.599425181039,-1644.5494251810387
1312.26,2855.4854081281273,-1543.2254081281274
6464.84,6321.256058881163,143.58394111883717
3547.26,3378.843790665448,168.41620933455215
2683.71,2229.9124392383774,453.79756076162266
702.46,1612.5611931814203,-910.1011931814203
1014.78,1716.0567793746495,-701.2767793746495
907.11,1173.4798077931828,-266.36980779318276
2609.01,1658.9907798222919,950.0192201777083
735.64,1183.5076670915655,-447.8676670915655
1078.57,1695.4847648512261,-616.9147648512262
618.16,1679.5823336195886,-1061.4223336195887
1302.65,2738.444885037206,-1435.7948850372059
2636.08,6695.287885319828,-4059.207885319828
872.37,2196.249847492901,-1323.8798474929013
878.52,1185.0837808819683,-306.56378088196834
2240.68,3221.4302476648177,-980.7502476648178
5308.01,4217.009487347621,1091.0005126523793
3953.62,1854.4298039218045,2099.190196078195
4527.37,2879.583162382619,1647.786837617381
1949.64,3569.405113559436,-1619.7651135594358
3560.12,2418.802227626927,1141.3177723730728
6316.98,7985.490221349207,-1668.5102213492073
1058.23,1540.1014073920576,-481.87140739205756
862.85,1418.1364917553822,-555.2864917553821
1215.32,1642.3393671088024,-427.0193671088025
947.66,2383.99364131804,-1436.33364131804
4040.15,3037.8173882824876,1002.3326117175125
4232.78,2015.412608885805,2217.367391114195
3858.48,3726.717457352135,131.76254264786485
1091.35,1450.6495272982647,-359.2995272982648
6964.62,6847.526686451172,117.09331354882761
1882.07,1620.2762971944517,261.79370280554826
1638.8,2838.575603627296,-1199.775603627296
1292.83,1799.0172015366284,-506.18720153662844
4845.58,3267.935925024796,1577.6440749752041
694.79,815.5838528497272,-120.79385284972727
865.01,1521.954956317996,-656.944956317996
1748.98,2380.0401116824623,-631.0601116824623
684.92,1712.6716080102515,-1027.7516080102514
1682.35,1500.1969647673207,182.15303523267926
2168.66,1921.1489359167506,247.51106408324927
5476.36,13396.752753333332,-7920.392753333333
2348.28,3615.8657141246763,-1267.585714124676
4668.84,2851.8421184989,1816.9978815011
1019.86,2222.179012511103,-1202.3190125111028
694.52,1007.717252120302,-313.197252120302
1106.71,1950.0838663374952,-843.3738663374952
1428.69,1859.804282700435,-431.11428270043484
1976.71,3059.2353979521313,-1082.5253979521312
3475.37,3554.186641751336,-78.81664175133619
4172.28,4563.008496097438,-390.72849609743844
3568.7,3683.692609065014,-114.99260906501422
3051.85,1303.1513877624232,1748.6986122375768
787.31,1214.0833027371136,-426.7733027371137
2126.12,1709.1163470824933,417.00365291750654
4259.26,7176.049184103811,-2916.789184103811
5847.0,5236.930774110992,610.0692258890076
3000.02,2365.9777138480968,634.0422861519032
531.47,1025.2261978067272,-493.7561978067272
2673.72,2391.9673593753487,281.7526406246511
1388.76,1549.5151609802883,-160.75516098028834
2779.32,3688.0634988013335,-908.7434988013333
4723.55,13471.533230873021,-8747.983230873022
2115.32,2307.151040076898,-191.8310400768978
3103.8,4090.2520680408134,-986.4520680408132
1384.61,1950.4226390341437,-565.8126390341438
1207.56,1412.7641319267382,-205.20413192673823
611.68,1120.7173445848953,-509.0373445848953
1848.91,3266.9598881332554,-1418.0498881332553
1104.55,2383.968689333783,-1279.418689333783
819.75,1043.5215023365722,-223.7715023365722
6999.69,3571.6167647220077,3428.073235277992
3033.69,2109.377655894158,924.3123441058419
1936.69,7350.835751091956,-5414.145751091955
2126.61,2985.567983154345,-858.9579831543447
824.03,1231.6736399498307,-407.6436399498307
1684.29,1994.8713576120686,-310.5813576120686
1854.51,1488.5256084271348,365.9843915728652
1169.01,2150.3156963710744,-981.3056963710744
773.0,1982.9423415585863,-1209.9423415585863
12221.33,7774.063750804281,4447.266249195719
3512.03,1990.650318344703,1521.3796816552972
4002.19,3423.9195303982747,578.2704696017254
1643.45,1997.2974958615234,-353.8474958615234
7106.39,5523.321726388892,1583.0682736111085
1412.91,1541.5826815209375,-128.67268152093743
1185.97,3728.0274721365363,-2542.0574721365365
7944.85,6794.66251311897,1150.18748688103
4637.96,3686.704854275662,951.255145724338
2847.13,4429.590914409007,-1582.4609144090073
8903.8,6409.985904121288,2493.8140958787117
2422.38,10407.103867812188,-7984.723867812188
6503.55,4923.0182457142855,1580.5317542857147
3801.1,3958.5993836066255,-157.49938360662554
1327.08,2294.5798259234375,-967.4998259234376
1318.8,1498.868928347017,-180.06892834701694
9413.65,7227.383777200602,2186.266222799398
543.36,1203.0212132678798,-659.6612132678798
2912.28,3227.7982271872197,-315.5182271872195
1878.67,2610.034065625645,-731.3640656256448
1381.14,2180.8513061861695,-799.7113061861694
2538.67,2348.1568956043347,190.51310439566532
4640.26,2430.630608704088,2209.6293912959122
1073.86,1995.2729977610597,-921.4129977610598
3998.27,1730.1766652484064,2268.093334751594
5928.21,7788.8266338095245,-1860.6166338095245
1344.54,1314.3173666451842,30.222633354815798
2144.67,2369.486962242683,-224.81696224268308
3060.04,3823.693954380603,-763.653954380603
2720.69,3492.9786505238285,-772.2886505238284
2237.09,3277.8319081029517,-1040.7419081029516
3614.11,3524.421869321689,89.68813067831115
2695.91,4347.0412551622085,-1651.1312551622086
3813.65,2871.2681238945324,942.3818761054677
1675.5,832.7304259071673,842.7695740928327
3434.87,2684.9052914685003,749.9647085314996
5198.2,2966.689027724933,2231.5109722750667
923.05,1473.181653066068,-550.1316530660681
9369.19,6728.279853702755,2640.910146297246
4371.14,7952.513246582625,-3581.3732465826242
1618.88,2830.732674457027,-1211.8526744570268
756.57,1261.494181997056,-504.92418199705605
6214.19,5399.305755104345,814.8842448956548
925.34,1101.3925813577216,-176.05258135772158
897.47,1644.9420616796965,-747.4720616796965
1832.48,2563.284416178553,-730.8044161785529
1079.07,1428.811483093242,-349.7414830932421
2590.78,2294.188158659324,296.5918413406762
930.63,1721.2578844978066,-790.6278844978066
16384.42,6973.521638809526,9410.898361190473
1663.6,2324.68572543633,-661.08572543633
690.81,2784.4101961312763,-2093.6001961312763
14591.93,8264.199006568148,6327.730993431853
1530.42,1804.2624431541437,-273.84244315414367
3164.58,2839.0297659593953,325.55023404060466
4749.81,9561.744796499617,-4811.934796499617
4828.94,4702.012936215855,126.9270637841446
3347.23,5346.043899252985,-1998.8138992529853
3399.82,2138.6049599428834,1261.2150400571168
845.27,925.9804915007334,-80.71049150073338
1336.37,1851.998946153687,-515.6289461536871
562.07,1833.1386167218277,-1271.0686167218278
2906.83,2703.877926599895,202.95207340010484
2317.01,1918.4107787610048,398.59922123899537
4757.16,5862.650984688823,-1105.4909846888231
1251.16,2129.629882088019,-878.4698820880187
2840.35,1621.343124796786,1219.006875203214
3854.9,3268.690264428448,586.2097355715523
1128.52,1520.7117261415901,-392.19172614159015
9324.25,5838.380588427397,3485.869411572603
553.07,1410.0513242795805,-856.9813242795805
1494.59,1379.6068015744593,114.98319842554065
1375.66,3360.2398650161754,-1984.5798650161753
1276.68,3819.784719221294,-2543.1047192212936
2506.92,1796.3952617454142,710.5247382545858
4310.45,4941.333756042635,-630.8837560426355
513.78,2038.6250578460254,-1524.8450578460254
2334.11,3391.948746026163,-1057.8387460261629
3877.65,3501.229780658155,376.42021934184504
4550.28,4429.806753479556,120.47324652044335
2552.97,2171.375590334622,381.59440966537795
1646.99,1598.3295696655507,48.6604303344493
5056.38,3400.4141901458947,1655.9658098541054
1384.85,1861.898988227095,-477.04898822709515
691.97,1295.1605909185996,-603.1905909185996
2599.55,5293.636107891599,-2694.0861078915987
3736.49,3124.9577525844757,611.5322474155241
573.76,1864.3127404823433,-1290.5527404823433
3232.37,3024.6458772142423,207.72412278575757
4352.02,5335.898005768604,-983.8780057686035
6100.43,5155.153267991337,945.2767320086632
3017.4,2084.8642078940084,932.5357921059917
5105.33,4572.421087738633,532.9089122613668
1857.51,1753.098324001636,104.41167599836399
1405.44,1381.3468973253998,24.09310267460023
586.27,1498.9547751452092,-912.6847751452092
670.14,1520.0583434349746,-849.9183434349746
2861.8,3739.514576270412,-877.7145762704117
2926.66,3030.661951857536,-104.00195185753637
2252.25,1796.4351295773815,455.81487042261847
111.49,3128.7395713419915,-3017.2495713419917
4786.57,2135.217561307474,2651.3524386925255
894.08,1768.0880265321287,-874.0080265321286
3247.79,2474.08923540129,773.7007645987101
3750.46,3409.8304330326187,340.6295669673814
4811.17,4075.5780388554826,735.5919611445174
2669.17,3242.069594980841,-572.8995949808409
4794.17,2651.574325490513,2142.5956745094873
1217.67,2947.5120724385506,-1729.8420724385505
675.0,1973.0177313340287,-1298.0177313340287
589.05,1075.8147938771153,-486.7647938771154
3582.15,4033.314189816996,-451.164189816996
1747.65,1353.9579772547904,393.69202274520967
1719.75,2253.3165742795336,-533.5665742795336
6528.64,3584.176098338998,2944.463901661002
7144.83,5175.598698165981,1969.2313018340192
942.32,1152.2211259750675,-209.90112597506743
3170.29,3650.869995511506,-480.57999551150624
5055.43,5413.585206318224,-358.15520631822346
3605.23,2328.244627219627,1276.985372780373
2260.41,5333.61958946786,-3073.2095894678605
1820.52,1595.4584535966537,225.06154640334626
1673.27,1757.6007804650496,-84.33078046504966
771.1,1050.797247068818,-279.697247068818
1800.98,1888.3292893764112,-87.3492893764112
3827.11,4634.872674255548,-807.7626742555481
1288.61,1946.633505243486,-658.0235052434862
1074.68,1159.8534085247575,-85.1734085247574
1397.03,2881.786723273809,-1484.756723273809
11417.02,6918.361817442142,4498.658182557859
1705.45,1809.354225429914,-103.90422542991405
1945.53,1906.0616760224918,39.468323977508135
3210.58,2383.721620974661,826.8583790253388
889.37,2155.0071603117826,-1265.6371603117827
3395.1,3757.7883102723245,-362.68831027232454
6543.9,6361.804452667512,182.0955473324875
4693.07,2549.2533258220847,2143.816674177915
943.63,1155.750365942559,-212.12036594255903
586.8,1223.1581584627897,-636.3581584627898
2208.0,2751.3244760209222,-543.3244760209222
669.24,1526.093700516343,-856.853700516343
9725.01,11205.423660515871,-1480.413660515871
2733.88,3465.6484410749217,-731.7684410749216
828.93,2419.5634821098797,-1590.6334821098799
1067.98,2752.861418466366,-1684.881418466366
5481.15,5653.94667605263,-172.79667605263057
445.89,1492.6781725443932,-1046.788172544393
4030.2,3973.0668047282197,57.133195271780096
1274.68,2308.9973320546783,-1034.3173320546782
1575.97,1947.6987845010715,-371.72878450107146
3010.11,1576.4964849087237,1433.6135150912764
3226.59,2868.2389773853556,358.35102261464453
1240.47,1483.179579532497,-242.70957953249695
12124.57,4057.55012851322,8067.01987148678
939.4,1665.9024241628028,-726.5024241628029
1491.14,1941.639280745053,-450.49928074505283
7716.18,7784.952039369435,-68.77203936943442
3452.42,5026.0723248898485,-1573.6523248898484
3743.66,2315.3687405994706,1428.2912594005293
2558.19,4865.763821399314,-2307.573821399314
2012.8,2525.415677808498,-512.615677808498
950.73,2273.9152975337215,-1323.1852975337215
8082.37,6856.899436490898,1225.4705635091022
5795.72,3313.582339322456,2482.1376606775443
1438.27,2190.288725106225,-752.0187251062248
1847.88,1841.383470934402,6.496529065597997
1728.2,1717.3496458145971,10.85035418540292
7744.37,2659.922532802308,5084.447467197691
781.73,1540.3221306390894,-758.5921306390894
698.38,1620.3828788829985,-922.0028788829985
1680.63,1682.5005007261457,-1.8705007261455648
724.17,1209.0880657738091,-484.9180657738092
508.54,1505.6997994696292,-997.1597994696292
3800.87,1880.3397697583289,1920.530230241671
745.08,1182.8388898770454,-437.75888987704536
501.83,2369.4669078692154,-1867.6369078692155
2176.14,1678.3163073287121,497.82369267128774
6593.26,3627.481165613018,2965.778834386982
4247.12,1936.4436393458643,2310.6763606541354
1130.93,4104.809552624523,-2973.879552624523
349.18,2149.0256742181914,-1799.8456742181913
860.67,1446.7564571215873,-586.0864571215874
1282.94,1596.5243279279507,-313.58432792795065
2322.07,1544.287366572891,777.7826334271092
6903.59,6413.521577415578,490.0684225844225
1937.67,2290.8415444940897,-353.17154449408963
4690.4,6848.065600588251,-2157.6656005882514
5546.18,7043.474073075919,-1497.2940730759183
2701.06,2623.049506230779,78.01049376922083
3492.33,2940.2992526541516,552.0307473458483
5489.29,3140.24351642218,2349.04648357782
439.4,1648.9736947721822,-1209.573694772182
2757.05,2580.237548871271,176.8124511287292
7450.37,4362.656629298097,3087.713370701903
921.24,1844.3959836781726,-923.1559836781726
980.27,1230.7152303051373,-250.44523030513733
2196.93,3898.046148529295,-1701.116148529295
8120.87,7806.936134876898,313.9338651231019
1677.19,2944.6927000939527,-1267.5027000939526
825.74,1510.0429516406396,-684.3029516406395
2603.36,3357.568509199134,-754.2085091991339
3420.31,2947.1396214942006,473.17037850579936
1784.7,2077.0286501417477,-292.32865014174763
1163.38,1840.282016803514,-676.9020168035138
3475.05,3441.173759818559,33.87624018144106
3127.72,2801.2059702779557,326.51402972204414
2067.56,2458.6492280326406,-391.0892280326407
4254.99,4350.325684971331,-95.33568497133092
1952.3,2583.065348733066,-630.765348733066
2242.86,1465.4593448880464,777.4006551119537
2679.78,4412.321327405505,-1732.541327405505
2084.6,2686.8794232326895,-602.2794232326896
4526.17,3362.0591451609125,1164.1108548390876
1355.73,2460.7301752895223,-1105.0001752895223
5483.06,5734.307769705882,-251.24776970588118
3910.16,3228.6901148645334,681.4698851354665
7192.4,4858.15593422506,2334.2440657749394
5419.0,5945.644186828254,-526.6441868282536
2345.75,2636.0428621512833,-290.2928621512833
2840.31,1796.220981428572,1044.089018571428
997.88,1470.5053339309989,-472.62533393099886
2491.84,1407.6514180680188,1084.1885819319814
3019.58,4603.107633693845,-1583.527633693845
7760.53,8680.856134047614,-920.3261340476138
4179.32,3305.871882035567,873.4481179644326
27487.66,6039.289855070843,21448.370144929155
801.17,1754.4702744339668,-953.3002744339668
4248.7,5293.998749589731,-1045.2987495897314
1657.43,1631.8841168423105,25.54588315768956
507.58,2274.7634429290115,-1767.1834429290116
2200.99,3264.4935110714287,-1063.5035110714289
2511.65,3142.116497902463,-630.4664979024628
3635.19,3083.846057684864,551.3439423151362
7858.45,4689.431789433395,3169.0182105666045
1363.37,1623.9221049501148,-260.5521049501149
4045.36,1818.8780477143496,2226.4819522856506
2805.29,3208.929601452226,-403.6396014522261
1431.79,1264.5570070777396,167.23299292226034
1010.25,1639.2727254536717,-629.0227254536717
960.84,1090.5867140351452,-129.74671403514515
1119.23,1767.4152201207526,-648.1852201207525
6560.66,7138.115922811334,-577.455922811334
687.84,1538.3105838339218,-850.4705838339218
1849.59,1490.8641929803073,358.72580701969264
699.27,1452.3546772195791,-753.0846772195791
4091.32,5666.442993256396,-1575.122993256396
2341.59,1212.9437626884787,1128.6462373115214
10056.25,2793.259267642416,7262.990732357584
886.65,2024.3395345543263,-1137.6895345543262
5702.67,7277.978098990981,-1575.3080989909813
4489.05,3262.3261606284727,1226.7238393715274
538.89,1504.6754431221243,-965.7854431221243
6538.16,2833.912571224966,3704.2474287750338
4718.11,3505.1640536982327,1212.945946301767
2029.81,2125.832497411964,-96.0224974119642
3191.49,1897.0421544465853,1294.4478455534145
2062.52,1565.4952922859038,497.02470771409617
1538.1,2180.072187729996,-641.9721877299962
3971.04,2280.994087972526,1690.045912027474
858.57,1557.2028715739493,-698.6328715739493
1168.89,1485.1643788806177,-316.27437888061763
5230.42,4382.09563684953,848.3243631504702
4204.68,1767.3510941055063,2437.328905894494
1645.23,1995.0416272672426,-349.81162726724256
4253.72,2827.8583748246706,1425.8616251753297
2711.89,2893.0070543674055,-181.11705436740567
4557.19,4921.942291581097,-364.7522915810978
4138.29,3140.96499938723,997.32500061277
2756.76,2166.555895593497,590.2041044065031
5319.73,3052.9223096754017,2266.807690324598
1749.02,1983.4208871852793,-234.40088718527932
1342.09,1862.2352615043737,-520.1452615043738
4058.68,3551.2212800928087,507.45871990719115
967.21,1161.4272747618706,-194.2172747618706
2276.06,1226.417492424586,1049.642507575414
3098.61,2697.1619431297404,401.44805687025973
5183.73,5390.665725462342,-206.93572546234282
4119.91,5448.531601321259,-1328.6216013212588
8451.99,3369.4469883253587,5082.543011674641
2095.02,4811.401895387501,-2716.381895387501
1133.15,1197.8016944681801,-64.65169446818004
4078.23,4468.059412864833,-389.82941286483265
4541.13,2571.626847863976,1969.5031521360243
3053.66,2959.422839545021,94.23716045497895
2410.09,2356.226345367537,53.863654632463295
2520.55,2200.4149350107173,320.1350649892829
1706.46,1399.3277326673995,307.1322673326006
1012.35,1828.9940399515588,-816.6440399515587
1166.59,6705.950611288239,-5539.360611288239
4146.01,7313.990904092094,-3167.9809040920936
1315.15,1725.2806470797989,-410.1306470797988
2649.77,1262.147517841309,1387.622482158691
1508.62,842.0432602842028,666.5767397157971
1538.39,4280.260906571082,-2741.870906571082
1539.26,1725.8684518899836,-186.6084518899836
3510.83,2297.615319908676,1213.2146800913238
1558.26,3192.6548642039243,-1634.3948642039243
416.86,919.5933826973559,-502.73338269735586
2184.15,1375.3184010318168,808.8315989681832
3944.2,2309.5161554297665,1634.6838445702333
441.76,1790.9319754944256,-1349.1719754944256
7449.58,6788.56697049956,661.0130295004401
1314.31,1245.9129247700655,68.39707522993444
1267.08,1682.0446704866827,-414.96467048668273
2126.3,4740.321901764516,-2614.021901764516
1935.7,4901.813431068925,-2966.113431068925
4829.17,4048.0565784045884,781.1134215954116
2073.03,1390.9633371866578,682.0666628133424
2554.61,2343.3685684231496,211.24143157685057
1882.84,1090.3394925284797,792.5005074715202
628.15,1368.7191645242501,-740.5691645242501
893.77,1180.5988554451094,-286.8288554451094
616.56,1310.5325587915852,-693.9725587915852
9448.17,6671.480193272554,2776.689806727446
1467.83,1620.5947179966865,-152.7647179966866
587.4,1602.7645981057183,-1015.3645981057183
778.72,1505.3317016903466,-726.6117016903465
2097.93,2584.4601901610527,-486.5301901610528
1352.4,2618.8122727439913,-1266.4122727439913
728.32,1636.2176109207116,-907.8976109207116
5506.23,7535.220378095235,-2028.9903780952354
1255.93,3182.860860866846,-1926.930860866846
891.59,1159.9184235287746,-268.3284235287746
4053.79,8061.749773268202,-4007.9597732682023
1298.48,2500.285753208263,-1201.805753208263
5794.98,5520.72389982529,274.2561001747099
2456.83,1677.2066290532352,779.6233709467647
4869.57,3710.4720016685123,1159.0979983314874
813.93,1821.495266693503,-1007.5652666935031
1011.97,2209.9382872148344,-1197.9682872148344
785.11,1233.29635189915,-448.18635189915005
729.09,1724.0104614117631,-994.9204614117631
1504.46,2277.8630095468307,-773.4030095468306
833.88,2130.125057221015,-1296.245057221015
792.51,1211.797044751206,-419.28704475120594
1190.48,2328.8312089157153,-1138.3512089157152
663.34,969.859054420355,-306.519054420355
2361.9,2807.8228819732713,-445.92288197327116
1890.4,2145.412720882535,-255.01272088253472
838.87,1005.6039180530282,-166.73391805302822
3140.73,1719.2373559720572,1421.4926440279428
6447.08,4727.433539977942,1719.646460022058
8719.86,4685.413904019751,4034.44609598025
796.67,2105.656145193547,-1308.9861451935471
3866.49,4810.6854880105875,-944.1954880105877
3456.67,3380.4773489447307,76.19265105526938
2140.0,2192.8828427470694,-52.88284274706939
986.67,1741.592651143586,-754.922651143586
1550.89,2018.957668077422,-468.067668077422
2495.75,4642.099276341713,-2146.3492763417134
3218.91,2447.531603237286,771.3783967627137
4056.82,2815.724753750001,1241.095246249999
1189.7,4154.611527218021,-2964.9115272180215
1702.36,2801.3334345824715,-1098.9734345824716
2106.77,2946.3920832480812,-839.6220832480813
1654.87,1038.5182015951216,616.3517984048783
2133.58,2496.212650152878,-362.6326501528779
2206.0,2993.163654725363,-787.1636547253629
3075.53,2375.1912396630014,700.3387603369988
1923.96,2949.231585491185,-1025.2715854911849
2308.02,3381.102514839615,-1073.0825148396152
1109.14,3801.827843685404,-2692.687843685404
573.4,1460.0035478356592,-886.6035478356592
6874.66,1935.6166861310892,4939.04331386891
11578.73,6849.750464669973,4728.979535330027
1585.4,1324.1324378908796,261.2675621091205
2225.47,2166.3784708402895,59.09152915971026
5255.6,3974.2477128987516,1281.3522871012487
3951.29,4307.397888598374,-356.1078885983743
7457.5,2709.453853268971,4748.046146731029
1125.77,1170.5180471755675,-44.748047175567535
1032.14,841.0296134126183,191.11038658738175
1814.65,2841.4365922349198,-1026.7865922349197
1348.85,3638.952820238782,-2290.102820238782
2769.47,1451.366037558842,1318.1039624411578
10155.14,7522.296290979437,2632.8437090205625
3581.41,2502.7545813997713,1078.6554186002286
2316.16,3215.586293829378,-899.4262938293782
984.41,1761.9278234284582,-777.5178234284582
4762.31,4280.186605652909,482.12339434709156
819.0,4099.487669389078,-3280.4876693890783
1150.46,1403.105989460377,-252.645989460377
5899.81,4895.83604728461,1003.9739527153906
889.26,1239.4429052459016,-350.18290524590157
2109.51,1315.776644534285,793.7333554657152
4800.65,5978.159010476841,-1177.5090104768415
3144.41,2652.7846059589856,491.62539404101426
601.32,1715.2753652182678,-1113.9553652182676
708.41,1156.1014480506708,-447.69144805067083
3456.7,1865.165779666973,1591.5342203330267
565.6,2174.078558287556,-1608.478558287556
1944.19,1419.282962549058,524.907037450942
3528.43,2891.709954066531,636.720045933469
2632.05,2123.287419182144,508.76258081785636
9956.48,5403.479417577474,4553.000582422525
2571.49,2999.8529952947847,-428.3629952947849
660.18,1519.9320621878846,-859.7520621878847
1122.38,1127.6912756212948,-5.311275621294726
2850.29,2480.4651674014244,369.82483259857554
1113.9,3640.5344731077685,-2526.6344731077684
742.8,1437.8450900131556,-695.0450900131557
1609.35,1995.4946879383306,-386.14468793833066
574.8,1196.0055172102027,-621.2055172102027
540.61,1284.4889549057102,-743.8789549057102
3170.54,2283.053978464182,887.486021535818
622.01,1591.5015840082353,-969.4915840082353
290.2,1389.4724208217965,-1099.2724208217965
2033.92,2660.0158608251477,-626.0958608251476
716.1,1504.8381052787108,-788.7381052787108
1099.1,1937.9139661529998,-838.8139661529999
1265.14,1274.0822889260605,-8.942288926060428
1025.96,4635.744437619584,-3609.7844376195835
916.16,1844.7580733412353,-928.5980733412354
2691.41,3237.5283973839623,-546.1183973839625
2660.19,3037.65519068698,-377.4651906869799
2714.75,3236.1986547239303,-521.4486547239303
521.37,1636.2813937064557,-1114.9113937064558
9260.84,10184.743670305827,-923.9036703058264
1538.5,1920.458115834319,-381.95811583431896
1690.67,6266.6950610283,-4576.0250610283
1054.29,2896.7301069458817,-1842.4401069458818
2368.48,1881.7428301436385,486.73716985636156
1705.07,2173.0146631355874,-467.94466313558746
754.38,2344.5662929612417,-1590.1862929612416
1360.43,3411.1127546480843,-2050.6827546480845
642.96,1205.9159828736736,-562.9559828736735
1031.93,1180.0182922611339,-148.0882922611338
914.55,2874.9108976808643,-1960.3608976808644
984.18,1678.1381963872846,-693.9581963872846
1330.33,1272.050315261416,58.27968473858391
613.38,1255.837352575533,-642.457352575533
19056.91,11344.722941273081,7712.187058726919
1595.75,1738.2913824785633,-142.54138247856326
9894.75,5459.513965732065,4435.236034267935
2794.65,2679.937557499029,114.71244250097106
1353.96,2530.766909664793,-1176.8069096647928
9515.63,10693.840499047621,-1178.2104990476219
1301.6,1242.1723260384297,59.427673961570235
3260.4,2313.5116797622786,946.8883202377215
2676.6,2683.136656135773,-6.536656135773228
1461.27,2217.70145089726,-756.4314508972602
1145.97,1750.721245338834,-604.751245338834
846.65,2372.814678605719,-1526.164678605719
2369.85,1809.813090886774,560.0369091132259
1070.78,2312.1183143548164,-1241.3383143548165
929.82,1852.6489824882226,-922.8289824882226
650.0,1531.2586440390887,-881.2586440390887
1788.89,1989.7693448042319,-200.87934480423178
12307.71,5436.221355389996,6871.488644610004
929.12,2978.023363194322,-2048.903363194322
1158.78,2780.2755144655966,-1621.4955144655967
1190.92,1354.3342735925867,-163.4142735925866
827.21,2527.458272999596,-1700.2482729995959
3855.78,2640.034191717381,1215.7458082826192
3149.09,1854.1724760680386,1294.9175239319616
919.55,2833.725200685089,-1914.175200685089
4545.51,5608.040327442959,-1062.5303274429589
1124.11,1105.410127374258,18.69987262574182
1295.96,1703.40207861659,-407.4420786165899
1550.86,2527.594241408376,-976.7342414083762
1322.41,2682.1641861767935,-1359.7541861767934
1451.91,3304.58533290747,-1852.6753329074697
2128.63,2830.037103151527,-701.4071031515268
1810.79,3153.093821050062,-1342.3038210500622
3002.52,2551.525849924243,450.9941500757568
1959.34,1482.5858212853186,476.7541787146813
1761.67,2678.4343584777507,-916.7643584777506
2905.53,1867.5710563533469,1037.9589436466533
2748.8,2018.9640226976067,729.8359773023935
3684.18,2434.646066281598,1249.5339337184018
778.22,1401.152082045472,-622.932082045472
5232.98,1675.1635842482447,3557.816415751755
3077.34,4046.8582474234345,-969.5182474234343
2292.48,1600.0443634353455,692.4356365646545
3869.94,4388.176893470982,-518.2368934709816
1352.51,890.1434602308874,462.3665397691126
10142.99,4419.420576324081,5723.569423675919
4247.48,4291.48736855246,-44.00736855246032
969.84,1236.378459321995,-266.538459321995
821.39,1128.3307099701615,-306.9407099701615
1056.57,1551.5063172053497,-494.9363172053497
2611.66,4015.354333873997,-1403.694333873997
2841.33,2462.583085261289,378.746914738711
1524.17,1357.8430465644467,166.32695343555338
1982.54,1902.4204469645742,80.11955303542572
2208.42,2236.533846857564,-28.113846857564113
4593.09,7049.3658510270925,-2456.2758510270924
1406.7,3365.3185124341417,-1958.6185124341416
1793.63,1825.98421687279,-32.35421687278995
3291.22,1595.209936388837,1696.0100636111629
1618.38,2836.5465394792823,-1218.1665394792822
1192.37,1543.9746916543165,-351.60469165431664
1564.73,1353.6962596848077,211.0337403151923
10408.04,4839.995124038132,5568.0448759618685
2275.26,2648.6315465552766,-373.3715465552764
1521.27,1899.487650148893,-378.217650148893
1074.59,2080.5349416882623,-1005.9449416882624
1387.43,2218.525722819533,-831.0957228195327
2192.61,1891.006237360291,301.6037626397092
720.84,3363.102326819562,-2642.262326819562
1580.26,2324.89243723568,-744.6324372356801
3804.07,3571.5541202459717,232.51587975402845
7201.26,4065.4746666442134,3135.785333355787
2741.45,2476.1059380593706,265.3440619406292
2636.91,2248.197608582272,388.71239141772776
1379.55,1658.2775961592165,-278.72759615921655
3562.24,2309.8081261848292,1252.4318738151705
2887.29,3143.5594526691934,-256.26945266919347
1363.6,1424.9546623031833,-61.35466230318343
7029.56,3232.7832034274115,3796.776796572589
1122.12,1215.969267790689,-93.84926779068905
1049.35,2117.702975582811,-1068.3529755828113
1109.34,2288.2693659451484,-1178.9293659451484
1530.65,5106.11208716131,-3575.46208716131
661.62,1877.870582305106,-1216.250582305106
3470.97,2333.280182054479,1137.6898179455206
1417.7,2034.4568888176575,-616.7568888176575
3729.06,5746.434974534159,-2017.3749745341588
1853.72,1748.6167501257255,105.10324987427452
1200.08,1825.2134306587595,-625.1334306587596
3420.73,3466.8071075302246,-46.077107530224566
473.0,912.9974947712919,-439.99749477129194
1186.28,2416.139781847769,-1229.859781847769
3871.07,3810.0854578438616,60.98454215613856
707.92,5162.50073905875,-4454.58073905875
8451.46,2703.140158292525,5748.319841707475
4865.38,4126.316091451065,739.0639085489347
3925.22,2391.068610067592,1534.1513899324077
1782.69,2444.038952964281,-661.3489529642811
10195.69,9643.200712133514,552.4892878664868
530.93,1504.4580785904636,-973.5280785904637
408.77,1383.6029532253235,-974.8329532253235
5179.27,3312.8797710100453,1866.3902289899552
3374.5,3257.3785924607087,117.12140753929134
5120.36,2712.3043703959765,2408.055629604023
661.85,2430.303715535901,-1768.4537155359012
2874.33,3060.2981243948334,-185.96812439483347
4013.09,4946.241689932932,-933.1516899329317
6367.62,9217.272542103174,-2849.652542103174
5439.05,2150.824696472361,3288.225303527639
8962.54,6231.680992014248,2730.859007985753
6439.91,4649.260408850598,1790.649591149402
7961.24,3743.6093944841127,4217.6306055158875
1238.77,1810.245673379912,-571.475673379912
2242.1,2369.665544802772,-127.56554480277191
1678.46,3751.056292860409,-2072.596292860409
10727.77,7575.416566973593,3152.3534330264074
2852.0,3214.1104180088646,-362.1104180088646
4536.01,5902.582902966642,-1366.5729029666418
2558.28,2944.2272326686216,-385.9472326686214
4807.95,3325.43230978275,1482.5176902172498
1706.81,3384.6679944047623,-1677.8579944047624
4541.33,2007.4178242988587,2533.912175701141
4563.26,6051.705805060313,-1488.4458050603125
4177.35,2669.048920976659,1508.3010790233416
1240.65,4658.056979585087,-3417.406979585087
2188.87,1991.1305085655965,197.73949143440336
1513.69,2117.595766388849,-603.9057663888489
10230.87,8398.476363223444,1832.3936367765564
908.9,1643.7198293568506,-734.8198293568506
725.9,831.6711986659996,-105.77119866599958
7351.31,6901.227341871635,450.08265812836544
944.89,1381.4091328935494,-436.51913289354945
1055.22,1323.8216463391163,-268.6016463391163
1850.71,1183.7477801590392,666.9622198409609
1337.61,1908.3978680243254,-570.7878680243255
280.0,3503.7002132370667,-3223.7002132370667
691.14,2559.5822121048545,-1868.4422121048547
10586.55,5490.7341906267675,5095.815809373232
1556.02,1623.4018320787122,-67.38183207871225
738.26,1600.6977895588539,-862.4377895588539
1160.23,1673.210920616791,-512.9809206167911
2298.23,5656.170498835088,-3357.9404988350884
2862.82,2098.4669090696016,764.3530909303986
13449.15,13382.160536230158,66.98946376984168
6231.23,3623.954824528405,2607.2751754715946
575.27,1381.7203103102993,-806.4503103102993
395.48,1341.8810247856845,-946.4010247856845
2704.81,2199.2024092071047,505.6075907928953
1735.44,2545.5463113761657,-810.1063113761656
1513.62,1295.6872762107262,217.93272378927372
563.69,1115.4862183647629,-551.7962183647628
5400.62,5171.992329110644,228.6276708893556
1447.62,2679.399317123894,-1231.779317123894
1920.99,4290.751768872321,-2369.761768872321
2655.23,3844.0297208471025,-1188.7997208471024
878.36,1625.0644392602799,-746.7044392602799
6798.49,4281.205973413204,2517.2840265867953
572.34,1960.9487872079308,-1388.6087872079306
454.74,1091.299930670297,-636.559930670297
7999.05,7276.300779989721,722.7492200102788
8598.83,4030.8767739982727,4567.953226001728
5307.02,5823.239891516818,-516.2198915168174
1105.75,3941.2875135397917,-2835.5375135397917
819.14,904.0130139187985,-84.8730139187985
5391.13,6350.601487615607,-959.4714876156067
1380.25,1195.1354942338983,185.11450576610173
1421.73,1246.0800066110917,175.64999338890834
1869.91,4188.998922037871,-2319.0889220378713
710.99,1359.9181999841683,-648.9281999841683
4521.77,2673.961697078589,1847.8083029214113
739.57,1152.535232422872,-412.96523242287196
1138.77,5354.824057698412,-4216.054057698411
2132.94,4237.356120073003,-2104.4161200730027
1311.11,2962.3820116411302,-1651.2720116411303
1383.17,1927.0287693719024,-543.8587693719023
1540.41,2242.494642003372,-702.084642003372
1152.54,2012.234499413098,-859.6944994130981
1488.7,1695.393512026262,-206.69351202626194
761.54,2830.2675566826133,-2068.7275566826133
1807.32,1910.471451616716,-103.15145161671603
935.55,1763.692350737925,-828.142350737925
2375.0,1436.0164830713918,938.9835169286082
4958.51,7418.593487256916,-2460.0834872569158
2704.93,2490.223107415966,214.706892584034
2579.35,2452.424679114149,126.92532088585085
1499.5,1621.0971872874097,-121.59718728740972
3678.16,2790.479326653103,887.680673346897
2093.66,4018.4337644257066,-1924.7737644257068
713.44,2745.844552396557,-2032.404552396557
12997.22,8792.960117246754,4204.259882753246
1134.17,3244.1904190944897,-2110.0204190944896
353.14,1701.8515958891903,-1348.7115958891904
2273.54,4277.399790175715,-2003.8597901757148
2384.35,3226.6655926761264,-842.3155926761265
2561.63,4797.73728531311,-2236.10728531311
2111.36,3928.21569687879,-1816.8556968787898
3700.3,2820.3277465544693,879.9722534455309
2095.67,1480.7074044741569,614.9625955258432
2194.04,2920.9328129999103,-726.8928129999103
2417.66,2743.237114504055,-325.5771145040553
1336.59,1287.3016847742488,49.28831522575115
1016.02,1135.901172150507,-119.88117215050693
2101.17,5564.088229778307,-3462.9182297783072
1866.67,1895.5828060456292,-28.912806045629168
3388.99,2647.738551357834,741.251448642166
1070.36,1423.9688447119008,-353.60884471190093
1319.12,2174.0564259505195,-854.9364259505196
15642.45,5506.41812287311,10136.03187712689
2483.74,3179.2752589843267,-695.5352589843269
2201.9,3184.302476468904,-982.4024764689038
655.27,1406.4091375628016,-751.1391375628016
1188.94,1748.132101401198,-559.192101401198
2205.07,3114.7258255856077,-909.6558255856075
1726.79,1526.0589399957128,200.7310600042872
2506.7,2160.044331225172,346.655668774828
1894.86,2878.7732568227184,-983.9132568227185
3295.93,3417.189592295866,-121.25959229586624
1240.96,2973.101567811498,-1732.1415678114981
2031.72,3721.9258953849267,-1690.2058953849266
1832.84,2601.8910533754856,-769.0510533754857
1310.98,1569.3418826181585,-258.36188261815846
1152.41,3730.07639930531,-2577.66639930531
1806.12,2801.3231034434134,-995.2031034434135
3236.08,4397.338944162492,-1161.2589441624923
1758.24,2271.930507065893,-513.6905070658929
3777.64,2012.859692894653,1764.7803071053468
1089.92,2171.2984522473243,-1081.3784522473243
1325.8,1430.5716019196275,-104.77160191962753
1509.11,1517.7513238659476,-8.641323865947697
3752.64,2127.070335188056,1625.5696648119438
2112.62,3312.6396425391595,-1200.0196425391596
2451.07,3004.0237564351746,-552.9537564351745
1084.09,2960.2537603763276,-1876.1637603763277
1385.33,2718.4911965842202,-1333.1611965842203
1205.32,1525.9699019166787,-320.6499019166788
701.73,1710.129068848673,-1008.3990688486729
1409.18,1275.129703897454,134.0502961025461
899.75,2128.8143355672983,-1229.0643355672983
4901.53,7269.581181736869,-2368.0511817368697
1372.7,1596.8746899897553,-224.17468998975528
7909.15,6931.2050560393545,977.9449439606451
378.8,1108.505622544346,-729.7056225443459
5129.28,2040.2319444831448,3089.048055516855
992.22,6012.899448179087,-5020.679448179087
2433.12,2592.889571870949,-159.76957187094922
1854.16,2764.0287939719738,-909.8687939719737
1661.85,1577.889594928429,83.9604050715709
2203.32,3518.775073352394,-1315.4550733523938
1599.18,4137.381526812282,-2538.2015268122814
900.9,1435.6083300519479,-534.7083300519479
7292.63,3874.1732751802915,3418.4567248197086
965.76,1451.2362295159253,-485.4762295159253
2833.03,1962.0909861492098,870.9390138507904
1050.46,1850.0448154678775,-799.5848154678774
1739.08,2374.1213983792595,-635.0413983792596
3364.34,3871.2365544755025,-506.8965544755024
2419.45,4148.9379817857125,-1729.4879817857127
593.96,2444.7264121831486,-1850.7664121831485
560.08,1443.2972083988016,-883.2172083988015
1286.41,2598.599522185576,-1312.189522185576
7277.65,7473.898751281384,-196.2487512813841
3152.5,6644.063337507491,-3491.5633375074913
3573.04,4026.406093833053,-453.3660938330531
2921.95,3999.3637760389724,-1077.4137760389726
1335.49,1878.8482210022557,-543.3582210022557
4783.4,2770.613259646333,2012.7867403536666
817.21,1840.1658663511998,-1022.9558663511998
6031.16,3398.805236134208,2632.354763865792
1832.5,2431.214732296215,-598.7147322962151
1961.14,2388.5880595346307,-427.4480595346306
3016.65,3178.8959813532215,-162.2459813532214
5902.91,7554.5585775637555,-1651.6485775637557
5645.65,3808.4324484473195,1837.21755155268
5965.94,3705.6866186461543,2260.2533813538453
860.83,1562.8264468691225,-701.9964468691225
618.25,1117.0022910118223,-498.7522910118223
889.61,1907.1728493492917,-1017.5628493492917
2342.97,2965.173743615496,-622.203743615496
2159.46,1411.2094823367106,748.2505176632894
2059.22,2492.9724270800507,-433.7524270800509
3368.7,5815.588792198138,-2446.8887921981386
2950.02,2591.2555342313235,358.7644657686765
2769.06,2228.124844715846,540.935155284154
1735.69,1485.889483339194,249.80051666080612
469.73,1550.7136789297072,-1080.9836789297071
1431.98,1380.530743270751,51.4492567292491
1178.72,1429.7047277673826,-250.98472776738254
8643.26,7578.818056904756,1064.441943095244
4822.47,3674.605899719286,1147.8641002807144
1616.12,2610.839543170524,-994.719543170524
1705.12,2233.3793782036596,-528.2593782036597
731.4,1198.0914934235952,-466.69149342359526
842.88,1740.8376019311681,-897.9576019311681
1163.16,1282.8020438186743,-119.64204381867421
3597.23,8609.889192709448,-5012.659192709449
2302.63,1845.8982065083512,456.7317934916489
3055.38,2067.6660480640853,987.7139519359148
2859.87,1762.3192906515476,1097.5507093484523
1073.01,1764.7294007627738,-691.7194007627738
7999.64,2415.0421982153384,5584.597801784662
949.94,1655.944664953243,-706.004664953243
1760.8,3038.1988004324694,-1277.3988004324694
2850.17,1134.3639842603159,1715.8060157396842
9247.98,5387.274695691296,3860.7053043087035
4153.03,5416.630307975703,-1263.600307975703
2048.51,1704.0716896290742,344.43831037092605
8544.17,6984.26112862257,1559.90887137743
1443.41,1823.41145195846,-380.00145195845994
8949.14,5825.611902672612,3123.5280973273875
2825.33,5535.0153121972,-2709.6853121972
1220.25,872.3958476969669,347.85415230303306
2522.31,3377.8305281102,-855.5205281101998
2120.04,1712.0367875414927,408.0032124585073
5290.08,8696.561981109517,-3406.4819811095167
1638.16,3056.09702769441,-1417.9370276944098
3616.44,3998.7557453391114,-382.31574533911134
898.57,2263.4847572360222,-1364.914757236022
8009.03,1391.7988729289675,6617.2311270710325
2685.63,3567.737561842899,-882.107561842899
4107.17,2615.9579737966696,1491.2120262033304
1662.82,1817.7185662837117,-154.89856628371172
708.67,1275.41734047953,-566.74734047953
5231.78,3990.9069463607016,1240.8730536392982
2548.7,2505.4742585093622,43.225741490637574
24413.42,8819.146962720126,15594.273037279872
7114.74,5906.4820136940825,1208.2579863059173
892.61,1929.157656880205,-1036.547656880205
2974.87,3280.280883604076,-305.41088360407593
1932.29,1463.3381359309933,468.95186406900666
445.4,1163.7692354786577,-718.3692354786577
2597.77,3379.2509188628032,-781.4809188628033
3743.98,1985.2359754558208,1758.7440245441792
1101.54,1409.8175474812035,-308.27754748120356
7172.56,5753.538957644196,1419.0210423558046
5708.02,5219.056807932584,488.96319206741646
889.18,1317.7884999681212,-428.60849996812124
1372.11,1966.6468681302106,-594.5368681302107
2577.34,2276.998497462847,300.34150253715325
1547.39,1967.6717905900857,-420.2817905900856
5180.89,3401.059927441261,1779.8300725587392
830.75,1378.6634213726513,-547.9134213726513
941.82,1772.5158706562042,-830.6958706562042
2514.33,2386.068591224426,128.26140877557373
1155.42,1981.814990007847,-826.3949900078469
950.67,2429.4525731987924,-1478.7825731987923
1807.52,1699.8158575376553,107.70414246234463
8393.33,4125.928573845082,4267.401426154918
7109.46,6087.541294369422,1021.9187056305782
2743.61,3655.098916725156,-911.4889167251558
6456.41,4787.397044167254,1669.0129558327462
1189.21,1729.0570166349107,-539.8470166349107
1883.74,1571.9186908055324,311.82130919446763
1416.18,1462.5825795557453,-46.402579555745206
1873.04,1186.1753334810785,686.8646665189215
2823.12,2237.2225399882677,585.8974600117322
2472.39,2592.2552842680097,-119.86528426800987
1130.26,1267.1449177995034,-136.88491779950346
1680.15,1553.032582245035,127.11741775496512
750.0,3631.7520936497417,-2881.7520936497417
294.53,1685.9119013973789,-1391.381901397379
1154.53,1831.1012562294718,-676.5712562294718
1495.96,2275.1554595447424,-779.1954595447423
9680.64,10377.35647583333,-696.7164758333311
899.95,1789.4604839866493,-889.5104839866492
740.93,1571.882889561121,-830.952889561121
2571.78,2058.940490784258,512.839509215742
7650.93,5340.8126682928705,2310.11733170713
1066.26,1234.9758738236228,-168.71587382362281
740.48,2456.1484218375467,-1715.6684218375467
1041.8,1568.8947795465929,-527.0947795465929
1568.68,2430.363637015037,-861.683637015037
1623.7,2120.982420419352,-497.28242041935187
574.9,1115.9659016147596,-541.0659016147596
2680.06,3274.053045443619,-593.9930454436189
567.69,1625.0707051198365,-1057.3807051198364
10377.15,8188.639549652891,2188.5104503471084
666.03,1465.8354877162556,-799.8054877162556
1960.04,1108.6202826571682,851.4197173428317
4519.79,2135.8548821284326,2383.9351178715674
2073.63,1296.6371830743003,776.9928169256998
2120.56,2471.146135025033,-350.58613502503295
829.3,1841.0408081990906,-1011.7408081990907
3620.07,2844.102866681908,775.9671333180922
2117.98,1838.958304182095,279.0216958179051
1134.65,2196.22239624167,-1061.57239624167
3184.0,2382.1464465048293,801.8535534951707
3878.31,8524.208529716561,-4645.898529716562
1536.19,2518.473187639768,-982.2831876397681
9837.38,4529.2984719093465,5308.081528090653
644.29,1081.6339455581165,-437.3439455581165
8123.29,5337.375215725322,2785.914784274678
183.13,6343.991942090569,-6160.861942090569
1621.92,1815.4641391811997,-193.54413918119963
3799.33,1623.382264375535,2175.947735624465
5058.87,2968.272798027629,2090.597201972371
1878.3,1932.4695735707573,-54.16957357075739
14019.98,12028.352835714286,1991.6271642857137
3143.17,2460.312563803168,682.8574361968322
2770.24,2445.748963197907,324.4910368020928
3101.01,3415.5353491681367,-314.5253491681365
1001.06,1536.2960757586097,-535.2360757586098
5703.81,5581.285245526478,122.52475447352208
2468.03,2391.696643216327,76.33335678367303
1387.61,3514.5913744048826,-2126.9813744048824
4673.61,3817.108095552996,856.5019044470037
6867.31,4239.591133550082,2627.718866449918
4483.61,5234.726947197087,-751.116947197087
8700.51,3209.2304992964255,5491.279500703575
3882.54,4058.6775945186173,-176.13759451861733
909.65,1711.2024415124283,-801.5524415124283
3529.67,4158.0267992954,-628.3567992954004
2509.07,1626.7614547856572,882.308545214343
3202.97,2624.006086934924,578.9639130650758
21481.7,7326.256724761906,14155.443275238094
881.56,1294.3039495108062,-412.74394951080626
2409.87,2813.623054675454,-403.7530546754542
5293.9,3317.1624982123817,1976.737501787618
1444.4,2992.1193807738437,-1547.7193807738436
3905.8,3250.439129210293,655.3608707897074
2338.51,3334.5251601591062,-996.015160159106
2547.83,2364.5718971808546,183.25810281914528
2132.86,2327.613700968508,-194.75370096850793
1622.92,1142.8285005272164,480.09149947278365
1363.12,3010.0290003115542,-1646.9090003115543
834.0,3060.604365735253,-2226.604365735253
